group,model,case,targets,nmse,nmse_db,median_nmse_db,p90_nmse_db,energy_weighted_nmse_db,complex_cosine,real_cosine,zero_prediction_cosines,amplitude_nmse_db,phase_aligned_nmse_db,worst_one_pct_error_share
near_los,W,all_dense,2592,0.13767164618149552,-8.611554945642109,-12.599923001163827,-4.159841386264012,-8.510532262769656,0.9316683243623088,0.9288948970669385,0,-11.91973141821662,-8.781726572845116,0.06944898253006174
near_los,W,all_sparse,2592,0.18651581243711354,-7.292843436779231,-11.878800704472674,-2.230582652916524,-7.221585478045829,0.9061052192787776,0.9010444215723425,0,-11.32019422909486,-7.5139711291800015,0.05719782271153887
near_los,W,csi_32,2592,0.13767164618149552,-8.611554945642109,-12.599923001163827,-4.159841386264012,-8.510532262769656,0.9316683243623088,0.9288948970669385,0,-11.91973141821662,-8.781726572845116,0.06944898253006174
near_los,W,csi_4,2592,0.18651581243711354,-7.292843436779231,-11.878800704472674,-2.230582652916524,-7.221585478045829,0.9061052192787776,0.9010444215723425,0,-11.32019422909486,-7.5139711291800015,0.05719782271153887
near_los,W,csi_8,2592,0.15656385979065096,-8.053084804956992,-12.380691583061797,-3.3943001731616724,-7.971489162040805,0.9221249140143488,0.9183946500565578,0,-11.634699086105474,-8.25100205087053,0.061882740268553234
near_los,W,default,2592,0.14262810194256667,-8.45794897231815,-12.548018838032654,-3.9510750694427923,-8.361622942298201,0.9291442703895578,0.9260686778669962,0,-11.846230930316388,-8.638632214527508,0.0672596901048815
near_los,W,mismatched_motion,2592,0.14262810194256667,-8.45794897231815,-12.548018838032654,-3.9510750694427923,-8.361622942298201,0.9291442703895578,0.9260686778669962,0,-11.846230930316388,-8.638632214527508,0.0672596901048815
near_los,W,mismatched_rgb,2592,0.14262810194256667,-8.45794897231815,-12.548018838032654,-3.9510750694427923,-8.361622942298201,0.9291442703895578,0.9260686778669962,0,-11.846230930316388,-8.638632214527508,0.0672596901048815
near_los,W,motion_16,2592,0.14262810194256667,-8.45794897231815,-12.548018838032654,-3.9510750694427923,-8.361622942298201,0.9291442703895578,0.9260686778669962,0,-11.846230930316388,-8.638632214527508,0.0672596901048815
near_los,W,motion_2,2592,0.14262810194256667,-8.45794897231815,-12.548018838032654,-3.9510750694427923,-8.361622942298201,0.9291442703895578,0.9260686778669962,0,-11.846230930316388,-8.638632214527508,0.0672596901048815
near_los,W,offgrid_queries,2592,0.14705432697865134,-8.325221921341003,-12.19634061370866,-3.837396376971392,-8.206614196482002,0.926139248768363,0.923564273507222,0,-11.785063046041826,-8.469259295854677,0.06321394886046561
near_los,W,pattern_bursty,2592,0.14780968079121828,-8.302971209038262,-12.157536369442594,-3.807341003377282,-8.21901984292744,0.9263394127857806,0.9232206352137869,0,-11.781849328520092,-8.479330501930333,0.06466551036547999
near_los,W,pattern_gap,2592,0.1431104405764211,-8.443286812693996,-12.351139276203716,-3.9662064880371766,-8.347003756954983,0.929056972607436,0.9260239391819031,0,-11.825484987896992,-8.62191195032766,0.06692006011255591
near_los,W,pattern_recent,2592,0.14702355254897193,-8.326130875463205,-12.155242265338655,-3.8991338901672554,-8.271278965398452,0.9263958812270774,0.9234496400275162,0,-11.722523923966616,-8.491337761667799,0.06507939797690866
near_los,W,pattern_uniform,2592,0.14160172553076342,-8.48931454386907,-12.473361705107884,-4.062927001834474,-8.388412014129186,0.9296823483576525,0.9267475794627965,0,-11.870255826505652,-8.664020196802483,0.06783356750454855
near_los,W,rgb_10,2592,0.14262810194256667,-8.45794897231815,-12.548018838032654,-3.9510750694427923,-8.361622942298201,0.9291442703895578,0.9260686778669962,0,-11.846230930316388,-8.638632214527508,0.0672596901048815
near_los,W,rgb_2,2592,0.14262810194256667,-8.45794897231815,-12.548018838032654,-3.9510750694427923,-8.361622942298201,0.9291442703895578,0.9260686778669962,0,-11.846230930316388,-8.638632214527508,0.0672596901048815
near_los,W,wrong_uniform_clocks,2592,0.1441338416634994,-8.41234037769124,-12.364278619055911,-3.9364778913117537,-8.311736904676195,0.9283477803652195,0.9252919754609439,0,-11.829846974013055,-8.589871278079546,0.0664945919994946
near_los,WM,all_dense,2592,0.13757608901835752,-8.614570407352943,-12.649201107870777,-4.093750053334666,-8.513146232827994,0.9316748620006422,0.9288691836071635,0,-11.927011214766344,-8.786499898270234,0.06925572986990483
near_los,WM,all_sparse,2592,0.1854303280088547,-7.318192334616361,-11.913373957994411,-2.267983378005435,-7.24770632204263,0.9068432918528999,0.9018203903771681,0,-11.32615040444753,-7.539236878604886,0.057318075199753286
near_los,WM,csi_32,2592,0.1375664999723596,-8.614873120922702,-12.64795134408179,-4.096704054630451,-8.513474813125146,0.931680909753278,0.928875496194113,0,-11.926924982986794,-8.786806756162393,0.06926324774547969
near_los,WM,csi_4,2592,0.18537960749828422,-7.319380417021291,-11.922958565158652,-2.2544120248918817,-7.248997622975034,0.9068621449441066,0.9018471306379113,0,-11.327722321990173,-7.540196901732052,0.0572804144843716
near_los,WM,csi_8,2592,0.15659296784500193,-8.052277447984103,-12.43034406265748,-3.3643352121947903,-7.971311895849413,0.9222304400228144,0.918464294614291,0,-11.634139028403025,-8.252542444253937,0.06266392288982267
near_los,WM,default,2592,0.14258731774115543,-8.459191005709059,-12.552605011412151,-3.8521003534672364,-8.362520356089558,0.9291577116504589,0.9260403222860738,0,-11.847761217843953,-8.642222402821979,0.06704814983831614
near_los,WM,mismatched_motion,2592,0.14258623791177946,-8.459223895430428,-12.600840207506355,-3.9002113848734665,-8.36306679527371,0.9292421771632668,0.9260936953633537,0,-11.86173198746534,-8.644601880849896,0.06713499852280082
near_los,WM,mismatched_rgb,2592,0.14258731774115543,-8.459191005709059,-12.552605011412151,-3.8521003534672364,-8.362520356089558,0.9291577116504589,0.9260403222860738,0,-11.847761217843953,-8.642222402821979,0.06704814983831614
near_los,WM,motion_16,2592,0.1425942549489565,-8.45897971638626,-12.55054016702761,-3.850638103305994,-8.362274458693689,0.9291521299872646,0.9260352180847234,0,-11.848127160710371,-8.641962514949235,0.06704238557380184
near_los,WM,motion_2,2592,0.14261054307055526,-8.45848366292659,-12.556080213936117,-3.849447886053655,-8.3617884750088,0.9291493952524437,0.9260309159125761,0,-11.847090320148526,-8.64156016913847,0.06704269353810415
near_los,WM,offgrid_queries,2592,0.1465429127850463,-8.340351803833348,-12.18694927292763,-3.819802332158067,-8.221971124873573,0.9263910197786777,0.9237924885554709,0,-11.80307149974074,-8.486159021446804,0.06284225023835922
near_los,WM,pattern_bursty,2592,0.14734991296402555,-8.316501163410638,-12.281125811813299,-3.7906745117048315,-8.234049730309588,0.9265788849889655,0.9234486905436197,0,-11.796747490577369,-8.493912292925794,0.06494766764703469
near_los,WM,pattern_gap,2592,0.14291633854428942,-8.44918118766688,-12.387469025668318,-3.9529131268937783,-8.352806022121216,0.9291856675684573,0.9261462169799763,0,-11.828344674720032,-8.628448024098246,0.06677113465532168
near_los,WM,pattern_recent,2592,0.14618260898110425,-8.351042913507614,-12.172851838749256,-3.901011081054792,-8.29743832283335,0.9268022166441084,0.9238975833181184,0,-11.756945857218291,-8.51474525109287,0.06514468712017554
near_los,WM,pattern_uniform,2592,0.14051352259319783,-8.52281878570231,-12.663267225672817,-4.0481412411528375,-8.41996708092201,0.9301296902361678,0.9272239408619175,0,-11.892989638113402,-8.696836157187597,0.06807363573090869
near_los,WM,rgb_10,2592,0.14258731774115543,-8.459191005709059,-12.552605011412151,-3.8521003534672364,-8.362520356089558,0.9291577116504589,0.9260403222860738,0,-11.847761217843953,-8.642222402821979,0.06704814983831614
near_los,WM,rgb_2,2592,0.14258731774115543,-8.459191005709059,-12.552605011412151,-3.8521003534672364,-8.362520356089558,0.9291577116504589,0.9260403222860738,0,-11.847761217843953,-8.642222402821979,0.06704814983831614
near_los,WM,wrong_uniform_clocks,2592,0.14417514408230458,-8.411096059020238,-12.458517533646344,-3.889174038522438,-8.309726759330845,0.9283160623359606,0.9252223538678488,0,-11.829086145097346,-8.590621575459897,0.06625479028244442
near_los,WI,all_dense,2592,0.13712409564922456,-8.628862236348922,-12.620470491549584,-4.17073515136941,-8.527672520185366,0.9319015702894532,0.9291580323925643,0,-11.9370014765569,-8.797846515553566,0.06962285301472401
near_los,WI,all_sparse,2592,0.1860612607439505,-7.303440406063451,-11.894084022661644,-2.2538622348888913,-7.232711763736452,0.9062377484051951,0.9011985961113055,0,-11.316128379744583,-7.523454500837442,0.056929678962967564
near_los,WI,csi_32,2592,0.13712485299835803,-8.628838249927012,-12.62614266993274,-4.169827879482849,-8.527628257200622,0.9319019442389429,0.9291589958526204,0,-11.936584503805092,-8.797785182297392,0.06962139839296673
near_los,WI,csi_4,2592,0.1859504822628205,-7.306026909602376,-11.902027814472888,-2.2379166439737244,-7.235324535625604,0.9063050363231144,0.9012704013222972,0,-11.316942472106351,-7.52602526897806,0.05694666411797347
near_los,WI,csi_8,2592,0.15631418728455326,-8.060016030443123,-12.370297344231503,-3.398962885331726,-7.978585749339087,0.9222126508077445,0.9184926086550389,0,-11.64221310274674,-8.257610991384611,0.062074391944294365
near_los,WI,default,2592,0.14226832454255747,-8.468917830336135,-12.583460411499725,-3.9539592045094416,-8.371965534687961,0.9293046843860304,0.9262349408921967,0,-11.855742695916046,-8.649551107330694,0.06732208147081832
near_los,WI,mismatched_motion,2592,0.14226832454255747,-8.468917830336135,-12.583460411499725,-3.9539592045094416,-8.371965534687961,0.9293046843860304,0.9262349408921967,0,-11.855742695916046,-8.649551107330694,0.06732208147081832
near_los,WI,mismatched_rgb,2592,0.14228337296959903,-8.4684584797936,-12.581562548077576,-3.948130674807038,-8.37152472351756,0.929297111452423,0.9262273582474181,0,-11.855349325027657,-8.649073142250613,0.06731557805291258
near_los,WI,motion_16,2592,0.14226832454255747,-8.468917830336135,-12.583460411499725,-3.9539592045094416,-8.371965534687961,0.9293046843860304,0.9262349408921967,0,-11.855742695916046,-8.649551107330694,0.06732208147081832
near_los,WI,motion_2,2592,0.14226832454255747,-8.468917830336135,-12.583460411499725,-3.9539592045094416,-8.371965534687961,0.9293046843860304,0.9262349408921967,0,-11.855742695916046,-8.649551107330694,0.06732208147081832
near_los,WI,offgrid_queries,2592,0.14645848290392088,-8.342854688327067,-12.162304528708487,-3.876111521501927,-8.223885590040748,0.9264247157090387,0.9238627085101803,0,-11.803984155265132,-8.48666643230368,0.06321033210902553
near_los,WI,pattern_bursty,2592,0.14718320727673173,-8.321417375737836,-12.256199609463664,-3.8527072070959956,-8.23768142496858,0.9266256724507795,0.9235423733287467,0,-11.790239655517983,-8.496412818866384,0.06481456013892216
near_los,WI,pattern_gap,2592,0.14250127732150103,-8.461812428049916,-12.350188016410327,-3.9826535608306606,-8.365988370414506,0.929337971820326,0.9263473622997395,0,-11.843377253538323,-8.638740061481831,0.06709729812864325
near_los,WI,pattern_recent,2592,0.14625988281618998,-8.348747788695345,-12.164402927651771,-3.986665181335108,-8.293673323876584,0.9267831943165722,0.9238845838821479,0,-11.741780829369361,-8.511911177090772,0.06534354626527823
near_los,WI,pattern_uniform,2592,0.14054937976585533,-8.521710665621319,-12.528405851976805,-4.087275911095335,-8.42043892685103,0.9301417980358464,0.9272665952510324,0,-11.895853581540967,-8.694272662294441,0.06818581560951632
near_los,WI,rgb_10,2592,0.14226740546677302,-8.468945886534323,-12.584440421769918,-3.9475831606618517,-8.372035819514718,0.9293015355488109,0.9262323045917366,0,-11.856509201823764,-8.64955347832034,0.06732517937351397
near_los,WI,rgb_2,2592,0.14229819824878193,-8.468005988304425,-12.571499240065705,-3.9412733729496425,-8.37093319054121,0.929295312513849,0.9262218693694303,0,-11.855365694101927,-8.648780604259104,0.06731257922702051
near_los,WI,wrong_uniform_clocks,2592,0.143712725187953,-8.425047751209718,-12.431283661990662,-3.9381593672065405,-8.323984092127345,0.9285381929877823,0.9254948914034209,0,-11.842337095289665,-8.602314228511739,0.0665858195055031
near_los,WMI,all_dense,2592,0.13755105197852477,-8.615360838150368,-12.679728152779466,-4.061073693865017,-8.515171418263753,0.9316563803618875,0.928877329572226,0,-11.940391307675446,-8.785824593628927,0.06913646788394281
near_los,WMI,all_sparse,2592,0.18651618466159492,-7.292834769692249,-11.899105372053304,-2.233915939394167,-7.224748968733935,0.9063333584082289,0.90128873106712,0,-11.292596733497307,-7.513615544767802,0.057215999039212685
near_los,WMI,csi_32,2592,0.13756777655340596,-8.6148328197206,-12.664976013973913,-4.045586673658364,-8.51466388412223,0.9316494255293175,0.928870465497591,0,-11.939045474776918,-8.78527023721698,0.06913231014989175
near_los,WMI,csi_4,2592,0.18639317185538687,-7.295700012086614,-11.915633092168163,-2.2485663192716525,-7.227742150408012,0.9064096546937339,0.9013665835372826,0,-11.293149731258934,-7.516675837724885,0.057183405442459416
near_los,WMI,csi_8,2592,0.15723200379705718,-8.034590508041035,-12.397362232681953,-3.3229458542209915,-7.955396790634557,0.9219359755479318,0.9181507279869395,0,-11.62078834755575,-8.23536470487231,0.06283719251989331
near_los,WMI,default,2592,0.14274637313855068,-8.454349173793059,-12.559583099154004,-3.866301437356407,-8.35850252230464,0.9290728826657085,0.9259564591966304,0,-11.850844718689446,-8.637203968008784,0.06684217095712375
near_los,WMI,mismatched_motion,2592,0.14306152511647763,-8.444771494429936,-12.605163606533534,-3.827693583166486,-8.35004156606679,0.9290248765427045,0.9258696094992181,0,-11.862656558381667,-8.630185904564327,0.06674202301648101
near_los,WMI,mismatched_rgb,2592,0.1427507015639966,-8.454217486889533,-12.558368045277359,-3.871843798673959,-8.358361947687381,0.9290709872215762,0.9259538959028452,0,-11.850746111848338,-8.637105143158358,0.06683843500752733
near_los,WMI,motion_16,2592,0.14274616765447595,-8.454355425487027,-12.56625270911989,-3.8565157066308577,-8.358496313865881,0.9290706566380365,0.9259548760061688,0,-11.851113297419296,-8.637160465883673,0.06683999496882449
near_los,WMI,motion_2,2592,0.14276967546016,-8.4536402770594,-12.564675009616785,-3.8603364942901255,-8.357779298894185,0.9290642335340039,0.9259470585980395,0,-11.850000934548842,-8.636521696810862,0.06683745304160148
near_los,WMI,offgrid_queries,2592,0.14632706082911837,-8.346753506895263,-12.14556117473127,-3.808933255467693,-8.229990088112654,0.9265187665438442,0.9239234829407998,0,-11.821621021266886,-8.492729804019648,0.06275306538549472
near_los,WMI,pattern_bursty,2592,0.14740133199237324,-8.314985919564522,-12.253528911305098,-3.7731542063146484,-8.233848058513324,0.9265362107792207,0.923417916600124,0,-11.797373456973972,-8.491826571964536,0.06495530463163578
near_los,WMI,pattern_gap,2592,0.14275347008106942,-8.45413326033124,-12.408434260000087,-3.995830724408402,-8.359240946357781,0.9292670350522255,0.9262613524120804,0,-11.840762246613298,-8.631855056565831,0.06681794263517564
near_los,WMI,pattern_recent,2592,0.14624026536235926,-8.349330335542826,-12.134720833723069,-3.8996509363033094,-8.296713392060795,0.926716391012873,0.9238142637451862,0,-11.769817686026702,-8.512616880218268,0.06527805868124487
near_los,WMI,pattern_uniform,2592,0.14015275507903244,-8.533983605946652,-12.594273058700196,-4.010320706442448,-8.43182373665281,0.9302577922415471,0.9274004133659748,0,-11.912745770565357,-8.705759075886363,0.06811504848710105
near_los,WMI,rgb_10,2592,0.14273513979041821,-8.454690952919817,-12.565502094180394,-3.865321672308437,-8.358823599378386,0.9290777276134193,0.9259616651800361,0,-11.851593510013236,-8.637545853139045,0.06684756743667036
near_los,WMI,rgb_2,2592,0.1427459937476902,-8.454360716473445,-12.573362819821634,-3.858589309521957,-8.358342436112737,0.9290765877837601,0.9259592033499375,0,-11.851238177319466,-8.637253144848842,0.06685763334352801
near_los,WMI,wrong_uniform_clocks,2592,0.1442058422350339,-8.410171446163089,-12.464006605414916,-3.8485952361858837,-8.309703956996806,0.928288154797983,0.925203356364552,0,-11.836626353561893,-8.589291336509984,0.06610957542484681
far_los,W,all_dense,2592,0.04001617157523989,-13.977644635079107,-18.92805552170193,-10.341697316331619,-13.819523486515424,0.9805401945472904,0.9799977364080734,0,-17.497045023938583,-14.091526896733274,0.15365076452726853
far_los,W,all_sparse,2592,0.044448498903269455,-13.521429012637318,-18.07159797961225,-9.590949452388768,-13.436868546764792,0.9783215137288528,0.9778045067629413,0,-17.306004070665463,-13.620306083643012,0.1298690478284675
far_los,W,csi_32,2592,0.04001617157523989,-13.977644635079107,-18.92805552170193,-10.341697316331619,-13.819523486515424,0.9805401945472904,0.9799977364080734,0,-17.497045023938583,-14.091526896733274,0.15365076452726853
far_los,W,csi_4,2592,0.044448498903269455,-13.521429012637318,-18.07159797961225,-9.590949452388768,-13.436868546764792,0.9783215137288528,0.9778045067629413,0,-17.306004070665463,-13.620306083643012,0.1298690478284675
far_los,W,csi_8,2592,0.04190924239451619,-13.776901899620276,-18.62369580847966,-9.967002696952608,-13.657825363504717,0.9795648373216097,0.9790244317464125,0,-17.407617083724954,-13.88543511374639,0.13989364113513525
far_los,W,default,2592,0.04048787684005906,-13.926749967762323,-18.726870146391462,-10.232209364681303,-13.770596850039581,0.9802930764672539,0.979744122537433,0,-17.47307625720755,-14.040298836708212,0.14873264922824442
far_los,W,mismatched_motion,2592,0.04048787684005906,-13.926749967762323,-18.726870146391462,-10.232209364681303,-13.770596850039581,0.9802930764672539,0.979744122537433,0,-17.47307625720755,-14.040298836708212,0.14873264922824442
far_los,W,mismatched_rgb,2592,0.04048787684005906,-13.926749967762323,-18.726870146391462,-10.232209364681303,-13.770596850039581,0.9802930764672539,0.979744122537433,0,-17.47307625720755,-14.040298836708212,0.14873264922824442
far_los,W,motion_16,2592,0.04048787684005906,-13.926749967762323,-18.726870146391462,-10.232209364681303,-13.770596850039581,0.9802930764672539,0.979744122537433,0,-17.47307625720755,-14.040298836708212,0.14873264922824442
far_los,W,motion_2,2592,0.04048787684005906,-13.926749967762323,-18.726870146391462,-10.232209364681303,-13.770596850039581,0.9802930764672539,0.979744122537433,0,-17.47307625720755,-14.040298836708212,0.14873264922824442
far_los,W,offgrid_queries,2592,0.03217027676027084,-14.925452028549026,-18.89313914885987,-11.294138455178501,-14.892435580205149,0.9844350176131319,0.9840777018768602,0,-18.641357412808993,-15.018219709476723,0.1466487003137417
far_los,W,pattern_bursty,2592,0.04117022982061727,-13.854167086753987,-18.441785644797758,-10.149431111771197,-13.698828893962203,0.9800038891676185,0.9794730679802807,0,-17.519412389455894,-13.96279134978906,0.14823973723498998
far_los,W,pattern_gap,2592,0.040449353093182434,-13.930884196711839,-18.49899853628452,-10.43603132615808,-13.77929586287243,0.9802830789195418,0.9797423281873938,0,-17.470145913630446,-14.043064739618776,0.14737924483630735
far_los,W,pattern_recent,2592,0.03837410770255834,-14.159617098694284,-18.239366740067457,-10.871389153635889,-14.0234800271106,0.981264863392144,0.9808344756822968,0,-17.698739882881046,-14.253877911789942,0.14754700571040957
far_los,W,pattern_uniform,2592,0.0415487625378219,-13.814419064406058,-19.001559784796704,-10.047187799515251,-13.682941434691996,0.9797168236328387,0.9791520418216273,0,-17.423721768934527,-13.928356107692572,0.14749145091558416
far_los,W,rgb_10,2592,0.04048787684005906,-13.926749967762323,-18.726870146391462,-10.232209364681303,-13.770596850039581,0.9802930764672539,0.979744122537433,0,-17.47307625720755,-14.040298836708212,0.14873264922824442
far_los,W,rgb_2,2592,0.04048787684005906,-13.926749967762323,-18.726870146391462,-10.232209364681303,-13.770596850039581,0.9802930764672539,0.979744122537433,0,-17.47307625720755,-14.040298836708212,0.14873264922824442
far_los,W,wrong_uniform_clocks,2592,0.04026654510646144,-13.950556315191365,-18.795687783849317,-10.267176724724807,-13.792962958913835,0.9803875322500546,0.9798398264363368,0,-17.49734960926094,-14.064546090445972,0.14951145602759386
far_los,WM,all_dense,2592,0.04109094012074379,-13.862539223891218,-19.0094704704565,-10.063959873386688,-13.716471930366794,0.9800431935221965,0.9794785963493351,0,-17.346187394268274,-13.977552561367702,0.15145976934252103
far_los,WM,all_sparse,2592,0.046229808100199395,-13.350779093133234,-18.146976146662738,-9.268439660648509,-13.286124674303611,0.9774381760338864,0.9768835413542568,0,-16.98648984922688,-13.452767770747297,0.12734535138517536
far_los,WM,csi_32,2592,0.04109407206323421,-13.862208218199125,-19.001462570307794,-10.09174880079205,-13.716185647635399,0.9800420794583582,0.9794776865291616,0,-17.346380589103784,-13.977149496733574,0.15144197510143184
far_los,WM,csi_4,2592,0.046240407298930246,-13.349783491788152,-18.14644701805873,-9.30330595809982,-13.285195215138508,0.9774329033041284,0.9768777350367118,0,-16.985074678608363,-13.451812704272184,0.12725305257979605
far_los,WM,csi_8,2592,0.04358384135653964,-13.606744949152038,-18.67891348114933,-9.595556319945192,-13.507030990311765,0.9787461790000128,0.9781680618496728,0,-17.147207776005505,-13.718030446469738,0.136701445973197
far_los,WM,default,2592,0.04171924223098687,-13.796635884978965,-18.89414109984413,-9.89518969775078,-13.655379010834984,0.9797149246801261,0.9791362256162756,0,-17.286055308957103,-13.912389010411273,0.14661422954441833
far_los,WM,mismatched_motion,2592,0.041641107263505464,-13.8047773084169,-18.695986813250517,-9.966563037712044,-13.65984844709274,0.9798292435111977,0.979265817830505,0,-17.26460357509863,-13.917401408086928,0.14586808849925048
far_los,WM,mismatched_rgb,2592,0.04171924223098687,-13.796635884978965,-18.89414109984413,-9.89518969775078,-13.655379010834984,0.9797149246801261,0.9791362256162756,0,-17.286055308957103,-13.912389010411273,0.14661422954441833
far_los,WM,motion_16,2592,0.04171707577775918,-13.796861417146433,-18.898791121711746,-9.897977723722068,-13.655598994761204,0.979715092457347,0.9791362996714327,0,-17.286242382800317,-13.912652676639395,0.1466292648167776
far_los,WM,motion_2,2592,0.04172938909131265,-13.795579732133792,-18.900496473835105,-9.888917158281412,-13.65421320696225,0.9797081980230296,0.9791294295603253,0,-17.28620210927841,-13.911324949269893,0.1466205647318021
far_los,WM,offgrid_queries,2592,0.0334538611004617,-14.755537506060774,-19.040669966525183,-10.898552968845138,-14.739179404990303,0.9838280891361959,0.983445665699678,0,-18.38759059773663,-14.850516454893842,0.14344689649933928
far_los,WM,pattern_bursty,2592,0.042189795679254176,-13.747925778555526,-18.517734370253713,-9.999337733942818,-13.602998215649723,0.97950905634846,0.9789543671792053,0,-17.376082226093395,-13.858529459917017,0.14721010490252548
far_los,WM,pattern_gap,2592,0.041591164366227555,-13.809989211655036,-18.675673343256804,-10.03153700998023,-13.672991547043587,0.9797658968945935,0.9792009334185687,0,-17.27893733617414,-13.923438066396338,0.1449733762217806
far_los,WM,pattern_recent,2592,0.039287046663132985,-14.05750617309666,-18.27408081929356,-10.60355450213403,-13.933969316512023,0.9808128302645394,0.9803613753588363,0,-17.568561072431898,-14.153833195296503,0.14595811861311025
far_los,WM,pattern_uniform,2592,0.043491944953505016,-13.615911703137979,-19.11665708508355,-9.63715080644058,-13.504376226628988,0.9788068313835497,0.9782101982421408,0,-17.17871436564158,-13.7308357734485,0.14430036625669063
far_los,WM,rgb_10,2592,0.04171924223098687,-13.796635884978965,-18.89414109984413,-9.89518969775078,-13.655379010834984,0.9797149246801261,0.9791362256162756,0,-17.286055308957103,-13.912389010411273,0.14661422954441833
far_los,WM,rgb_2,2592,0.04171924223098687,-13.796635884978965,-18.89414109984413,-9.89518969775078,-13.655379010834984,0.9797149246801261,0.9791362256162756,0,-17.286055308957103,-13.912389010411273,0.14661422954441833
far_los,WM,wrong_uniform_clocks,2592,0.04144055665368568,-13.82574419527294,-18.89121727093881,-9.934102642903493,-13.683051747754922,0.9798434328383598,0.9792703102985462,0,-17.31633123220492,-13.94128260329994,0.14753884622289362
far_los,WI,all_dense,2592,0.04009182810105698,-13.969441404044973,-18.94117814355489,-10.333536346257524,-13.8120775136133,0.9805089889816134,0.9799717175592514,0,-17.475026998769202,-14.081938700257869,0.1531864924791574
far_los,WI,all_sparse,2592,0.04406115377019134,-13.559441347506864,-18.099806969435186,-9.622863254214446,-13.470863749643208,0.9785011574581446,0.9779939689149262,0,-17.285766486232458,-13.657298802547578,0.1306064733874851
far_los,WI,csi_32,2592,0.04009432930399601,-13.969170469841355,-18.950742283586518,-10.330352747064037,-13.811777075889882,0.9805070975462657,0.9799696530818308,0,-17.474056944726705,-14.081686915583049,0.1531629387072501
far_los,WI,csi_4,2592,0.04406943881922875,-13.558624797660976,-18.08703814576278,-9.618064359578861,-13.470362612183742,0.9784977498767868,0.9779899548513342,0,-17.287101640248398,-13.656569534686403,0.1305762633504879
far_los,WI,csi_8,2592,0.04172384790391703,-13.796156464013654,-18.60664831304106,-9.965549594944278,-13.675640183430469,0.9796573580981289,0.9791269280688989,0,-17.390407389375255,-13.903134994089196,0.14010970423678937
far_los,WI,default,2592,0.040453137944289126,-13.930477845824349,-18.720291042538545,-10.258115553373264,-13.774189100234969,0.9803174791528222,0.9797755335041698,0,-17.454486497328652,-14.04259070595003,0.14845802230556038
far_los,WI,mismatched_motion,2592,0.040453137944289126,-13.930477845824349,-18.720291042538545,-10.258115553373264,-13.774189100234969,0.9803174791528222,0.9797755335041698,0,-17.454486497328652,-14.04259070595003,0.14845802230556038
far_los,WI,mismatched_rgb,2592,0.040451645678514295,-13.930638054593867,-18.71523946052688,-10.256103254561529,-13.77433532127336,0.9803178546507529,0.9797761875498957,0,-17.454621996412033,-14.0426982311282,0.14845687747831715
far_los,WI,motion_16,2592,0.040453137944289126,-13.930477845824349,-18.720291042538545,-10.258115553373264,-13.774189100234969,0.9803174791528222,0.9797755335041698,0,-17.454486497328652,-14.04259070595003,0.14845802230556038
far_los,WI,motion_2,2592,0.040453137944289126,-13.930477845824349,-18.720291042538545,-10.258115553373264,-13.774189100234969,0.9803174791528222,0.9797755335041698,0,-17.454486497328652,-14.04259070595003,0.14845802230556038
far_los,WI,offgrid_queries,2592,0.032149102326718484,-14.92831149022666,-18.88322776158209,-11.282514342150733,-14.894597722523674,0.9844492866988248,0.9840972930434408,0,-18.612860591387435,-15.019641536133356,0.14618840712785514
far_los,WI,pattern_bursty,2592,0.04113986228307935,-13.857371664526417,-18.403788975897363,-10.169969518203896,-13.702972860075825,0.9800275741397828,0.9795027637742677,0,-17.504477091151713,-13.964900365179185,0.14798903031586375
far_los,WI,pattern_gap,2592,0.04038679573349983,-13.937606021521784,-18.486670506464698,-10.406478596798873,-13.786358479773009,0.9803202709195282,0.9797887692020789,0,-17.44798166463778,-14.047975570454394,0.14733417322314646
far_los,WI,pattern_recent,2592,0.03848376463488367,-14.14722450142941,-18.202472351116377,-10.845092618373258,-14.012942912323973,0.9812167482590404,0.9807795465809936,0,-17.693250874510284,-14.242825449199305,0.1473685732494394
far_los,WI,pattern_uniform,2592,0.041394525465945964,-13.830570916603325,-18.962820887783202,-10.08574994438308,-13.697639618726425,0.9797947253066717,0.9792441780378303,0,-17.398742832547665,-13.942017577181751,0.14753399768202455
far_los,WI,rgb_10,2592,0.04044867150232523,-13.930957378016249,-18.72253158088656,-10.253478290627932,-13.77461350206489,0.9803201872881371,0.9797784130985026,0,-17.455396808249215,-14.043047501124256,0.14848401596313252
far_los,WI,rgb_2,2592,0.04045882794144124,-13.929867025325247,-18.724312815497246,-10.261716525588438,-13.773498185615312,0.9803169782647989,0.9797750238710881,0,-17.452572405534614,-14.041948072793733,0.14844310724275755
far_los,WI,wrong_uniform_clocks,2592,0.04024085124371306,-13.953328409109476,-18.795756461332328,-10.3135983725078,-13.795820344940665,0.9804087574522992,0.9798693745119667,0,-17.479481626890056,-14.065547285918193,0.14920220402337553
far_los,WMI,all_dense,2592,0.040897504417718444,-13.883031920093046,-19.06419025676953,-10.08352179233369,-13.735860424207827,0.9801320441438789,0.9795703712070847,0,-17.381436730402143,-13.997679713546102,0.1518648314920345
far_los,WMI,all_sparse,2592,0.04591018336492024,-13.380909726616855,-18.187470593053032,-9.295269606013655,-13.312811322168587,0.9775816659425643,0.9770304475786327,0,-17.054603173810744,-13.482713976634184,0.1274978749948588
far_los,WMI,csi_32,2592,0.040899794184960765,-13.882788774342409,-19.05522849910792,-10.086453639985516,-13.735675723580364,0.9801313149855009,0.97957013058178,0,-17.38089496353759,-13.997312141391065,0.15184112079514012
far_los,WMI,csi_4,2592,0.04590615072794425,-13.381291216904964,-18.178267113144926,-9.297920332348646,-13.31325609251914,0.9775844263113488,0.9770334877813004,0,-17.05617877148519,-13.483011972869425,0.12743858862482457
far_los,WMI,csi_8,2592,0.04313779882752093,-13.651420192114651,-18.69189120163428,-9.701398027474063,-13.54788000908546,0.9789583423022071,0.9783903913885118,0,-17.21528568045652,-13.761675557607347,0.13738820571258456
far_los,WMI,default,2592,0.041420008741150344,-13.827898137903942,-18.912671891801967,-9.947926608863204,-13.684284271199205,0.9798517778878052,0.9792789207697254,0,-17.334647749312552,-13.943071938570696,0.1469852164472894
far_los,WMI,mismatched_motion,2592,0.04143067512644434,-13.826779896729729,-18.709980809444737,-10.01835760348049,-13.680448804367238,0.9799293358105515,0.9793691725555898,0,-17.305321569083794,-13.939306849982692,0.14613161595106777
far_los,WMI,mismatched_rgb,2592,0.041419683185081095,-13.8279322730392,-18.914145943291764,-9.947795442344896,-13.68428162592457,0.9798513928830521,0.9792786227914942,0,-17.33472525906571,-13.94308357045854,0.14698252829136516
far_los,WMI,motion_16,2592,0.04141658115070809,-13.828257540341461,-18.91133026127091,-9.947729521499106,-13.684562789844135,0.97985244418275,0.9792796402791274,0,-17.33489385850362,-13.943437355172225,0.14699642822390616
far_los,WMI,motion_2,2592,0.04142795727921132,-13.827064802724943,-18.90546306335871,-9.949266947613587,-13.683370613595953,0.9798468865458396,0.9792739507027333,0,-17.334662638084346,-13.94223893574945,0.14699468196172086
far_los,WMI,offgrid_queries,2592,0.033147472463828896,-14.795495814933306,-19.080807915545684,-10.940281926359416,-14.776198878166158,0.9839696936263681,0.9835917447004529,0,-18.447760708038917,-14.889915355051095,0.14384781255270848
far_los,WMI,pattern_bursty,2592,0.04191338263710542,-13.776472878336099,-18.509809355545784,-10.011667287740032,-13.630131754423871,0.979653459567726,0.9791037856407003,0,-17.41441403677154,-13.886593411407693,0.1473516651139637
far_los,WMI,pattern_gap,2592,0.04132731619916486,-13.837627969379437,-18.651006408526776,-10.079471260286992,-13.699235756203354,0.9798840035036271,0.979327774513249,0,-17.319774865138527,-13.949877099535883,0.145373203034429
far_los,WMI,pattern_recent,2592,0.039202183602487346,-14.066897416504855,-18.241171293996572,-10.624818111352528,-13.942322750180853,0.9808606206056791,0.9804057010120121,0,-17.59321102677061,-14.163969867219738,0.14623887410643496
far_los,WMI,pattern_uniform,2592,0.042951241147849165,-13.670242819870102,-19.172077552401554,-9.701376996246353,-13.554588329741364,0.9790421084824298,0.9784539914029271,0,-17.25215167663453,-13.784562550766918,0.14507594285323447
far_los,WMI,rgb_10,2592,0.04141659476218566,-13.828256113041462,-18.910420054217344,-9.946924023762454,-13.684579040465811,0.9798541322365574,0.9792815137651626,0,-17.3350712234183,-13.943388417247117,0.14697161297705216
far_los,WMI,rgb_2,2592,0.04141554931184944,-13.828365740364823,-18.918514023427825,-9.947321769470426,-13.684635729157,0.9798541997391338,0.9792813210224944,0,-17.33410127912582,-13.943532424684896,0.1469636609617261
far_los,WMI,wrong_uniform_clocks,2592,0.04115520241663634,-13.855752579479962,-18.857360004011014,-10.02724330641766,-13.710677239436151,0.9799730455802237,0.9794057188537285,0,-17.36324797188265,-13.970630868561855,0.14780636203458017
near_occlusion,W,all_dense,2592,0.7516801706151035,-1.2396690632704441,-5.085803736222001,0.8979567282716144,-2.9910627562806553,0.8589638156319648,0.6881815578543177,0,-3.9266761561182624,-2.923440614986182,0.25875344688726465
near_occlusion,W,all_sparse,2592,0.8115963585732918,-0.9065991020334587,-5.013587261188663,1.2398976321516568,-2.883085062071586,0.8499130925761174,0.6745321884990905,0,-3.7287320163696487,-2.5925285288889395,0.25874120371686493
near_occlusion,W,csi_32,2592,0.7516801706151035,-1.2396690632704441,-5.085803736222001,0.8979567282716144,-2.9910627562806553,0.8589638156319648,0.6881815578543177,0,-3.9266761561182624,-2.923440614986182,0.25875344688726465
near_occlusion,W,csi_4,2592,0.8115963585732918,-0.9065991020334587,-5.013587261188663,1.2398976321516568,-2.883085062071586,0.8499130925761174,0.6745321884990905,0,-3.7287320163696487,-2.5925285288889395,0.25874120371686493
near_occlusion,W,csi_8,2592,0.7867968829141931,-1.041373693117338,-4.979264654571479,1.012416782061096,-3.027304302294096,0.8543870973155179,0.6849075573807629,0,-3.7367896295831753,-2.695604977919369,0.2708580791209003
near_occlusion,W,default,2592,0.7746587828302915,-1.1088955086891241,-5.133712147974095,0.9884774971338677,-2.9789731513575908,0.8594756104152887,0.6845785555603205,0,-3.795611209829027,-2.7933029852470916,0.268010824479791
near_occlusion,W,mismatched_motion,2592,0.7746587828302915,-1.1088955086891241,-5.133712147974095,0.9884774971338677,-2.9789731513575908,0.8594756104152887,0.6845785555603205,0,-3.795611209829027,-2.7933029852470916,0.268010824479791
near_occlusion,W,mismatched_rgb,2592,0.7746587828302915,-1.1088955086891241,-5.133712147974095,0.9884774971338677,-2.9789731513575908,0.8594756104152887,0.6845785555603205,0,-3.795611209829027,-2.7933029852470916,0.268010824479791
near_occlusion,W,motion_16,2592,0.7746587828302915,-1.1088955086891241,-5.133712147974095,0.9884774971338677,-2.9789731513575908,0.8594756104152887,0.6845785555603205,0,-3.795611209829027,-2.7933029852470916,0.268010824479791
near_occlusion,W,motion_2,2592,0.7746587828302915,-1.1088955086891241,-5.133712147974095,0.9884774971338677,-2.9789731513575908,0.8594756104152887,0.6845785555603205,0,-3.795611209829027,-2.7933029852470916,0.268010824479791
near_occlusion,W,offgrid_queries,2592,0.8232056082107895,-0.8449167953971641,-5.173485296184195,1.1608413975641636,-2.773241642228639,0.860091001437982,0.6714578720377055,0,-3.4977987553249767,-2.6068709175543225,0.2650284909397322
near_occlusion,W,pattern_bursty,2592,0.7599523102281894,-1.192136604226099,-4.952387813736841,1.0471403512166462,-2.9204942417725253,0.8555273412728082,0.6852686669884591,0,-3.9402292373470997,-2.8600583244244753,0.2519872211323703
near_occlusion,W,pattern_gap,2592,0.7736761157149031,-1.1144081011322926,-5.118568779845141,1.0266980762982238,-2.9876493664291726,0.8605179272573774,0.6879874957837897,0,-3.76833596985918,-2.7802308980285897,0.281726180779172
near_occlusion,W,pattern_recent,2592,0.6808351457203267,-1.6695803341931321,-4.677012771742038,0.8988499079409038,-2.9222223557222793,0.8567865650109645,0.6807925733990309,0,-4.4474529305885895,-3.3605600972337344,0.19994837218024158
near_occlusion,W,pattern_uniform,2592,0.792393958712666,-1.0105884422353897,-5.101691768081217,0.9698886757659473,-3.073849868123198,0.8586112066669627,0.6900382347961959,0,-3.619252031230147,-2.645418544592938,0.265786399769741
near_occlusion,W,rgb_10,2592,0.7746587828302915,-1.1088955086891241,-5.133712147974095,0.9884774971338677,-2.9789731513575908,0.8594756104152887,0.6845785555603205,0,-3.795611209829027,-2.7933029852470916,0.268010824479791
near_occlusion,W,rgb_2,2592,0.7746587828302915,-1.1088955086891241,-5.133712147974095,0.9884774971338677,-2.9789731513575908,0.8594756104152887,0.6845785555603205,0,-3.795611209829027,-2.7933029852470916,0.268010824479791
near_occlusion,W,wrong_uniform_clocks,2592,0.7789262154179953,-1.0850367936784349,-5.133593325002019,0.9956183920009789,-2.9771210962420547,0.8580323111702713,0.6854172898909554,0,-3.772438533860867,-2.7699936971869095,0.26918781623878124
near_occlusion,WM,all_dense,2592,0.6496099445876709,-1.8734733529629586,-4.945469966137121,0.8363690470482223,-3.0751497805379113,0.860346487837044,0.6934937222745032,0,-4.692940432525422,-3.6065829299664705,0.19823112760824674
near_occlusion,WM,all_sparse,2592,0.6851593921091557,-1.6420838462293421,-4.744242540108114,1.1215346666501258,-2.952804822236757,0.8538988863449338,0.6771489199480534,0,-4.760599077731304,-3.4736778847025644,0.1963794630607765
near_occlusion,WM,csi_32,2592,0.6484222923614267,-1.8814206278846228,-4.933587954781325,0.8388451267448318,-3.076106836187132,0.8602419337738421,0.6935298411531112,0,-4.704240151553377,-3.6167938924727068,0.19648876169369453
near_occlusion,WM,csi_4,2592,0.6852106268058673,-1.6417591026087566,-4.770097727790224,1.128583988339624,-2.952313354066705,0.8537681416576798,0.6771613848470833,0,-4.755079480509264,-3.471198856872129,0.1959243817485943
near_occlusion,WM,csi_8,2592,0.6640245565845689,-1.7781585949949663,-4.801602751187989,0.9328441541518395,-3.08797533184475,0.8582222674944624,0.6868212503847028,0,-4.697181635369281,-3.5445291450207734,0.20420660053394343
near_occlusion,WM,default,2592,0.6626947650047573,-1.7868646012947997,-4.916155719625548,0.9067942032601217,-3.055096777907167,0.8616005616892023,0.689070338872223,0,-4.648241630905735,-3.5470922855234743,0.2036169902200256
near_occlusion,WM,mismatched_motion,2592,0.7485353724601256,-1.2578767200594332,-5.477744454770839,0.9990235227769058,-3.079077101055336,0.8604119033962687,0.6871363434185187,0,-4.039846349876354,-2.9895368326452534,0.2737889441498296
near_occlusion,WM,mismatched_rgb,2592,0.6626947650047573,-1.7868646012947997,-4.916155719625548,0.9067942032601217,-3.055096777907167,0.8616005616892023,0.689070338872223,0,-4.648241630905735,-3.5470922855234743,0.2036169902200256
near_occlusion,WM,motion_16,2592,0.6637413379360702,-1.7800113357316907,-4.903839416976741,0.9060330817152047,-3.053814880385345,0.8617088617033779,0.6892315536539896,0,-4.636569236821209,-3.5375156990127343,0.2056318954154448
near_occlusion,WM,motion_2,2592,0.6629916279474033,-1.7849195569658673,-4.926368599825707,0.8987098897774419,-3.055968851821455,0.8615730686736033,0.6893813105504062,0,-4.652091431974523,-3.5480109684296863,0.20404276089840673
near_occlusion,WM,offgrid_queries,2592,0.6947675918700941,-1.5816044785338663,-4.640303005854218,1.0095559016780122,-2.852008429925999,0.8620591141794416,0.675396614718024,0,-4.397734415762284,-3.4302751845398562,0.20208337578083507
near_occlusion,WM,pattern_bursty,2592,0.6573165841432038,-1.8222541030137394,-4.71196925043384,0.9304541650175634,-2.951191155533903,0.8574407605253772,0.6891353388935672,0,-4.722027399573428,-3.5589296291738193,0.196207452091882
near_occlusion,WM,pattern_gap,2592,0.6625582061997782,-1.7877596264251898,-4.873075770542895,0.9600270639514361,-3.0645403924795684,0.8639392512966233,0.6901382482075185,0,-4.625337366526362,-3.542549186311464,0.21121484631446633
near_occlusion,WM,pattern_recent,2592,0.6176762048096078,-2.0923912898274493,-4.572716558429501,0.8378053607922433,-3.0107402992839623,0.8607926508726575,0.6833520194128386,0,-4.950344271625759,-3.819360688490601,0.16383599063432347
near_occlusion,WM,pattern_uniform,2592,0.6687193973993509,-1.747560791310091,-4.817134866368427,0.8955552647242757,-3.154577567004118,0.8612357184499078,0.6908557211138227,0,-4.521187020901724,-3.4442033239255747,0.2081140851472057
near_occlusion,WM,rgb_10,2592,0.6626947650047573,-1.7868646012947997,-4.916155719625548,0.9067942032601217,-3.055096777907167,0.8616005616892023,0.689070338872223,0,-4.648241630905735,-3.5470922855234743,0.2036169902200256
near_occlusion,WM,rgb_2,2592,0.6626947650047573,-1.7868646012947997,-4.916155719625548,0.9067942032601217,-3.055096777907167,0.8616005616892023,0.689070338872223,0,-4.648241630905735,-3.5470922855234743,0.2036169902200256
near_occlusion,WM,wrong_uniform_clocks,2592,0.6657415951432645,-1.7669430773685104,-4.947799962197674,0.8814215244395867,-3.050711337392718,0.8611564689811914,0.6894796312383322,0,-4.623636097515314,-3.5227530656914885,0.207897733129306
near_occlusion,WI,all_dense,2592,0.719802143563782,-1.4278686435643908,-5.100004708957658,0.884973436462545,-3.017586753737955,0.8585102729658036,0.689493874888552,0,-4.181175046330674,-3.1395300821026133,0.23894235967859845
near_occlusion,WI,all_sparse,2592,0.7881105289133369,-1.0341287041532055,-4.9869820355976575,1.260639845717798,-2.9155921098132214,0.850132343477895,0.6741139586906856,0,-3.9133602734133612,-2.7464448912612225,0.24918754040252386
near_occlusion,WI,csi_32,2592,0.7199831256151037,-1.4267768209390443,-5.09619559701888,0.8852267346089303,-3.016805829296211,0.8584220548597545,0.689572430120653,0,-4.181469953901775,-3.138176368154089,0.23886103108172818
near_occlusion,WI,csi_4,2592,0.7827827302751859,-1.0635876429779236,-5.001290030840137,1.2617629176557845,-2.9141456395694707,0.8502060826728286,0.6742196394713384,0,-3.9607449760341655,-2.7856495910526915,0.24430214796115302
near_occlusion,WI,csi_8,2592,0.7544704648066524,-1.223577568460557,-5.024644611004076,1.0188619782571438,-3.0523532676538694,0.8544453344942147,0.6848625934129757,0,-3.990442765866815,-2.909322996151171,0.2533519731729099
near_occlusion,WI,default,2592,0.7417853641590305,-1.2972173979640433,-5.121501646227099,0.9702821224326513,-3.008205251607973,0.8589035853547253,0.6850941117477445,0,-4.053272659921316,-3.0105135211294014,0.2483003241337466
near_occlusion,WI,mismatched_motion,2592,0.7417853641590305,-1.2972173979640433,-5.121501646227099,0.9702821224326513,-3.008205251607973,0.8589035853547253,0.6850941117477445,0,-4.053272659921316,-3.0105135211294014,0.2483003241337466
near_occlusion,WI,mismatched_rgb,2592,0.74266431561368,-1.2920744306216545,-5.119768346927364,0.9568605633712459,-3.008170581275233,0.8589458992770759,0.6850370791159184,0,-4.045776714236161,-3.0044216092815783,0.2489137344959573
near_occlusion,WI,motion_16,2592,0.7417853641590305,-1.2972173979640433,-5.121501646227099,0.9702821224326513,-3.008205251607973,0.8589035853547253,0.6850941117477445,0,-4.053272659921316,-3.0105135211294014,0.2483003241337466
near_occlusion,WI,motion_2,2592,0.7417853641590305,-1.2972173979640433,-5.121501646227099,0.9702821224326513,-3.008205251607973,0.8589035853547253,0.6850941117477445,0,-4.053272659921316,-3.0105135211294014,0.2483003241337466
near_occlusion,WI,offgrid_queries,2592,0.7847722349046394,-1.0525637061410564,-5.111219196722393,1.1391381355765458,-2.8035425230357687,0.8590783370583803,0.6726390286900649,0,-3.7837854605262837,-2.853011916321731,0.24248046695359435
near_occlusion,WI,pattern_bursty,2592,0.7314002320576523,-1.3584490620560108,-4.95072283358072,1.0353937527188921,-2.923533482583584,0.8562547852274751,0.6852452044461035,0,-4.172745433760804,-3.053611202826339,0.23807243203335665
near_occlusion,WI,pattern_gap,2592,0.7398976702949083,-1.308283401329171,-5.158412588403653,0.9962593572118041,-3.019146689523971,0.8602372059469116,0.6887964778476247,0,-4.031486946949668,-3.005022427018174,0.26283671780151113
near_occlusion,WI,pattern_recent,2592,0.6566192882078908,-1.8268636400811369,-4.741285011669724,0.8508851518665508,-2.9540618441662376,0.8567964390867647,0.6805222230030182,0,-4.6684162773686655,-3.5436600763832105,0.18363770288628953
near_occlusion,WI,pattern_uniform,2592,0.75043717052779,-1.246856626949475,-5.092993826402888,0.9963058926143976,-3.107694211701639,0.8592641636970121,0.6909430211697825,0,-3.9418534101974583,-2.9232751836394106,0.24385112698305952
near_occlusion,WI,rgb_10,2592,0.741603640914771,-1.298281466827171,-5.120948607235023,0.959828862298842,-3.008762084720724,0.8588944672026136,0.6850199255716874,0,-4.053537614124641,-3.011815067761579,0.2478836458366518
near_occlusion,WI,rgb_2,2592,0.7452540920527028,-1.276956306579221,-5.1277195713150014,0.9545709605968317,-3.010705867591628,0.859033566056614,0.684710588762339,0,-4.024127207177618,-2.985114117385024,0.2510990425113015
near_occlusion,WI,wrong_uniform_clocks,2592,0.7452522508556637,-1.276967036110403,-5.183715337593356,0.961955248150475,-3.0076003716326483,0.8583111815238955,0.6860770227754336,0,-4.038525909135185,-2.995318178570063,0.24975286675734065
near_occlusion,WMI,all_dense,2592,0.6487113808684986,-1.8794848282354009,-5.0813186824409415,0.8781272880618878,-3.105377644326179,0.8605423742706252,0.6940672773758509,0,-4.727277563163435,-3.626445967284464,0.20046758605349338
near_occlusion,WMI,all_sparse,2592,0.6884887947201825,-1.6210312357088232,-4.914250350259905,1.1596175484807205,-2.982669343976725,0.8535358199029349,0.6771419516606665,0,-4.746694101049751,-3.4543344485658007,0.20211986959459732
near_occlusion,WMI,csi_32,2592,0.6478096424850713,-1.8855259191260956,-5.046904840158479,0.8761156321815338,-3.1044315762457315,0.8603478908379633,0.6939721172937756,0,-4.738504462513406,-3.6360878492825637,0.1988446113105466
near_occlusion,WMI,csi_4,2592,0.6873603819656435,-1.6281550331539438,-4.899151707857249,1.1494365397767288,-2.9805997467305207,0.8535306481644584,0.6772230680999765,0,-4.754751444274711,-3.4635607793046947,0.20041164711818488
near_occlusion,WMI,csi_8,2592,0.6639434155432749,-1.7786893172303422,-4.961635129503544,0.9333234424119673,-3.1131807722640743,0.8581008417403585,0.6865003852282778,0,-4.72429386805164,-3.5578491829722605,0.20772055366698466
near_occlusion,WMI,default,2592,0.6628009403166035,-1.786168841180864,-5.062227118614066,0.9178170095979601,-3.0846039691283744,0.8615800518253818,0.6895938441253032,0,-4.670106351407281,-3.55664189165281,0.20689855592974252
near_occlusion,WMI,mismatched_motion,2592,0.7486870338469134,-1.2569968814549939,-5.51584152660897,0.9684983648874211,-3.1086470809912212,0.8602666279030918,0.6874933949736,0,-4.0489438540064535,-2.9951071656776413,0.2779337674308226
near_occlusion,WMI,mismatched_rgb,2592,0.6635403350287427,-1.7813267227508032,-5.047783651566481,0.9187255651944641,-3.084636885084549,0.8616213971757102,0.6896439080577755,0,-4.66323561245429,-3.5507479554264307,0.20758007205757859
near_occlusion,WMI,motion_16,2592,0.6639965006303643,-1.778342094285602,-5.08382387982525,0.9176536120694498,-3.0837937885964,0.8617060503840817,0.689643178937263,0,-4.657334459635817,-3.54604260010597,0.2092450418332566
near_occlusion,WMI,motion_2,2592,0.6644235418476248,-1.7755498803071976,-5.012684027992801,0.9008121406825788,-3.08465584478854,0.8615660702495758,0.6898033647692692,0,-4.657881807923664,-3.544816921464102,0.20920079085130017
near_occlusion,WMI,offgrid_queries,2592,0.6960787612873898,-1.573416172037379,-4.842750559445635,1.0292916606036782,-2.8814181829886003,0.8614004488258296,0.6758896249815223,0,-4.406510590575175,-3.429446069326737,0.20855860336651802
near_occlusion,WMI,pattern_bursty,2592,0.6583486995445355,-1.8154401797310569,-4.82611291825137,0.955510444025484,-2.967864446373312,0.8573547519067672,0.6896188922139781,0,-4.741971148356475,-3.560922654737912,0.2006808375451138
near_occlusion,WMI,pattern_gap,2592,0.6601207871820328,-1.8037659111402946,-4.977231896487489,0.9509020478468824,-3.0950928124819304,0.863256559322996,0.6901397084677395,0,-4.6703036201432955,-3.5690461090943364,0.2126145101458987
near_occlusion,WMI,pattern_recent,2592,0.6163395623279174,-2.1017995437016124,-4.694159973184923,0.8309839112870349,-3.0582911382050346,0.8609549139252559,0.683529427797913,0,-5.0063310850303475,-3.8494561119782134,0.16616819019322213
near_occlusion,WMI,pattern_uniform,2592,0.6655924045404742,-1.7679164267433518,-4.981828557312959,0.8892098288708379,-3.1868837359524576,0.8608319293125284,0.6914746155385315,0,-4.565353031368123,-3.475667024672784,0.21101278725187458
near_occlusion,WMI,rgb_10,2592,0.663235592543888,-1.7833217541521247,-5.052105207394612,0.914143580779095,-3.085431947042226,0.8615051535664361,0.6896172159657432,0,-4.664216318981447,-3.5522518490114523,0.20731681152776749
near_occlusion,WMI,rgb_2,2592,0.6631606088781307,-1.7838127837897404,-5.027209482016238,0.9124523611177577,-3.0866636718873908,0.8615542833940352,0.6893645954194771,0,-4.664467497294226,-3.550327286839444,0.20817749080302636
near_occlusion,WMI,wrong_uniform_clocks,2592,0.6674968052084511,-1.7555080859059453,-5.1062524164377905,0.8971945022955284,-3.081669395302163,0.8614251876399002,0.6900613404502276,0,-4.628151628966233,-3.518477151237904,0.2134622988728692
