family,case,model,event,n,nmse_linear,nmse_db,energy_weighted_nmse_db,median_sample_nmse_db,p90_sample_nmse_db,amplitude_nmse,shape_correlation,gain_abs_error_db
occlusion,count_random_n32,cru,future_switch_only,111,0.5733937453520527,-2.4154704870014627,-2.333298482800675,-2.748299089961148,0.09990853547018066,0.3522003695939307,0.6705630317263238,7.357257327115214
occlusion,count_random_n32,cru,history_switch_only,156,0.302509160086629,-5.192614702186336,-6.368021059402819,-8.233776875025917,-1.3312033956599305,0.15649668180515455,0.8773117528464167,2.9221109322343883
occlusion,count_random_n32,cru,stable_los,351,0.18361477299853415,-7.360923799232295,-7.840275270498159,-10.456782047631165,-3.690244234297859,0.1080956859807643,0.9191316492706961,2.4538876472301037
occlusion,count_random_n32,cru,stable_nlos,582,0.8347088376635604,-0.7846498828598834,-1.9651976408708547,-1.6395132265512173,1.9273156582246214,0.3315388584653311,0.5350315555203242,4.532302085193406
occlusion,count_random_n32,ct_transformer_csi,future_switch_only,111,0.7041440854207739,-1.5233846429471352,-1.6766177179015198,-2.040347537029416,0.8343354681514719,0.373158028816777,0.7370526114696855,7.59868966459154
occlusion,count_random_n32,ct_transformer_csi,history_switch_only,156,0.24042262463514746,-6.190246660708551,-7.044750240995571,-10.151740634487801,-1.0473058535402626,0.11812720481220122,0.8793448302894831,2.2878141473107134
occlusion,count_random_n32,ct_transformer_csi,stable_los,351,0.09778610121377843,-10.097228690888283,-10.277926695688143,-11.873048033552777,-6.507673005402913,0.06108885741451996,0.9346780503577317,1.3424395291715796
occlusion,count_random_n32,ct_transformer_csi,stable_nlos,582,0.8215784285074205,-0.8535097216538078,-1.9074591108026522,-1.3439473355883043,1.5403965271525142,0.39152831756594103,0.5331648244979372,6.518790936818397
occlusion,count_random_n32,harmonic,future_switch_only,111,1.4595811932930054,1.6422825884327497,-0.07454254530852764,-0.9344582087431255,2.046990279783304,0.6381110063315367,0.7622724822512618,6.186310035789067
occlusion,count_random_n32,harmonic,history_switch_only,156,0.7721028841143169,-1.1232482527823795,-6.6375656687255145,-14.115052012266107,-0.8251094164568273,0.3856030172647269,0.8945501398008603,1.347148897878539
occlusion,count_random_n32,harmonic,stable_los,351,0.09247681141765145,-10.339671530540862,-10.33348076171781,-13.709076512108648,-5.902059994668277,0.040145286412208485,0.9561322852756903,0.8325998639350258
occlusion,count_random_n32,harmonic,stable_nlos,582,0.8155717575126303,-0.8853782184533188,-1.629337195582591,-2.174864220395716,2.425873494989147,0.24441567696277408,0.5595752899342975,3.052199756766303
occlusion,count_random_n32,hold,future_switch_only,111,1.1875134247238748,0.7463852798157312,-0.9029650610336702,-1.7416150851677061,2.2501551717784194,0.40297557579627186,0.7704906001821294,5.024359469260047
occlusion,count_random_n32,hold,history_switch_only,156,0.3867495258757397,-4.125702100388759,-7.756457300859592,-10.936501620122915,-0.205263646928675,0.11361189906617652,0.8857766501008509,1.2406388954528107
occlusion,count_random_n32,hold,stable_los,351,0.08127010992178932,-10.900691528422934,-11.37089614315028,-12.217115314421603,-7.458585120849461,0.035512086939818874,0.936183981406383,0.4656485100177268
occlusion,count_random_n32,hold,stable_nlos,582,1.1447040018396728,0.5869320109812345,-0.7531521920780198,-0.7354584114943254,4.103919466337234,0.28222782724845796,0.5534415792217167,1.6146901375118041
occlusion,count_random_n32,kalman,future_switch_only,111,1.1121146234215409,0.46149551413309475,-0.16874122450761303,-3.9288178345253333,5.050462667483884,0.22800000537100862,0.8211684592135318,2.068936899914456
occlusion,count_random_n32,kalman,history_switch_only,156,0.775689620378566,-1.1031201987781127,-6.824894011542418,-13.5964611152548,-1.7595734006787669,0.3887508809633427,0.9026616345613431,1.037325399533774
occlusion,count_random_n32,kalman,stable_los,351,0.13003396349264232,-8.859431997625432,-8.87021877801994,-12.744485016117647,-4.502923894852558,0.07832661374008618,0.9532298722498098,1.0988321532186869
occlusion,count_random_n32,kalman,stable_nlos,582,1.9858317864595518,2.97942458003065,1.64142855053477,0.5978213155056691,6.800262724069025,0.5543099697349738,0.5506482534464593,2.4842238595462773
occlusion,count_random_n32,latent_ode,future_switch_only,111,0.6189444377296814,-2.08348335584816,-1.630973206978012,-1.9246399100727425,0.2463854592459922,0.42977429881507345,0.6604180636874459,8.8573181443252
occlusion,count_random_n32,latent_ode,history_switch_only,156,0.2855874453645158,-5.442608883831087,-5.892127693818595,-8.4782424522266,-1.0716653694641063,0.16800561248218843,0.8485737240228516,3.2046895797233073
occlusion,count_random_n32,latent_ode,stable_los,351,0.16300400577457702,-7.878017228082001,-7.806135389227467,-10.76304393586729,-3.4470974830221772,0.12718212312887398,0.90612573399503,2.784918158388089
occlusion,count_random_n32,latent_ode,stable_nlos,582,0.8719202754944059,-0.5952322320474003,-1.7869330755599893,-1.2685804796250615,2.1594278217045497,0.3116882391316681,0.5204270885134343,3.7627052068390285
occlusion,count_random_n32,linear,future_switch_only,111,1.1486432426506843,0.601851620157267,-0.001482603425745027,-3.6591014682381817,5.249615806972806,0.2380385611008728,0.8181181776899475,2.1191244927729973
occlusion,count_random_n32,linear,history_switch_only,156,0.8025431321302909,-0.9553161743673694,-6.70135065139832,-13.617793972516502,-1.6042287312977972,0.40919904233824594,0.9017111716362146,1.0467592525677993
occlusion,count_random_n32,linear,stable_los,351,0.1352264266012139,-8.689384281756599,-8.675526589131643,-12.612330220832387,-4.323302728433748,0.08237001147692115,0.9531216831968041,1.1414739894276045
occlusion,count_random_n32,linear,stable_nlos,582,2.0778304392522315,3.1761010419243956,1.8187800224901849,0.8097657663485736,6.992787316978689,0.5895147804122266,0.5486516736152173,2.5353702883967406
occlusion,count_random_n32,neural_flow,future_switch_only,111,0.6776620891587054,-1.689868096672058,-1.4536353408211227,-1.7674830163837227,0.9848734889351352,0.4155002076657036,0.6589323106129561,8.594889061508683
occlusion,count_random_n32,neural_flow,history_switch_only,156,0.288493691912803,-5.398636785131439,-5.875097220779464,-9.342225772653514,-1.0478861947052023,0.15526906004495872,0.8490503778508028,2.8275151043318405
occlusion,count_random_n32,neural_flow,stable_los,351,0.15247487435727633,-8.168017158385286,-8.178733259083593,-11.434940977491124,-2.8846690894158398,0.11357865242926474,0.9044748305255531,2.348052612304863
occlusion,count_random_n32,neural_flow,stable_nlos,582,0.9146503984279146,-0.38744872104575,-1.6341130165194007,-1.142913038373192,2.6659652597058843,0.30182832953571825,0.5256216802276852,3.2367784695716213
occlusion,count_random_n32,time_rwkv_csi,future_switch_only,111,0.7527921690882461,-1.2332490730058159,-0.8878700860648104,-0.6973170665552617,0.521596410304911,0.4735865482456378,0.5555990478946818,9.938634587166545
occlusion,count_random_n32,time_rwkv_csi,history_switch_only,156,0.32227818685686754,-4.917690883700282,-5.002783685319851,-8.16887857183368,-0.7479730958718993,0.18215006417869098,0.8012376608959852,3.368616589428618
occlusion,count_random_n32,time_rwkv_csi,stable_los,351,0.19087569191693687,-7.192493756321145,-7.174011712505637,-10.650767679580236,-1.475182536830274,0.14192244204623888,0.8569889263889389,2.9144132189861263
occlusion,count_random_n32,time_rwkv_csi,stable_nlos,582,0.8977248742711399,-0.468567411649632,-1.6141209773271088,-1.1415311847285547,2.4262348872421673,0.30588540263174746,0.5233384549078797,3.4935266585701346
occlusion,count_random_n32,tpatchgnn,future_switch_only,111,0.6146896389178798,-2.113441071959063,-2.1925623201423705,-3.0795597177367413,0.24405591738767002,0.33642611885076257,0.7535122936373359,6.9690593842853295
occlusion,count_random_n32,tpatchgnn,history_switch_only,156,0.2385236429205785,-6.224685663889193,-7.541442682303351,-10.815501508834778,-2.659705610476135,0.11030986718189804,0.8814356410637115,2.168783011022382
occlusion,count_random_n32,tpatchgnn,stable_los,351,0.11423196088147225,-9.422123681350005,-9.625055149927498,-11.908510659469314,-5.031830466832559,0.07870162610305231,0.9343401594379349,1.7385567142177065
occlusion,count_random_n32,tpatchgnn,stable_nlos,582,0.7409526772734699,-1.3020952839757884,-2.368052058305102,-1.6650528611912998,1.2052896337296748,0.36143518894705984,0.5402832796882767,6.03630662082192
occlusion,count_random_n4,cru,future_switch_only,111,0.5776215559962365,-2.3835660789767337,-2.223794248948562,-2.678396428379442,0.20247834727770073,0.3732401297452885,0.6885655147468185,7.8545390887284
occlusion,count_random_n4,cru,history_switch_only,156,0.31610348947437256,-5.001707099462472,-6.2549551412089315,-8.00212516560195,-1.380859037337331,0.19578621384705633,0.86280340474481,3.739058784567393
occlusion,count_random_n4,cru,stable_los,351,0.21289205377585815,-6.71840548358298,-7.3615025531000065,-10.211441740822057,-3.555947381461203,0.11826396649113015,0.9170723402782468,2.688180640050969
occlusion,count_random_n4,cru,stable_nlos,582,0.8331264785830574,-0.7928906248150376,-1.9663706508427512,-1.585533501729322,1.95211593171079,0.3353342805897875,0.5313627867140532,4.599942607534698
occlusion,count_random_n4,ct_transformer_csi,future_switch_only,111,0.6797344245704579,-1.6766073504697445,-1.760448660496206,-2.429165051884819,0.9254351743161814,0.3672351781797998,0.7419071747241793,7.45026327481678
occlusion,count_random_n4,ct_transformer_csi,history_switch_only,156,0.23863302140316825,-6.2226945999132965,-7.090880088428331,-9.980538753396624,-1.1566496130784223,0.11354087663186455,0.8775117220118259,2.168630485972151
occlusion,count_random_n4,ct_transformer_csi,stable_los,351,0.09976854570793052,-10.010063582981081,-10.117274145015838,-11.758540077855468,-6.379386084697964,0.06315845698055193,0.9346999381682133,1.3716515232059319
occlusion,count_random_n4,ct_transformer_csi,stable_nlos,582,0.8379600191840109,-0.7677670196874807,-1.9011526572426793,-1.424868800984409,1.8920977618154018,0.35102265006984096,0.5409246384129376,5.292874033866879
occlusion,count_random_n4,harmonic,future_switch_only,111,1.7763426538791742,2.4952674428893977,0.305419458698809,-0.10252723321780453,4.625736441935886,0.6979182385818546,0.6928605076160517,5.681478507346935
occlusion,count_random_n4,harmonic,history_switch_only,156,3.1089339841881807,4.9261150023322555,3.9855562856748006,-3.998980701429283,10.591399488289547,1.8495728499826958,0.8470219551848296,3.7526727544840797
occlusion,count_random_n4,harmonic,stable_los,351,0.15287411242903892,-8.156660514162612,-8.506206172799162,-10.904917729138859,-4.391178222704784,0.07012819635548809,0.9244187453873137,1.0350442065796324
occlusion,count_random_n4,harmonic,stable_nlos,582,1.8766286221912525,2.7337833586531612,1.4867792122677594,1.5301606219996673,5.798674347101252,0.46591879329487623,0.49995985384532443,2.594249808046682
occlusion,count_random_n4,hold,future_switch_only,111,1.1875134050045875,0.7463852076988392,-0.9029651037635257,-1.7416158583038166,2.2501551717784194,0.40297557141522766,0.7704905907850008,5.024359486107756
occlusion,count_random_n4,hold,history_switch_only,156,0.3867495405658981,-4.125701935427869,-7.756457209147416,-10.936501822140748,-0.20526336178152305,0.11361190291669725,0.8857766341609068,1.2406388849933416
occlusion,count_random_n4,hold,stable_los,351,0.08127010967668698,-10.900691541520812,-11.370896133269808,-12.217115314421603,-7.458585120849461,0.03551208691403172,0.9361839747836447,0.46564857269096005
occlusion,count_random_n4,hold,stable_nlos,582,1.1447040016770014,0.5869320103640678,-0.7531522128525814,-0.7354585670908547,4.103919466337234,0.2822278278459366,0.5534415799362606,1.614690134167364
occlusion,count_random_n4,kalman,future_switch_only,111,1.2119657301222317,0.8349033977314755,-0.14466747724624818,-2.5753476329959795,4.530615059383224,0.2755925473620746,0.7755166917770833,2.0739824600677164
occlusion,count_random_n4,kalman,history_switch_only,156,0.8196747455604521,-0.8635844545833451,-6.207476091773598,-12.191269671529511,-0.9521854296066184,0.4206278268985233,0.8883077772573019,1.0795166625056225
occlusion,count_random_n4,kalman,stable_los,351,0.1274238247173955,-8.947493633982987,-9.134188734697883,-11.869066895336108,-4.953257442773144,0.07349195521579593,0.9410506542931255,0.9543613938039615
occlusion,count_random_n4,kalman,stable_nlos,582,1.8244412132394137,2.6112987418077083,1.2181671410764365,0.004879281400238685,6.672169851527935,0.5698450158934472,0.5410247695427451,2.2535693050510988
occlusion,count_random_n4,latent_ode,future_switch_only,111,0.6374312573708258,-1.9556664407717406,-1.542814900064427,-1.8824215177323174,0.38025227886959956,0.4358133114370945,0.6579514394875046,9.074953554819027
occlusion,count_random_n4,latent_ode,history_switch_only,156,0.2862946280619303,-5.431868008605129,-5.830598390687771,-8.456403010992354,-1.275806186541939,0.16886375334014211,0.8509173001900004,3.2381889547388525
occlusion,count_random_n4,latent_ode,stable_los,351,0.16398056550167017,-7.852076202176866,-7.799576808035743,-10.753647795420038,-3.209981444856404,0.1285913430418497,0.9064167585128393,2.8045890790687613
occlusion,count_random_n4,latent_ode,stable_nlos,582,0.8748383810021595,-0.5807217180289862,-1.7732746251572806,-1.2762755026919497,2.2457651143853523,0.31139433339160755,0.5213589425660995,3.7589330329268504
occlusion,count_random_n4,linear,future_switch_only,111,1.2973916100163478,1.1307108510385409,0.165146728582298,-2.1625595220850777,4.889573956299392,0.31228838915355095,0.7651360682002059,2.1895028782320454
occlusion,count_random_n4,linear,history_switch_only,156,0.9672166541065683,-0.14476234144478387,-5.643333202457851,-12.03411299870222,-0.7160357692223812,0.5345807861581656,0.8847640988727411,1.1110317827730727
occlusion,count_random_n4,linear,stable_los,351,0.14344943060372667,-8.433011712670613,-8.573055332411643,-11.673308286659449,-4.347611032773504,0.08563978416069556,0.9384283263798793,1.0471184041743775
occlusion,count_random_n4,linear,stable_nlos,582,2.03780323616319,3.0916224759288586,1.6520509651052007,0.23558652990463622,7.0438225362571485,0.6869993523045089,0.540527297410301,2.3979255787314546
occlusion,count_random_n4,neural_flow,future_switch_only,111,0.6775283375461292,-1.6907253575607342,-1.4519289212441793,-1.7663134306336299,0.9850439199351337,0.4166540014620468,0.6575638929608505,8.631543190898123
occlusion,count_random_n4,neural_flow,history_switch_only,156,0.28878914572478376,-5.3941913395703285,-5.877325638706759,-9.34159581443129,-1.0456430932898755,0.1553524099120132,0.8488677172124601,2.827998416331143
occlusion,count_random_n4,neural_flow,stable_los,351,0.1527839042311017,-8.159223962303255,-8.167756550531879,-11.433357232801791,-2.8647344195488555,0.11387073163201743,0.9041983162575638,2.3542488292897747
occlusion,count_random_n4,neural_flow,stable_nlos,582,0.9143525685529349,-0.38886310773322913,-1.6355013396778604,-1.1503786063938968,2.6651520017258634,0.3020717021622143,0.5255118091836235,3.2455084296987016
occlusion,count_random_n4,time_rwkv_csi,future_switch_only,111,0.7498468715563282,-1.2502741611232309,-0.8994266335282828,-0.7373409253591423,0.6505152004946513,0.47308001254458687,0.5514082273652962,9.918311432406709
occlusion,count_random_n4,time_rwkv_csi,history_switch_only,156,0.32164514965738933,-4.926229932855739,-5.034451417999662,-8.177636754967082,-0.774407699051231,0.18094721324795943,0.8038308401383125,3.3399045968738696
occlusion,count_random_n4,time_rwkv_csi,stable_los,351,0.1903977156281763,-7.203382665399327,-7.19236588100822,-10.64017960498232,-1.541316558500077,0.14127731904415003,0.8572168103140644,2.9003706133242515
occlusion,count_random_n4,time_rwkv_csi,stable_nlos,582,0.8976632707259823,-0.46886544280030745,-1.6146320198798816,-1.1469240883914653,2.429791389878147,0.3058893254577943,0.5232563775526423,3.4939900224250695
occlusion,count_random_n4,tpatchgnn,future_switch_only,111,0.6097211829839727,-2.1486871642101883,-2.070838464437251,-2.909109545003939,0.5457746687749541,0.34468249817802793,0.7450504241561567,7.171688113512622
occlusion,count_random_n4,tpatchgnn,history_switch_only,156,0.2358421833233502,-6.273785132948632,-7.514851111444449,-10.702960035040592,-2.789916490011284,0.11108274279873652,0.8804760343180253,2.1752286659880506
occlusion,count_random_n4,tpatchgnn,stable_los,351,0.11377853447136249,-9.439396644784193,-9.60576791797135,-12.101621350315169,-5.246128783050938,0.07860330349840011,0.9339961255887295,1.7362966385007998
occlusion,count_random_n4,tpatchgnn,stable_nlos,582,0.7955638722050935,-0.9932494708885621,-2.149131467695844,-1.4937661791291776,1.6153629456920804,0.33238483397642155,0.5463391251935459,4.965537876761246
occlusion,history_flat,cru,future_switch_only,111,0.9195660536517263,-0.36417069355619425,-0.8911726229736133,-1.8053076994336623,1.3024452751777171,0.358967890881153,0.7642474138924668,6.421065864866382
occlusion,history_flat,cru,history_switch_only,156,0.2969759688365649,-5.272786921774838,-6.891075356791417,-9.675750874878224,-1.7424958051944448,0.10888284890190847,0.8846430875337086,1.8498305759918041
occlusion,history_flat,cru,stable_los,351,0.10273762257767051,-9.882704883814418,-10.160469643475311,-11.235960640955682,-6.557188962957755,0.059969299746535656,0.9337695921927776,1.4445638584093776
occlusion,history_flat,cru,stable_nlos,582,0.9727088941037243,-0.12017113072282426,-1.2432116071289672,-1.011426464444693,2.9357868013946615,0.26591137731066766,0.5529734145972359,2.3168415617552998
occlusion,history_flat,ct_transformer_csi,future_switch_only,111,0.8750874497717968,-0.5794854462842519,-1.0636237046011898,-1.6344471454880372,1.5278556753339387,0.35250507517133606,0.7675377654733958,6.493953782628785
occlusion,history_flat,ct_transformer_csi,history_switch_only,156,0.29836852370070305,-5.252469945509956,-6.997931386751212,-10.921837277005602,-1.1764791681934768,0.10265882751562645,0.8843777169449589,1.5317594813815771
occlusion,history_flat,ct_transformer_csi,stable_los,351,0.09447308944420825,-10.246918821812866,-10.558045739122178,-12.187699383858835,-6.508154317535717,0.05613852404983332,0.9350650677314172,1.1388891676382462
occlusion,history_flat,ct_transformer_csi,stable_nlos,582,1.0092088893421765,0.03981067227277434,-1.2108336228859993,-0.9239783008333423,3.2992833938482575,0.2715131379077867,0.5528780179124952,2.0726525266466767
occlusion,history_flat,harmonic,future_switch_only,111,1.187513435613427,0.7463853196407327,-0.9029650471658535,-1.7416154717357444,2.2501554801532175,0.4029755735225023,0.7704906046122044,5.024359532153687
occlusion,history_flat,harmonic,history_switch_only,156,0.3867495355027644,-4.125701992283554,-7.756457237092745,-10.936501420688785,-0.20526362007445326,0.11361190179536024,0.8857766297908548,1.24063884458827
occlusion,history_flat,harmonic,stable_los,351,0.08127010972113044,-10.900691539145825,-11.370896121480602,-12.217115044861291,-7.458584760384614,0.03551208651586478,0.9361839808969417,0.46564857056430753
occlusion,history_flat,harmonic,stable_nlos,582,1.1447040051572093,0.5869320235677876,-0.7531522397822792,-0.7354584114943254,4.103919425954225,0.28222782722245454,0.5534415776223561,1.6146901690375532
occlusion,history_flat,hold,future_switch_only,111,1.187513435613427,0.7463853196407327,-0.9029650471658535,-1.7416154717357444,2.2501554801532175,0.4029755735225023,0.7704906046122044,5.024359532153687
occlusion,history_flat,hold,history_switch_only,156,0.3867495355027644,-4.125701992283554,-7.756457237092745,-10.936501420688785,-0.20526362007445326,0.11361190179536024,0.8857766297908548,1.24063884458827
occlusion,history_flat,hold,stable_los,351,0.08127010972113044,-10.900691539145825,-11.370896121480602,-12.217115044861291,-7.458584760384614,0.03551208651586478,0.9361839808969417,0.46564857056430753
occlusion,history_flat,hold,stable_nlos,582,1.1447040051572093,0.5869320235677876,-0.7531522397822792,-0.7354584114943254,4.103919425954225,0.28222782722245454,0.5534415776223561,1.6146901690375532
occlusion,history_flat,kalman,future_switch_only,111,1.187513435613427,0.7463853196407327,-0.9029650471658535,-1.7416154717357444,2.2501554801532175,0.4029755735225023,0.7704906046122044,5.024359532153687
occlusion,history_flat,kalman,history_switch_only,156,0.3867495355027644,-4.125701992283554,-7.756457237092745,-10.936501420688785,-0.20526362007445326,0.11361190179536024,0.8857766297908548,1.24063884458827
occlusion,history_flat,kalman,stable_los,351,0.08127010972113044,-10.900691539145825,-11.370896121480602,-12.217115044861291,-7.458584760384614,0.03551208651586478,0.9361839808969417,0.46564857056430753
occlusion,history_flat,kalman,stable_nlos,582,1.1447040051572093,0.5869320235677876,-0.7531522397822792,-0.7354584114943254,4.103919425954225,0.28222782722245454,0.5534415776223561,1.6146901690375532
occlusion,history_flat,latent_ode,future_switch_only,111,0.7460600814555545,-1.2722619666415995,-1.0377751019249295,-1.1173893670848014,0.9528822515155394,0.4565093218818777,0.6973842893232096,9.70453595450601
occlusion,history_flat,latent_ode,history_switch_only,156,0.31183778740934287,-5.060712596763066,-5.316780399269322,-8.223573772227851,-1.0532880226993284,0.17184847021361258,0.8566916932184727,3.29576743414136
occlusion,history_flat,latent_ode,stable_los,351,0.16784623606801113,-7.750883933091552,-7.760054959035393,-10.673520282459002,-2.4848283900487727,0.13340326856320625,0.9075721969292034,2.879032915442163
occlusion,history_flat,latent_ode,stable_nlos,582,0.8969434181067659,-0.4723495269622762,-1.6342459559936104,-1.2587601032854239,2.362105213507588,0.30125950536355806,0.5420652974923613,3.4367062726275694
occlusion,history_flat,linear,future_switch_only,111,1.187513370994533,0.7463850833181024,-0.9029651497680211,-1.7416146985997025,2.2501554801532175,0.40297554855141576,0.770490585213846,5.0243595591872126
occlusion,history_flat,linear,history_switch_only,156,0.3867495411509597,-4.125701928858009,-7.756456726272556,-10.936501819557062,-0.20526376264802457,0.11361190452431075,0.8857766338027059,1.2406391376922004
occlusion,history_flat,linear,stable_los,351,0.081270105945095,-10.90069174093113,-11.370896313072663,-12.217115044861291,-7.458584760384614,0.03551208373425167,0.9361839880291213,0.4656484644177457
occlusion,history_flat,linear,stable_nlos,582,1.144704007806258,0.5869320336181347,-0.7531522573417344,-0.7354579537700705,4.103919425954225,0.2822278333918915,0.5534415748226377,1.614690299841969
occlusion,history_flat,neural_flow,future_switch_only,111,0.7462469705942649,-1.2711741888684873,-1.0708148566275764,-1.0722620563068492,1.1204449768082236,0.44344301501431643,0.677610923913685,9.357501564060783
occlusion,history_flat,neural_flow,history_switch_only,156,0.3095211408693173,-5.093096825103319,-5.504670579163492,-9.200061104663762,-0.9577928410846115,0.1586633516510632,0.8502596023683555,2.900139740692117
occlusion,history_flat,neural_flow,stable_los,351,0.1574211132800886,-8.029370206039408,-8.047819320421487,-11.39344126548382,-2.3251244939968645,0.11880434365510911,0.9013879756812017,2.4478668531139602
occlusion,history_flat,neural_flow,stable_nlos,582,0.9286634972471227,-0.3214162482529381,-1.555078549840629,-1.203905781342911,2.729043340957322,0.2972721826276923,0.5407968736922767,3.0912060114205815
occlusion,history_flat,time_rwkv_csi,future_switch_only,111,0.7502850170733893,-1.2477372617054754,-0.8919846165739405,-0.7404578032971155,0.551057738094546,0.47154397473813175,0.5658037081226572,9.864935195123827
occlusion,history_flat,time_rwkv_csi,history_switch_only,156,0.32010945431232896,-4.947014989422778,-5.044527718998239,-8.174079077646049,-0.8014753939892163,0.1808444914049454,0.8040624832292684,3.343917845748365
occlusion,history_flat,time_rwkv_csi,stable_los,351,0.19102437955962806,-7.189112022153823,-7.162388939827932,-10.624009321511709,-1.4986408542870224,0.14206250308580998,0.8568521123326402,2.91708582694751
occlusion,history_flat,time_rwkv_csi,stable_nlos,582,0.8985929008104432,-0.46437016803564746,-1.6128776478038134,-1.1411774415800704,2.4438623918038123,0.30496750900631286,0.5260089525132927,3.468982136477892
occlusion,history_flat,tpatchgnn,future_switch_only,111,0.8044151378803895,-0.9451976523086341,-1.0976202935545984,-1.5955525582453176,1.2845580769633236,0.3741239723526264,0.7661821604580492,7.327757777268621
occlusion,history_flat,tpatchgnn,history_switch_only,156,0.2912243433305636,-5.357723253333802,-6.525582717290651,-10.834978120714272,-1.356496205384036,0.1173337416331868,0.8842157742653328,2.063987273054245
occlusion,history_flat,tpatchgnn,stable_los,351,0.11123114232931743,-9.537736026078019,-9.734071481984687,-12.158577097010983,-5.019011496958331,0.07619123392318179,0.9348223211079242,1.6627950853631006
occlusion,history_flat,tpatchgnn,stable_nlos,582,0.9632458408155936,-0.16262857544379197,-1.3950993667403195,-1.084632668875145,3.0521739785747712,0.27505691886752087,0.5527840774068573,2.4551824502042043
occlusion,history_reverse,cru,future_switch_only,111,0.6553047421631647,-1.835566892270708,-0.9778181572005823,-2.0467549862206806,0.4690910974323489,0.43683893670671964,0.7022155330659033,9.366690551216069
occlusion,history_reverse,cru,history_switch_only,156,0.27332105714706884,-5.63326908188445,-6.228421269669227,-8.439692876805903,-1.2332277606906192,0.17233067049575113,0.8569721108457694,3.3764267741487575
occlusion,history_reverse,cru,stable_los,351,0.24044039769315736,-6.189925623711929,-6.75728562167234,-10.187459439907176,-2.291649435593293,0.1367302194638695,0.9065549382449066,3.099784159252786
occlusion,history_reverse,cru,stable_nlos,582,0.8370666502502065,-0.7723996054501249,-1.7814691693281302,-1.4627598806296005,1.9392368491738783,0.3485921977463505,0.5309780745733452,5.047852625630322
occlusion,history_reverse,ct_transformer_csi,future_switch_only,111,0.7164532572695952,-1.448121385144773,-1.5772994509069025,-1.969844065119766,0.7792886501223977,0.38162060071995296,0.732833057641983,7.893990823680216
occlusion,history_reverse,ct_transformer_csi,history_switch_only,156,0.24821928691268952,-6.05164476365389,-7.0371763194050345,-9.9298424521393,-0.9425741611963847,0.11510604634410508,0.8785366745283588,2.2371023812164097
occlusion,history_reverse,ct_transformer_csi,stable_los,351,0.097325303901897,-10.117742315069405,-10.383829374755582,-12.01420253078284,-6.490019809367204,0.06010524108853361,0.934219966077397,1.3247839345814305
occlusion,history_reverse,ct_transformer_csi,stable_nlos,582,0.8254168853842309,-0.833266510944296,-1.9128834863179291,-1.3176783895209858,1.5829515456157113,0.3804494934845128,0.5332349234247017,6.206043497143198
occlusion,history_reverse,harmonic,future_switch_only,111,1.7746722617664852,2.491181613075129,0.22441232423834118,-0.39491067373928795,4.130507732474745,0.8723021473794303,0.7371179532628875,8.567147513230642
occlusion,history_reverse,harmonic,history_switch_only,156,1.0358732816500542,0.15306631426494452,-3.828073913389357,-5.036657000604432,5.42171580477569,0.39530147197178733,0.8787129878615721,3.9506038162761774
occlusion,history_reverse,harmonic,stable_los,351,0.11987637131451032,-9.212664117218566,-9.21838630439628,-10.622748695962137,-5.985363854465029,0.05846336905504882,0.9314342137755152,1.2560369326199732
occlusion,history_reverse,harmonic,stable_nlos,582,1.2008816117238368,0.7950019482226062,0.07185890548824977,0.18798687451661167,3.372700552501682,0.3249248233915966,0.5048216905778304,4.697249887059074
occlusion,history_reverse,hold,future_switch_only,111,1.187513435613427,0.7463853196407327,-0.9029650471658535,-1.7416154717357444,2.2501554801532175,0.4029755735225023,0.7704906046122044,5.024359532153687
occlusion,history_reverse,hold,history_switch_only,156,0.3867495355027644,-4.125701992283554,-7.756457237092745,-10.936501420688785,-0.20526362007445326,0.11361190179536024,0.8857766297908548,1.24063884458827
occlusion,history_reverse,hold,stable_los,351,0.08127010972113044,-10.900691539145825,-11.370896121480602,-12.217115044861291,-7.458584760384614,0.03551208651586478,0.9361839808969417,0.46564857056430753
occlusion,history_reverse,hold,stable_nlos,582,1.1447040051572093,0.5869320235677876,-0.7531522397822792,-0.7354584114943254,4.103919425954225,0.28222782722245454,0.5534415776223561,1.6146901690375532
occlusion,history_reverse,kalman,future_switch_only,111,2.9542932739263184,4.704536057104524,2.4012413849224616,1.8740777205786505,5.484254258893991,1.2875458208491672,0.6854462855168291,6.288138922270353
occlusion,history_reverse,kalman,history_switch_only,156,1.9784258238923473,2.963197721263671,-1.4215096962910239,-3.242542164541482,6.254469016039206,1.000704257044559,0.8409304529046401,5.040800491968791
occlusion,history_reverse,kalman,stable_los,351,0.22361624786534753,-6.5049664397925975,-6.0544120730155315,-7.832879690917021,-2.709246505143219,0.10635506091944534,0.8819096280935823,2.1554631777618485
occlusion,history_reverse,kalman,stable_nlos,582,2.281864255660332,3.5828980538844406,2.542940520081638,2.344484481472822,6.018769265693255,0.5639327861547879,0.4713293573806299,3.827527747758347
occlusion,history_reverse,latent_ode,future_switch_only,111,0.7189656023800306,-1.4329188716078247,-1.1501715720258217,-1.159925156532591,0.7369871239151609,0.4557215151049801,0.6787454723674167,9.6267169700151
occlusion,history_reverse,latent_ode,history_switch_only,156,0.305870613946657,-5.144622451920021,-5.3905505834230265,-8.317487324706036,-1.0942465542435196,0.17188060421083207,0.8565082721030101,3.3081607399150155
occlusion,history_reverse,latent_ode,stable_los,351,0.1696441723501437,-7.704610547317773,-7.70836854290831,-10.628478057367337,-2.478274565441511,0.1348681130293595,0.9051900687720361,2.9120818875196717
occlusion,history_reverse,latent_ode,stable_nlos,582,0.8784936166033781,-0.5626138987045145,-1.7270872488962683,-1.285888797826364,2.2430221941715387,0.30902640128009545,0.5300605238644931,3.7328088178532997
occlusion,history_reverse,linear,future_switch_only,111,3.102632974886948,4.917304038765094,2.6135456119731253,2.071649983421634,5.7408403048032355,1.3457347700825415,0.6928741132488122,6.024728751800081
occlusion,history_reverse,linear,history_switch_only,156,2.0796864298649895,3.179978580178626,-1.1956604933572863,-3.1013216907433754,6.391700758180264,1.065828003968375,0.8372744493759595,5.108839197036548
occlusion,history_reverse,linear,stable_los,351,0.2359967804314871,-6.270939218196261,-5.815256275281034,-7.700255793405205,-2.4833561498468244,0.11153510878621428,0.8765792953131715,2.2198959516409116
occlusion,history_reverse,linear,stable_nlos,582,2.417790593156956,3.834186835492895,2.773174847926076,2.5818174833197647,6.343747355025574,0.6048614044907371,0.47367217661764893,3.7609847107961376
occlusion,history_reverse,neural_flow,future_switch_only,111,0.742169812552396,-1.2949671437492145,-1.087155000239605,-1.0849209334528862,0.9898553192160806,0.4452581078648936,0.6662023529276118,9.397402149700635
occlusion,history_reverse,neural_flow,history_switch_only,156,0.30610671632968706,-5.1412714138299265,-5.537593910615939,-9.22837641217113,-0.9746173802087399,0.1584004132910195,0.8500878397220125,2.899272366068684
occlusion,history_reverse,neural_flow,stable_los,351,0.15742991960582925,-8.029127263296553,-8.037770265791664,-11.394560381653768,-2.3223305162117995,0.11875529532207865,0.9011410052789922,2.448256491380943
occlusion,history_reverse,neural_flow,stable_nlos,582,0.9197358835704686,-0.3633686914999915,-1.5947156993261014,-1.2084739536704177,2.680472445332342,0.30127069739845586,0.5342555850651435,3.247155457835875
occlusion,history_reverse,time_rwkv_csi,future_switch_only,111,0.7485243423237793,-1.2579407165360281,-0.9069177480726288,-0.7918656823532279,0.54540664965134,0.47074582848513313,0.5570449737479558,9.843079225504184
occlusion,history_reverse,time_rwkv_csi,history_switch_only,156,0.32104653563239993,-4.934320121323166,-5.078643429477799,-8.11532523229139,-0.7367202003102353,0.18160319007858142,0.800971777157452,3.354766352415586
occlusion,history_reverse,time_rwkv_csi,stable_los,351,0.19004971884553218,-7.2113276854403585,-7.186042620843614,-10.635640010007695,-1.5463250410017841,0.1412418760240965,0.8578904451977494,2.8995640593344754
occlusion,history_reverse,time_rwkv_csi,stable_nlos,582,0.8974118043262115,-0.4700822216641748,-1.6166164433127637,-1.1452450698033476,2.4328608634335125,0.3063047114929006,0.5215669753040144,3.502059445698038
occlusion,history_reverse,tpatchgnn,future_switch_only,111,0.6702430091949331,-1.7376770712337162,-1.661017619706734,-2.1025257621278155,0.26149636815597993,0.409132181716871,0.7421237531009021,8.995002713306127
occlusion,history_reverse,tpatchgnn,history_switch_only,156,0.24388714991689014,-6.128110814706249,-6.595801589156602,-9.985110374454681,-1.6128106888404654,0.138862803849173,0.8809329394537669,2.954022841504178
occlusion,history_reverse,tpatchgnn,stable_los,351,0.12760072542312012,-8.941468565994757,-9.113298936717925,-11.359330748524057,-4.088001923593135,0.09327664457656579,0.9332079411911489,2.1097408078522673
occlusion,history_reverse,tpatchgnn,stable_nlos,582,0.7576576665374274,-1.2052697789880136,-2.1825738527555076,-1.3636414147203229,0.9994538092851167,0.4165048314925744,0.5357249838006911,7.476388705610313
occlusion,main,cru,future_switch_only,242,0.582936018276267,-2.343791097940184,-2.199723818531374,-2.611721984572763,0.04899865073601621,0.35955794492913484,0.6704272307101483,7.382952484479251
occlusion,main,cru,history_switch_only,570,0.3312212135222038,-4.798818560036986,-6.212257239277984,-7.412889769921319,-0.5662631450436884,0.17832804472911223,0.8402475610538794,3.2222648400110763
occlusion,main,cru,stable_los,1021,0.19263014386088317,-7.15275751022025,-7.451582358623678,-10.411899094711236,-3.503443745257821,0.11480500471087704,0.924636647798464,2.642145361936488
occlusion,main,cru,stable_nlos,1767,0.8225702581013777,-0.8482699744776184,-1.7486243433015047,-1.502455420524573,2.027156323729605,0.3399177874790544,0.5354955611530369,4.7311175236742375
occlusion,main,ct_transformer_csi,future_switch_only,242,0.7520748130110774,-1.2373895560276085,-1.6454070615757441,-2.0641219405698332,0.8230210909901307,0.3752539226432809,0.7333214812227025,7.707015513650273
occlusion,main,ct_transformer_csi,history_switch_only,570,0.28108441928818234,-5.511632269813259,-6.971384253506682,-9.54576235664296,-0.39432700342123583,0.14378479533658256,0.8454880322697327,2.734185661949838
occlusion,main,ct_transformer_csi,stable_los,1021,0.0960750789148391,-10.173892501395429,-10.218721574058186,-11.999515465203137,-6.140077643176723,0.06168333297398353,0.9394894607737295,1.386817548833882
occlusion,main,ct_transformer_csi,stable_nlos,1767,0.8182664067434795,-0.8710527806184654,-1.661604292989174,-1.2042067811149402,1.5801855092626025,0.38321811419458457,0.5375953961790834,6.230963680613707
occlusion,main,harmonic,future_switch_only,242,1.653227444661782,2.183326062432521,-0.011598592396055856,-0.8804024125639983,4.764351944106846,0.7921656177640825,0.7432166177871798,6.199944049169979
occlusion,main,harmonic,history_switch_only,570,1.0523962494448744,0.2217929166727845,-1.9167604365687718,-10.139915967989655,1.947797856403716,0.5126165459598045,0.8521185231672829,1.931502715560093
occlusion,main,harmonic,stable_los,1021,0.14029548118449883,-8.52956317056044,-7.454217660611354,-12.834706595258787,-5.332206737315447,0.06281205915691034,0.943932390535555,0.9367492211234403
occlusion,main,harmonic,stable_nlos,1767,1.2640412672003052,1.0176125260524356,0.02397104123320694,-0.878680775596091,3.323682720925103,0.44579627274363776,0.541355975515429,3.113816139853194
occlusion,main,hold,future_switch_only,242,1.3365207522913183,1.25975706478741,-0.8143706384197338,-1.719570062685049,3.6942320793567074,0.47798290689202116,0.771083413969633,5.277774442518361
occlusion,main,hold,history_switch_only,570,0.45473159096331905,-3.422448735836132,-7.484051829519642,-10.313943024550568,1.11700693607566,0.1332317879555998,0.853089745836169,1.281466885553387
occlusion,main,hold,stable_los,1021,0.08144658767324864,-10.891271063919666,-11.371212241700237,-12.472452241431693,-7.496478370238404,0.03782673629711874,0.9408705424258338,0.5377251535070452
occlusion,main,hold,stable_nlos,1767,1.1600061240814858,0.6446028202672485,-0.4109084007477042,-0.5358143912269391,4.1235076056609765,0.2812425093339661,0.5584822944381254,1.5926421419451204
occlusion,main,kalman,future_switch_only,242,1.365668282101738,1.3534522295629348,-0.007788564113334154,-2.1967425749815255,5.776211405874265,0.3580573370661963,0.7897850737314333,2.284426310560632
occlusion,main,kalman,history_switch_only,570,0.9124443975453017,-0.3979359106326875,-6.108345649955112,-12.274164567978207,1.633948609889097,0.44145925828538324,0.8602796660768881,1.1829540717227613
occlusion,main,kalman,stable_los,1021,0.13458317291609195,-8.710092370401757,-9.177603469805929,-12.832906777110285,-4.8555331982021475,0.08215873335244078,0.9507254311900648,1.0466763716687744
occlusion,main,kalman,stable_nlos,1767,1.9924738356032174,2.993926271182116,1.9140638351917056,0.4356136271263815,6.991778974304059,0.6222072754193192,0.5506330265292775,2.524921592011435
occlusion,main,latent_ode,future_switch_only,242,0.6275692952910827,-2.023383130326151,-1.6414273341387537,-1.72938432690025,0.25740865262463436,0.4322793553507558,0.6438496249101571,9.113788816492912
occlusion,main,latent_ode,history_switch_only,570,0.3211758425190183,-4.932571279488942,-5.774137800686373,-7.534708992057481,-0.3852259740383263,0.1818197513295066,0.8205663268797492,3.2872097111813594
occlusion,main,latent_ode,stable_los,1021,0.161396265236114,-7.921065192181208,-7.636350732941411,-10.863582166876224,-3.3882868514491267,0.1278112233181365,0.9103256608783673,2.8467422502555944
occlusion,main,latent_ode,stable_nlos,1767,0.8756073609168218,-0.5769059613092157,-1.4879747949740254,-1.011587743072288,2.3096495614722046,0.313052763065024,0.5218518005984313,3.766840157384737
occlusion,main,linear,future_switch_only,242,1.4344977377249435,1.5669986767832373,0.20859885034656755,-2.1000527770303146,5.997180018594933,0.3847985744979412,0.7862050406796443,2.3776115902087627
occlusion,main,linear,history_switch_only,570,1.0017298400543504,0.007506109587410657,-5.779535082521989,-12.513486623848967,1.953788719016057,0.5061315778632904,0.8586020756447524,1.2195203032183233
occlusion,main,linear,stable_los,1021,0.1445074603657923,-8.4010973137068,-8.860317745254878,-12.599805552088029,-4.473964392325092,0.08970656556568275,0.9495749107537377,1.1015812578245867
occlusion,main,linear,stable_nlos,1767,2.1196678256433072,3.262678077244112,2.1588524398254028,0.6177236682474928,7.217201482027226,0.6890312586683417,0.5486007217207518,2.6157498472274283
occlusion,main,neural_flow,future_switch_only,242,0.6833549597681103,-1.6535364913805672,-1.4840431303685877,-1.5792509307185918,0.7474983048942214,0.416467926545732,0.6489557637332761,8.705678601664575
occlusion,main,neural_flow,history_switch_only,570,0.32981483420932034,-4.817298148213741,-5.7620489734982705,-9.046209869143055,-0.10701954661474901,0.17133037916678484,0.8183952872094028,2.9349871981713367
occlusion,main,neural_flow,stable_los,1021,0.14999893057626654,-8.23911837254198,-8.045184737711264,-11.638501656349646,-2.8299504559970634,0.11329202788924744,0.9087330753551057,2.397551671180696
occlusion,main,neural_flow,stable_nlos,1767,0.9136571491655778,-0.39216743171115864,-1.346489903494371,-0.9295034527934258,2.751135434419246,0.3038227267794601,0.5258631478969324,3.292831401557287
occlusion,main,time_rwkv_csi,future_switch_only,242,0.7614973802208489,-1.1833158642851147,-0.9048558571801966,-0.6780422516867715,0.5506701656762123,0.47276522837745694,0.5478388749771128,9.953521808224522
occlusion,main,time_rwkv_csi,history_switch_only,570,0.36542263832040284,-4.372045511458177,-4.933280353592781,-7.499198784388799,-0.32885365879890466,0.19624256212537466,0.7754958649451861,3.440334542862777
occlusion,main,time_rwkv_csi,stable_los,1021,0.18586386689337256,-7.308050316055896,-7.150778157836246,-10.79957729306236,-1.507372744416847,0.1399185432661018,0.8643365503962896,2.932264588665615
occlusion,main,time_rwkv_csi,stable_nlos,1767,0.8965353671482656,-0.47432573414272117,-1.336653714532223,-0.9506451025469008,2.5194650274871755,0.308240481161952,0.5213297457404359,3.5305657235476104
occlusion,main,tpatchgnn,future_switch_only,242,0.6081529334197129,-2.1598719410155898,-2.0935199313647948,-3.0135523082369238,0.26198007847546934,0.3545460048596344,0.7408406680896262,7.690205058478366
occlusion,main,tpatchgnn,history_switch_only,570,0.2781236504743758,-5.557620789755009,-7.254522372311156,-9.83801345743356,-1.419037302283657,0.13171658636873185,0.8483658215521197,2.4439668455990358
occlusion,main,tpatchgnn,stable_los,1021,0.11221265615487196,-9.499581574448847,-9.451535337673539,-12.12490265039589,-4.861120593250887,0.07939728627026815,0.9394039659378695,1.7998086550591348
occlusion,main,tpatchgnn,stable_nlos,1767,0.7581728294675714,-1.2023178338061993,-1.9985558570695545,-1.4899859483168774,1.3704413227372951,0.3670961063664001,0.5434925266913516,6.132181488774953
occlusion,offgrid,cru,future_switch_only,85,0.6810246950563262,-1.6683713958172464,-1.9683460055814308,-2.2487096982962793,0.24289923310947933,0.43334810514660443,0.6688849148943143,9.24775488972664
occlusion,offgrid,cru,history_switch_only,132,0.5138129198028654,-2.8919497961707052,-4.42455106779211,-4.472644413645932,0.9029814605468186,0.2706393134755093,0.8109901937881879,5.409708730848224
occlusion,offgrid,cru,stable_los,244,0.3883309860858822,-4.107979544212209,-4.719823760181629,-5.597131461823054,-1.1437023812581415,0.2408841546876814,0.8953374739064545,5.386522509905769
occlusion,offgrid,cru,stable_nlos,403,0.9710649343741313,-0.12751728179047284,-0.8375523246565639,-0.21483188694799632,1.8159323537282213,0.48796362308112246,0.4248057098442537,8.457911423765696
occlusion,offgrid,ct_transformer_csi,future_switch_only,85,0.7266027762609369,-1.3870294708367874,-1.7530997434122204,-2.2967073608497866,0.6881277632148368,0.4093272264389431,0.7343588844818227,8.555140764573041
occlusion,offgrid,ct_transformer_csi,history_switch_only,132,0.4085668212078555,-3.887369043492023,-5.571619049685177,-6.3069211576342745,0.5944616932971567,0.18983996918524843,0.8313626766091946,3.9881446732518575
occlusion,offgrid,ct_transformer_csi,stable_los,244,0.14216326668450122,-8.472126056954876,-8.552832762666968,-9.257449217134813,-5.369140355724448,0.09611128033405994,0.929715488777786,2.392920722071692
occlusion,offgrid,ct_transformer_csi,stable_nlos,403,0.9284429107214932,-0.3224479555466352,-0.7583936193424773,-0.13923166313823138,1.3601843218140734,0.4901801010620637,0.4485076088088544,9.13903060364456
occlusion,offgrid,harmonic,future_switch_only,85,1.2366498489590252,0.9224674878706214,-0.3035679436182969,-0.7688833530088244,2.2657477389367204,0.6053269352106487,0.701400923181106,7.4852320002994555
occlusion,offgrid,harmonic,history_switch_only,132,1.6758576117070774,2.2423711627703575,-0.23614971550638847,-9.082695599834722,7.497484576005953,0.9270916012628594,0.823727016308994,2.328722009301242
occlusion,offgrid,harmonic,stable_los,244,0.1524837922889808,-8.167763156190633,-7.757775074018283,-9.920307794879996,-4.867972138937128,0.06816116766538947,0.9291471779102185,1.303726787417917
occlusion,offgrid,harmonic,stable_nlos,403,1.4564059463929888,1.6328244345635154,1.229310667014816,0.9535174329279534,3.909549136659324,0.34585349188965026,0.4886646384828858,3.3792837204448603
occlusion,offgrid,hold,future_switch_only,85,1.109980321719366,0.45315279467335273,-1.1462400562129353,-2.105625691236998,2.9656683753288684,0.43546058653908615,0.7615791958921095,5.9694959672167895
occlusion,offgrid,hold,history_switch_only,132,0.8253403481847988,-0.8336692313773376,-5.88179369780521,-7.003197799882025,4.759933224582679,0.17778024806648318,0.8421330556386348,1.983054095462924
occlusion,offgrid,hold,stable_los,244,0.1164145587181785,-9.339927037446225,-9.932501482917274,-10.480417175692963,-6.828399316135914,0.05479393889671898,0.9322524459147062,0.9534035301996303
occlusion,offgrid,hold,stable_nlos,403,1.6664217271392578,2.21784919394786,1.2514048298674134,1.8570047908880085,4.879112693073013,0.3235404092177781,0.49838901617478754,1.9905382585214917
occlusion,offgrid,kalman,future_switch_only,85,1.0358426124734037,0.15293773047386983,-0.5562119945699381,-2.238429424939974,3.4436914911813137,0.2175634426448275,0.7931098903803264,2.038653267547488
occlusion,offgrid,kalman,history_switch_only,132,1.0956353120917894,0.3966602102576316,-4.9811795243387005,-9.80126978011737,4.521086797138824,0.46787974115354836,0.8240401420855161,1.754448351280933
occlusion,offgrid,kalman,stable_los,244,0.21645957750929556,-6.646231935541463,-7.344842445698644,-8.830713591808458,-3.130626300742374,0.13007591652076073,0.9445272933264248,1.687030419812263
occlusion,offgrid,kalman,stable_nlos,403,3.300554403504842,5.185868956839449,4.032927361378789,3.5687663381726162,8.229855835838324,1.0544740009802178,0.5071082827686204,3.4268763115613377
occlusion,offgrid,latent_ode,future_switch_only,85,0.6751283884048462,-1.7061363002278958,-1.6357480436170244,-1.917269087372104,0.12805778150047373,0.4865097119089435,0.6444903418421746,10.62129661546034
occlusion,offgrid,latent_ode,history_switch_only,132,0.480915833424936,-3.1793092420321276,-3.70837270056438,-3.3838735535132383,0.5046041865931631,0.31198659476679796,0.7651359241342905,6.126519698254539
occlusion,offgrid,latent_ode,stable_los,244,0.29370648775738284,-5.320864601298666,-5.1827976183230255,-5.6620728554254,-2.415968013553984,0.2519040315079915,0.8824879491671187,5.510625490559967
occlusion,offgrid,latent_ode,stable_nlos,403,1.0536757542245627,0.22706986762969059,-0.3543537358706351,0.17437603410453004,2.1910230314576475,0.44193444640789337,0.4138294092391643,7.128668238286382
occlusion,offgrid,linear,future_switch_only,85,1.0814379478202147,0.3400160496566837,-0.355996165397507,-2.034748866611246,3.5561810767043993,0.2298728745430708,0.7901834414285772,2.181324593350291
occlusion,offgrid,linear,history_switch_only,132,1.1789378123095517,0.7149089713655922,-4.661783117917421,-9.892886295804509,4.696829220226872,0.5293658088512254,0.823006987402385,1.8184831872005651
occlusion,offgrid,linear,stable_los,244,0.23201937169303208,-6.3447575360836534,-7.0169355003975395,-8.467076327909275,-2.6838579030953564,0.14172571932562517,0.9433807520592798,1.7656217951653908
occlusion,offgrid,linear,stable_nlos,403,3.5642578240701233,5.51969111616541,4.347564036889208,3.926871906814327,8.537635618510183,1.2041143536563066,0.5051222710021501,3.718949181574256
occlusion,offgrid,neural_flow,future_switch_only,85,0.714706758015296,-1.4587211134380895,-1.550840992684356,-1.7844747681791415,0.419829684338642,0.45296622308738094,0.6611519814578488,9.773278579291176
occlusion,offgrid,neural_flow,history_switch_only,132,0.5198972513005147,-2.8408247867754683,-3.889697057326431,-3.9003050141314417,1.5873943472724503,0.25367545225895866,0.7980302874506875,4.919828604723355
occlusion,offgrid,neural_flow,stable_los,244,0.24787402503597017,-6.057689809957419,-6.041401007888104,-6.7277832144270135,-2.871563083817627,0.20156065631871584,0.8929440340057748,4.447096302236056
occlusion,offgrid,neural_flow,stable_nlos,403,1.1268128123118197,0.5185177644356301,-0.12840268404639976,0.3572134387272403,2.7118386013784153,0.3914042855550104,0.44687712003844365,5.696783363079611
occlusion,offgrid,time_rwkv_csi,future_switch_only,85,0.807471070044181,-0.9287302855753314,-0.8639428086896321,-0.9077842992786999,0.39823613083728876,0.5509897951694096,0.6137565013240366,11.820506958663463
occlusion,offgrid,time_rwkv_csi,history_switch_only,132,0.5930802332780083,-2.268865502902904,-2.7077864381108627,-2.645462329995592,1.4357564402833967,0.32978840221723216,0.7262451519455874,6.2819175947401105
occlusion,offgrid,time_rwkv_csi,stable_los,244,0.34494099924035493,-4.622551828850806,-4.673356674498209,-4.528709350775772,-2.0452357505796837,0.2873961977130107,0.8147475383565074,5.91298389549703
occlusion,offgrid,time_rwkv_csi,stable_nlos,403,1.0874772418403615,0.3642017703212831,-0.13588845998993948,0.34705965921648163,2.271006715456999,0.415813613408846,0.4357293234330951,6.35770765533925
occlusion,offgrid,tpatchgnn,future_switch_only,85,0.6019353316110723,-2.204501642788218,-2.3653038079136572,-2.591760228762115,-0.14846906971396523,0.38411911866244147,0.7304071487749324,8.669890202669537
occlusion,offgrid,tpatchgnn,history_switch_only,132,0.38561598344103637,-4.1384497327444025,-5.670316118312062,-6.29774901948147,0.3550945595269938,0.18032506133815993,0.8342426487837326,3.6818621554799997
occlusion,offgrid,tpatchgnn,stable_los,244,0.1697224747631928,-7.702606443096002,-7.7839571156682865,-8.317289896089273,-4.505750429043971,0.12613061748132048,0.9309840837463004,3.0105462624523485
occlusion,offgrid,tpatchgnn,stable_nlos,403,0.917400568506447,-0.3744099507482721,-0.8690159884724395,-0.15704768479720133,1.4534594778207592,0.47168472614607293,0.47295704715776604,8.776186678974563
occlusion,pattern_random_n16,cru,future_switch_only,111,0.5791047914540982,-2.372428417434236,-2.281139283917418,-2.6167378737806564,0.11293124873898086,0.35445486252858965,0.6775341578969011,7.388543733907444
occlusion,pattern_random_n16,cru,history_switch_only,156,0.30530915566114114,-5.152601718117512,-6.359185070846873,-8.10010565536967,-1.4197330860008903,0.16268919387071853,0.8767235325052379,3.0264808597664037
occlusion,pattern_random_n16,cru,stable_los,351,0.18734651906853622,-7.273543717635155,-7.774231401050633,-10.416356994203909,-3.490692896440736,0.11015233645604344,0.9185766419793806,2.4990951792148612
occlusion,pattern_random_n16,cru,stable_nlos,582,0.8331813577899014,-0.7926045583849106,-1.985138129228923,-1.6442080117013118,2.1618290228618755,0.3334922905553483,0.5339472300298608,4.585210473811859
occlusion,pattern_random_n16,ct_transformer_csi,future_switch_only,111,0.7065171942037219,-1.508772644496312,-1.688335075400928,-2.0613896950821164,0.8167454762808521,0.3695613528449227,0.7384592375911034,7.532937741225904
occlusion,pattern_random_n16,ct_transformer_csi,history_switch_only,156,0.24137632672537643,-6.173053261056552,-7.093568105577948,-10.185639641723307,-0.9642889428418856,0.1182990254783829,0.8790521231503823,2.306860263981761
occlusion,pattern_random_n16,ct_transformer_csi,stable_los,351,0.09829660781866147,-10.07461469258979,-10.235618158461772,-11.823571532804708,-6.470389090011192,0.06178719985917041,0.934707244237264,1.3543874310844304
occlusion,pattern_random_n16,ct_transformer_csi,stable_nlos,582,0.8202829820677419,-0.8603629840970041,-1.9242852548518008,-1.2864088841834413,1.4504489424007792,0.3846478111211041,0.5329737021242794,6.293910969790436
occlusion,pattern_random_n16,harmonic,future_switch_only,111,1.324273876494493,1.219778119541146,-0.21047336610254297,-1.9372730105189773,2.033068295887376,0.6018756393346225,0.7570396610745439,6.200767789875065
occlusion,pattern_random_n16,harmonic,history_switch_only,156,0.8200265709229149,-0.8617207515501152,-6.343525025930391,-13.644852613404801,-2.5228990157498394,0.4256012837273281,0.898980397444505,1.3506438694983864
occlusion,pattern_random_n16,harmonic,stable_los,351,0.0872069805856954,-10.594487500615895,-10.637222874900443,-13.898659485120504,-6.798724653956134,0.038492313397000544,0.9551554223750731,0.7351753051124746
occlusion,pattern_random_n16,harmonic,stable_nlos,582,0.8592340533133145,-0.6588851926905903,-1.4391205066645751,-1.8103844219034375,2.5013947688853584,0.24933483963884767,0.5527957441674104,2.725087555103753
occlusion,pattern_random_n16,hold,future_switch_only,111,1.187513435613427,0.7463853196407327,-0.9029650471658535,-1.7416154717357444,2.2501554801532175,0.4029755735225023,0.7704906046122044,5.024359532153687
occlusion,pattern_random_n16,hold,history_switch_only,156,0.3867495355027644,-4.125701992283554,-7.756457237092745,-10.936501420688785,-0.20526362007445326,0.11361190179536024,0.8857766297908548,1.24063884458827
occlusion,pattern_random_n16,hold,stable_los,351,0.08127010972113044,-10.900691539145825,-11.370896121480602,-12.217115044861291,-7.458584760384614,0.03551208651586478,0.9361839808969417,0.46564857056430753
occlusion,pattern_random_n16,hold,stable_nlos,582,1.1447040051572093,0.5869320235677876,-0.7531522397822792,-0.7354584114943254,4.103919425954225,0.28222782722245454,0.5534415776223561,1.6146901690375532
occlusion,pattern_random_n16,kalman,future_switch_only,111,1.1855897183004591,0.7393442435257995,-0.010236006117063653,-3.249170883607267,5.308677427966948,0.2454459069065067,0.8091544683452125,2.1103294386113114
occlusion,pattern_random_n16,kalman,history_switch_only,156,0.7610660990523264,-1.1857762285221058,-6.674633716239251,-13.466481573807581,-2.1252087757809885,0.39128709827961455,0.9017281834131632,1.033543510720707
occlusion,pattern_random_n16,kalman,stable_los,351,0.12665640092443242,-8.973728570703194,-9.023797805627007,-12.480143606628186,-4.516300503090796,0.0762160373086334,0.9517080187797546,1.0646567657534192
occlusion,pattern_random_n16,kalman,stable_nlos,582,2.0034277262053126,3.017736798476424,1.715989511701336,0.6570529804650047,6.994381776375038,0.5782603806792238,0.5585725905855355,2.530933938648462
occlusion,pattern_random_n16,latent_ode,future_switch_only,111,0.6203245772678103,-2.073810117411435,-1.636855584646525,-1.9371128782358702,0.2881165689893453,0.42714374801479615,0.6624087870188125,8.79977959911297
occlusion,pattern_random_n16,latent_ode,history_switch_only,156,0.2842618603097388,-5.462814061138724,-5.922821381888342,-8.493310384131387,-1.1457919059267134,0.1661155101361286,0.850827722529618,3.170354084490846
occlusion,pattern_random_n16,latent_ode,stable_los,351,0.16115786312257424,-7.927484997859379,-7.864534187265182,-10.790435674646453,-3.5091137944299584,0.1254792509660552,0.907911978895508,2.748378577863033
occlusion,pattern_random_n16,latent_ode,stable_nlos,582,0.8713725314158954,-0.5979613460284526,-1.7919340873857785,-1.2696234920798837,2.1508008314815883,0.31141065430506,0.5204693903984831,3.759780350574084
occlusion,pattern_random_n16,linear,future_switch_only,111,1.2308980773611053,0.9022209332755748,0.17847580556644882,-3.1617544711925722,5.514129637530906,0.2601900827150104,0.8050995207316166,2.187189927475678
occlusion,pattern_random_n16,linear,history_switch_only,156,0.8124677566957894,-0.901938652622623,-6.457813620461792,-13.344348593498218,-2.0650475386069256,0.4310114114962114,0.9007362866630921,1.0437023548520534
occlusion,pattern_random_n16,linear,stable_los,351,0.13370042706248875,-8.7386720552346,-8.764800402746676,-12.34504369648096,-4.46651784711347,0.08176256911603062,0.9510813700167882,1.1157257109933514
occlusion,pattern_random_n16,linear,stable_nlos,582,2.11699899774606,3.2572065241078723,1.9311701716462166,0.8163609117029755,7.20136520318201,0.630461801153218,0.5572366423527246,2.610035690184542
occlusion,pattern_random_n16,neural_flow,future_switch_only,111,0.6777264691746651,-1.689455522941444,-1.4532730076949618,-1.7662679444661742,0.9848887578446965,0.41566617295632624,0.658815041947942,8.59861506239788
occlusion,pattern_random_n16,neural_flow,history_switch_only,156,0.2885229561579763,-5.3981962675051545,-5.87631427816909,-9.34262889307547,-1.046027264520494,0.15523360308827996,0.8490385428259077,2.8265490559861064
occlusion,pattern_random_n16,neural_flow,stable_los,351,0.15254294956743086,-8.166078603566753,-8.175583497927573,-11.434896851711107,-2.884475455079189,0.11364184732581976,0.9043950408782035,2.3493915124228515
occlusion,pattern_random_n16,neural_flow,stable_nlos,582,0.9145237974425169,-0.3880498896996013,-1.6348185644707773,-1.1555917241239244,2.6658986108604994,0.3019142707255633,0.5255113510843814,3.238968550110317
occlusion,pattern_random_n16,time_rwkv_csi,future_switch_only,111,0.7475620824591936,-1.2635273484317657,-0.9031509881403839,-0.7738143272529714,0.5426272353237069,0.4712908395884877,0.5616739265419342,9.864518295470122
occlusion,pattern_random_n16,time_rwkv_csi,history_switch_only,156,0.3204737750090247,-4.942075038514443,-5.061568396110476,-8.167568374640004,-0.7540379176708809,0.18132790315305614,0.8027484366932932,3.352718439251662
occlusion,pattern_random_n16,time_rwkv_csi,stable_los,351,0.1908340189308114,-7.193442034422346,-7.1674916658945085,-10.63761521687818,-1.5019962957514001,0.1418343184832908,0.8569886889892426,2.9121640603710763
occlusion,pattern_random_n16,time_rwkv_csi,stable_nlos,582,0.8975276751896804,-0.46952151109691526,-1.6160499490226767,-1.1454234941238859,2.4340920468094334,0.3058239292178669,0.5234062947435173,3.492235141339443
occlusion,pattern_random_n16,tpatchgnn,future_switch_only,111,0.6059853369789617,-2.175378843257408,-2.2218880564436816,-3.176782997065273,0.3190116908107493,0.33266229790955026,0.7516323385072184,6.922677437967814
occlusion,pattern_random_n16,tpatchgnn,history_switch_only,156,0.2378400580954547,-6.237149977211631,-7.59037155625374,-10.84952913724312,-2.7095050765554767,0.10710486589810805,0.8814178171734779,2.065529836198458
occlusion,pattern_random_n16,tpatchgnn,stable_los,351,0.11337073959053316,-9.454990201707702,-9.645439552078969,-11.902853210807518,-5.1206043120879405,0.07769059321883386,0.934526764938974,1.7141245885225123
occlusion,pattern_random_n16,tpatchgnn,stable_nlos,582,0.7370549317075682,-1.3250014355416622,-2.3685686780475694,-1.6933703353337943,1.0024051942309675,0.3677786371684265,0.5403143035590366,6.23039845879673
