sample_id,traj_id,query_s,difference_over_target_energy,difference_over_refined_prediction_energy,coarse_full_csi_nmse,refined_full_csi_nmse
cruise_008:0:696,cruise_008,0.009999999776482582,8.118351148248025e-14,3.810737862672702e-13,0.7322694063186646,0.7322694063186646
cruise_008:0:696,cruise_008,0.019999999552965164,5.77889598980139e-14,2.728281542172723e-13,0.7341410517692566,0.7341410517692566
cruise_008:0:696,cruise_008,0.05000000074505806,5.861215909892921e-14,2.92638090275115e-13,0.7489128112792969,0.7489128112792969
cruise_008:0:696,cruise_008,0.10000000149011612,9.556295292553466e-14,4.881366357046652e-13,0.7552837133407593,0.7552837133407593
cruise_008:0:696,cruise_008,0.20000000298023224,5.551759739102893e-14,2.957468342402464e-13,0.7706806659698486,0.7706806659698486
cruise_008:0:696,cruise_008,0.5,5.694705084945437e-14,3.606988115094572e-13,0.8347105383872986,0.8347105383872986
cruise_011:0:3104,cruise_011,0.009999999776482582,1.882692605206221e-12,5.6231895887437175e-12,0.5543441772460938,0.5543441772460938
cruise_011:0:3104,cruise_011,0.019999999552965164,1.917665636182105e-12,5.671812583910565e-12,0.5458071827888489,0.5458073019981384
cruise_011:0:3104,cruise_011,0.05000000074505806,1.8762293110754827e-12,5.455068357553128e-12,0.5479305386543274,0.5479305386543274
cruise_011:0:3104,cruise_011,0.10000000149011612,1.925435549838576e-12,5.4434076009835965e-12,0.5574522018432617,0.5574522614479065
cruise_011:0:3104,cruise_011,0.20000000298023224,1.966414793162288e-12,5.246815980908666e-12,0.5755168795585632,0.5755168795585632
cruise_011:0:3104,cruise_011,0.5,2.288321382894005e-12,4.889746469645417e-12,0.6812071800231934,0.6812072992324829
cruise_016:0:1663,cruise_016,0.009999999776482582,1.202261244965422e-13,2.815314832175884e-13,0.35815954208374023,0.35815948247909546
cruise_016:0:1663,cruise_016,0.019999999552965164,1.0727698839837609e-13,2.535875172793292e-13,0.3693011403083801,0.36930108070373535
cruise_016:0:1663,cruise_016,0.05000000074505806,9.808470076002958e-14,2.321525297113422e-13,0.3746294379234314,0.3746294379234314
cruise_016:0:1663,cruise_016,0.10000000149011612,1.4742674374954476e-13,3.353225001216249e-13,0.3696545362472534,0.36965447664260864
cruise_016:0:1663,cruise_016,0.20000000298023224,1.1745162252526337e-13,2.659349608960318e-13,0.40412458777427673,0.40412458777427673
cruise_016:0:1663,cruise_016,0.5,9.829742926464715e-14,2.0602379716775967e-13,0.5010941624641418,0.5010941624641418
highspeed_005:0:3190,highspeed_005,0.009999999776482582,8.163545754691519e-14,3.1060343625806205e-13,0.734168291091919,0.7341681122779846
highspeed_005:0:3190,highspeed_005,0.019999999552965164,8.061850158219405e-14,2.9963280034434317e-13,0.7314406633377075,0.7314406633377075
highspeed_005:0:3190,highspeed_005,0.05000000074505806,9.199022325795876e-14,3.381415701248426e-13,0.7378732562065125,0.7378732562065125
highspeed_005:0:3190,highspeed_005,0.10000000149011612,8.61842318662464e-14,3.028217952132194e-13,0.7450284361839294,0.7450284361839294
highspeed_005:0:3190,highspeed_005,0.20000000298023224,1.269402060501529e-13,4.0863376076968593e-13,0.7623248100280762,0.7623248100280762
highspeed_005:0:3190,highspeed_005,0.5,1.5760668761602142e-13,3.8783816843827665e-13,0.8686721324920654,0.868672251701355
highspeed_007:0:1626,highspeed_007,0.009999999776482582,2.0033065895111552e-13,3.4552318039546714e-13,0.14935171604156494,0.14935174584388733
highspeed_007:0:1626,highspeed_007,0.019999999552965164,1.3760119273843722e-13,2.373732484841981e-13,0.1514761745929718,0.151476189494133
highspeed_007:0:1626,highspeed_007,0.05000000074505806,1.3886559647320093e-13,2.3889287866996097e-13,0.15802067518234253,0.15802067518234253
highspeed_007:0:1626,highspeed_007,0.10000000149011612,1.6191970517620366e-13,2.7755578230643603e-13,0.17333398759365082,0.1733340173959732
highspeed_007:0:1626,highspeed_007,0.20000000298023224,1.658724438015906e-13,2.81529114684949e-13,0.21781666576862335,0.21781672537326813
highspeed_007:0:1626,highspeed_007,0.5,2.296077872420451e-13,3.6943242316995045e-13,0.4567849338054657,0.45678502321243286
highspeed_018:0:522,highspeed_018,0.009999999776482582,7.917431870596938e-14,2.005737511049193e-13,0.4215942323207855,0.4215942323207855
highspeed_018:0:522,highspeed_018,0.019999999552965164,8.226510214965371e-14,2.0880755892502798e-13,0.4225911498069763,0.4225911796092987
highspeed_018:0:522,highspeed_018,0.05000000074505806,1.4835881253056906e-13,3.7398131927314074e-13,0.4204055070877075,0.42040541768074036
highspeed_018:0:522,highspeed_018,0.10000000149011612,9.627838889487515e-14,2.4530250266380754e-13,0.4183380901813507,0.4183380901813507
highspeed_018:0:522,highspeed_018,0.20000000298023224,9.196217562030318e-14,2.3302445076822874e-13,0.41825956106185913,0.4182596206665039
highspeed_018:0:522,highspeed_018,0.5,7.816965331802324e-14,1.9161705450884543e-13,0.42348513007164,0.4234851896762848
sweep_turn_010:0:782,sweep_turn_010,0.009999999776482582,1.4769359815051105e-13,3.288768775752006e-13,0.37410295009613037,0.37410295009613037
sweep_turn_010:0:782,sweep_turn_010,0.019999999552965164,1.1767311592064146e-13,2.5943489115646105e-13,0.37542250752449036,0.37542247772216797
sweep_turn_010:0:782,sweep_turn_010,0.05000000074505806,1.047453757056978e-13,2.2596831246651896e-13,0.37682217359542847,0.37682220339775085
sweep_turn_010:0:782,sweep_turn_010,0.10000000149011612,1.2214595493353966e-13,2.55303099209248e-13,0.385693222284317,0.3856932520866394
sweep_turn_010:0:782,sweep_turn_010,0.20000000298023224,1.8448228111447354e-13,3.4099275276758655e-13,0.4189542829990387,0.4189542829990387
sweep_turn_010:0:782,sweep_turn_010,0.5,1.464878841945857e-13,2.184704112724004e-13,0.541589081287384,0.541589081287384
sweep_turn_012:0:3054,sweep_turn_012,0.009999999776482582,8.76206979999064e-13,1.7153818780724574e-12,0.2910502851009369,0.29105013608932495
sweep_turn_012:0:3054,sweep_turn_012,0.019999999552965164,7.451958165732882e-13,1.586950777003697e-12,0.2952806055545807,0.2952805459499359
sweep_turn_012:0:3054,sweep_turn_012,0.05000000074505806,8.714552799595174e-13,1.6376610545677488e-12,0.27993243932724,0.2799322307109833
sweep_turn_012:0:3054,sweep_turn_012,0.10000000149011612,7.859514666923249e-13,1.6494374559254395e-12,0.30946221947669983,0.3094621002674103
sweep_turn_012:0:3054,sweep_turn_012,0.20000000298023224,7.210915411447209e-13,1.5475595861172142e-12,0.32226935029029846,0.3222692310810089
sweep_turn_012:0:3054,sweep_turn_012,0.5,8.237534311721729e-13,1.30272339136133e-12,0.47687873244285583,0.4768786132335663
sweep_turn_018:0:382,sweep_turn_018,0.009999999776482582,4.731379253891195e-14,6.151428987255326e-13,0.9205561876296997,0.9205562472343445
sweep_turn_018:0:382,sweep_turn_018,0.019999999552965164,4.676246282056461e-14,6.000141657577372e-13,0.9109551906585693,0.9109551906585693
sweep_turn_018:0:382,sweep_turn_018,0.05000000074505806,7.104913366469489e-14,8.982699591904061e-13,0.9170899391174316,0.9170899391174316
sweep_turn_018:0:382,sweep_turn_018,0.10000000149011612,5.2226913433735986e-14,6.273516431439171e-13,0.9144250750541687,0.9144250750541687
sweep_turn_018:0:382,sweep_turn_018,0.20000000298023224,9.87637545152736e-14,1.0878241522871327e-12,0.9536579847335815,0.9536581039428711
sweep_turn_018:0:382,sweep_turn_018,0.5,6.345602406818747e-14,4.982714718417622e-13,1.1054775714874268,1.1054775714874268
uturn_007:0:2996,uturn_007,0.009999999776482582,3.2432219220399355e-14,6.428354237327106e-13,0.9084171056747437,0.9084171056747437
uturn_007:0:2996,uturn_007,0.019999999552965164,4.5839362387005364e-14,9.056174616864297e-13,0.9083738923072815,0.9083738923072815
uturn_007:0:2996,uturn_007,0.05000000074505806,3.308586403826083e-14,6.654565953017556e-13,0.9110994935035706,0.9110994935035706
uturn_007:0:2996,uturn_007,0.10000000149011612,2.3510933800700933e-14,4.789394066277019e-13,0.915552020072937,0.915552020072937
uturn_007:0:2996,uturn_007,0.20000000298023224,3.569654045691714e-14,7.32639546863793e-13,0.9216628670692444,0.9216628670692444
uturn_007:0:2996,uturn_007,0.5,4.464793352369316e-14,8.236439579343581e-13,0.926876425743103,0.926876425743103
uturn_015:0:3703,uturn_015,0.009999999776482582,1.2286120469486257e-13,2.3017225665761875e-13,0.27388498187065125,0.27388498187065125
uturn_015:0:3703,uturn_015,0.019999999552965164,1.323862180250285e-13,2.4479655645276296e-13,0.26756128668785095,0.2675613462924957
uturn_015:0:3703,uturn_015,0.05000000074505806,1.478124657484584e-13,2.622313268885131e-13,0.2495737224817276,0.2495737224817276
uturn_015:0:3703,uturn_015,0.10000000149011612,1.1677507251105902e-13,2.0315608259337898e-13,0.2537670135498047,0.2537670433521271
uturn_015:0:3703,uturn_015,0.20000000298023224,1.6032616931789192e-13,2.6532130899668137e-13,0.2703390121459961,0.2703390121459961
uturn_015:0:3703,uturn_015,0.5,1.2216659051252863e-13,1.6866475153633532e-13,0.3142968714237213,0.3142969012260437
uturn_016:0:3387,uturn_016,0.009999999776482582,8.616241735838755e-14,2.1345806480643653e-13,0.5225464701652527,0.5225464105606079
uturn_016:0:3387,uturn_016,0.019999999552965164,7.181551531112501e-14,1.7747417509729014e-13,0.5274064540863037,0.5274065136909485
uturn_016:0:3387,uturn_016,0.05000000074505806,6.39245488690556e-14,1.591163824173248e-13,0.5343912243843079,0.5343912243843079
uturn_016:0:3387,uturn_016,0.10000000149011612,9.201346492086248e-14,2.2731059859243835e-13,0.5499491691589355,0.5499491691589355
uturn_016:0:3387,uturn_016,0.20000000298023224,7.093711557325606e-14,1.7729656392382024e-13,0.5927943587303162,0.5927944183349609
uturn_016:0:3387,uturn_016,0.5,8.657714121202723e-14,2.284559839351703e-13,0.7867874503135681,0.7867875099182129
climb_descent_001:0:923,climb_descent_001,0.009999999776482582,5.023686505023787e-14,4.2023662493704946e-13,0.8386768698692322,0.8386768102645874
climb_descent_001:0:923,climb_descent_001,0.019999999552965164,6.305475878239793e-14,5.133071762442645e-13,0.8342639803886414,0.8342640399932861
climb_descent_001:0:923,climb_descent_001,0.05000000074505806,5.731101163550615e-14,4.774747066038964e-13,0.82390958070755,0.8239095211029053
climb_descent_001:0:923,climb_descent_001,0.10000000149011612,5.401740913532687e-14,4.618166825754856e-13,0.8101589679718018,0.810158908367157
climb_descent_001:0:923,climb_descent_001,0.20000000298023224,5.906798040503847e-14,5.258720867403873e-13,0.7819827795028687,0.7819827795028687
climb_descent_001:0:923,climb_descent_001,0.5,4.524327961356438e-14,4.498821898737288e-13,0.7283446192741394,0.7283445000648499
climb_descent_008:0:573,climb_descent_008,0.009999999776482582,1.0557319492984671e-13,2.8279849115991697e-13,0.45151686668395996,0.45151686668395996
climb_descent_008:0:573,climb_descent_008,0.019999999552965164,9.407750887405966e-14,2.4789680636807065e-13,0.45134860277175903,0.4513486325740814
climb_descent_008:0:573,climb_descent_008,0.05000000074505806,8.800168876294931e-14,2.3241320476160713e-13,0.45308178663253784,0.45308178663253784
climb_descent_008:0:573,climb_descent_008,0.10000000149011612,1.0202707818548375e-13,2.6376229732361744e-13,0.451682984828949,0.45168301463127136
climb_descent_008:0:573,climb_descent_008,0.20000000298023224,1.255636148731809e-13,3.1483136864498993e-13,0.45945870876312256,0.45945873856544495
climb_descent_008:0:573,climb_descent_008,0.5,1.600817329266645e-13,3.3026374413218606e-13,0.5549672245979309,0.5549672842025757
climb_descent_012:0:2891,climb_descent_012,0.009999999776482582,1.1442943623588175e-13,2.615425249082888e-12,0.9891029596328735,0.9891029596328735
climb_descent_012:0:2891,climb_descent_012,0.019999999552965164,1.3176078876878193e-13,3.0225201710813268e-12,0.9900590181350708,0.9900588989257812
climb_descent_012:0:2891,climb_descent_012,0.05000000074505806,1.1331226024739281e-13,2.62465179148242e-12,0.9902954697608948,0.9902955293655396
climb_descent_012:0:2891,climb_descent_012,0.10000000149011612,1.4576191599821082e-13,3.4434090096222685e-12,0.9909433722496033,0.9909433722496033
climb_descent_012:0:2891,climb_descent_012,0.20000000298023224,1.3263908704149307e-13,3.1222472438350657e-12,0.9974156618118286,0.9974156022071838
climb_descent_012:0:2891,climb_descent_012,0.5,1.381526249947351e-13,3.0589910037149023e-12,1.0179896354675293,1.0179896354675293
occlusion_004:0:3258,occlusion_004,0.009999999776482582,1.5755966454970496e-13,6.303938020576226e-12,0.9882408380508423,0.9882408380508423
occlusion_004:0:3258,occlusion_004,0.019999999552965164,1.424400281141078e-13,6.8430155491217086e-12,1.0012385845184326,1.0012385845184326
occlusion_004:0:3258,occlusion_004,0.05000000074505806,1.5302408956618183e-13,5.289764567325589e-12,1.0265295505523682,1.0265295505523682
occlusion_004:0:3258,occlusion_004,0.10000000149011612,1.5210825044523423e-13,5.870813715095128e-12,1.073954463005066,1.0739545822143555
occlusion_004:0:3258,occlusion_004,0.20000000298023224,5.148443750119065e-14,4.940368085358335e-12,1.0691334009170532,1.0691332817077637
occlusion_004:0:3258,occlusion_004,0.5,1.0960874141243821e-14,5.409377847612865e-12,1.0398120880126953,1.0398122072219849
occlusion_018:0:2828,occlusion_018,0.009999999776482582,3.3920074255173974e-14,1.0688108379831634e-12,0.8878679871559143,0.8878681063652039
occlusion_018:0:2828,occlusion_018,0.019999999552965164,4.3663941418176066e-14,1.3951046409610237e-12,0.8851460218429565,0.8851460814476013
occlusion_018:0:2828,occlusion_018,0.05000000074505806,4.727006159710766e-14,1.4397798296295217e-12,0.8778829574584961,0.8778829574584961
occlusion_018:0:2828,occlusion_018,0.10000000149011612,5.2633600303111404e-14,1.6759120357298842e-12,0.8771931529045105,0.8771931529045105
occlusion_018:0:2828,occlusion_018,0.20000000298023224,3.771691021837946e-14,1.2909800773221196e-12,0.8749430179595947,0.87494295835495
occlusion_018:0:2828,occlusion_018,0.5,6.107486559349097e-14,1.927127944460839e-12,0.849880039691925,0.8498801589012146
occlusion_019:0:1628,occlusion_019,0.009999999776482582,2.593323595389072e-13,2.4041098121985377e-11,1.0033833980560303,1.0033833980560303
occlusion_019:0:1628,occlusion_019,0.019999999552965164,5.384634719023264e-13,2.3670962157640934e-11,1.031697154045105,1.031697154045105
occlusion_019:0:1628,occlusion_019,0.05000000074505806,4.889494500536574e-13,2.635290795516517e-11,1.0295714139938354,1.0295714139938354
occlusion_019:0:1628,occlusion_019,0.10000000149011612,3.2759451875022997e-13,2.7113551027208163e-11,1.0058735609054565,1.0058735609054565
occlusion_019:0:1628,occlusion_019,0.20000000298023224,1.7614669479486676e-13,2.972036427533254e-11,0.9985383749008179,0.9985382556915283
occlusion_019:0:1628,occlusion_019,0.5,8.413778778622135e-14,3.036787665776131e-11,0.9995450973510742,0.9995450973510742
cruise_008:1:3425,cruise_008,0.009999999776482582,8.145107495282189e-14,2.3291032401576286e-13,0.5844942331314087,0.5844941735267639
cruise_008:1:3425,cruise_008,0.019999999552965164,7.399088028283583e-14,2.097859021355856e-13,0.5844379663467407,0.5844379663467407
cruise_008:1:3425,cruise_008,0.05000000074505806,9.873422291545657e-14,2.7298696484441933e-13,0.5817278027534485,0.5817278623580933
cruise_008:1:3425,cruise_008,0.10000000149011612,8.737091944681067e-14,2.319373353923158e-13,0.5787813663482666,0.5787813663482666
cruise_008:1:3425,cruise_008,0.20000000298023224,9.230975631688149e-14,2.2492808969800462e-13,0.5780149698257446,0.5780149698257446
cruise_008:1:3425,cruise_008,0.5,1.3602844362492954e-13,2.55848488328671e-13,0.6296622157096863,0.6296621561050415
cruise_011:1:833,cruise_011,0.009999999776482582,1.7425877751999423e-13,4.460792797574463e-12,0.942707359790802,0.942707359790802
cruise_011:1:833,cruise_011,0.019999999552965164,1.6770669774037972e-13,4.321357584023556e-12,0.9413982629776001,0.9413983225822449
cruise_011:1:833,cruise_011,0.05000000074505806,1.7258866264050798e-13,4.511762518697927e-12,0.938887894153595,0.938887894153595
cruise_011:1:833,cruise_011,0.10000000149011612,1.6491512415836092e-13,4.443975371823227e-12,0.9356551766395569,0.9356551170349121
cruise_011:1:833,cruise_011,0.20000000298023224,1.4643863672065829e-13,4.1290132535952035e-12,0.9303962588310242,0.9303962588310242
cruise_011:1:833,cruise_011,0.5,1.393042372319736e-13,4.068104722489577e-12,0.922845184803009,0.9228450655937195
cruise_016:1:414,cruise_016,0.009999999776482582,7.273392384731164e-14,3.287449629057197e-13,0.6444599032402039,0.6444599032402039
cruise_016:1:414,cruise_016,0.019999999552965164,7.343956401066648e-14,3.446162393661795e-13,0.6541104316711426,0.6541104316711426
cruise_016:1:414,cruise_016,0.05000000074505806,6.652877884244087e-14,2.930322126759884e-13,0.6306077837944031,0.6306077837944031
cruise_016:1:414,cruise_016,0.10000000149011612,5.989280839498202e-14,2.7197488228457625e-13,0.6305961012840271,0.6305961012840271
cruise_016:1:414,cruise_016,0.20000000298023224,5.847058722218828e-14,2.7096681207198183e-13,0.626408576965332,0.6264085173606873
cruise_016:1:414,cruise_016,0.5,9.4702896985717e-14,4.1618995835624816e-13,0.5882095694541931,0.5882094502449036
highspeed_005:1:2704,highspeed_005,0.009999999776482582,5.5853815804983996e-14,4.917705911577456e-13,0.8791725039482117,0.8791725039482117
highspeed_005:1:2704,highspeed_005,0.019999999552965164,6.374795938033201e-14,5.568431355569248e-13,0.8750753998756409,0.8750753998756409
highspeed_005:1:2704,highspeed_005,0.05000000074505806,7.80939613704585e-14,6.649419297413926e-13,0.8657217025756836,0.8657217025756836
highspeed_005:1:2704,highspeed_005,0.10000000149011612,6.093078900578032e-14,4.904004786663507e-13,0.8474022150039673,0.8474022150039673
highspeed_005:1:2704,highspeed_005,0.20000000298023224,6.697765999046922e-14,4.929786648382611e-13,0.8180256485939026,0.8180256485939026
highspeed_005:1:2704,highspeed_005,0.5,1.0956473138470971e-13,5.692807114178884e-13,0.7627571821212769,0.7627572417259216
highspeed_007:1:2422,highspeed_007,0.009999999776482582,2.4049678361889497e-13,3.410051630890825e-13,0.10624972730875015,0.10624969750642776
highspeed_007:1:2422,highspeed_007,0.019999999552965164,2.826543604244641e-13,4.0117525478505874e-13,0.10631240904331207,0.1063123568892479
highspeed_007:1:2422,highspeed_007,0.05000000074505806,3.1013523172014076e-13,4.4002362509962654e-13,0.10277799516916275,0.10277792066335678
highspeed_007:1:2422,highspeed_007,0.10000000149011612,3.010708423155922e-13,4.288489019692031e-13,0.10205334424972534,0.10205327719449997
highspeed_007:1:2422,highspeed_007,0.20000000298023224,3.2145057231569944e-13,4.597148176539665e-13,0.10814373195171356,0.1081436350941658
highspeed_007:1:2422,highspeed_007,0.5,2.3097401795362623e-13,3.2735607139816737e-13,0.153455451130867,0.15345533192157745
highspeed_018:1:1310,highspeed_018,0.009999999776482582,8.946820822374263e-14,2.403031717896029e-13,0.4099518954753876,0.4099518656730652
highspeed_018:1:1310,highspeed_018,0.019999999552965164,9.369961980742994e-14,2.536517701323762e-13,0.4190773069858551,0.4190772473812103
highspeed_018:1:1310,highspeed_018,0.05000000074505806,8.958982175185933e-14,2.4239259043170966e-13,0.42216870188713074,0.42216867208480835
highspeed_018:1:1310,highspeed_018,0.10000000149011612,1.0385665134921199e-13,2.8021609346596273e-13,0.42826133966445923,0.42826128005981445
highspeed_018:1:1310,highspeed_018,0.20000000298023224,7.303684167599159e-14,1.966448853298117e-13,0.44871440529823303,0.44871440529823303
highspeed_018:1:1310,highspeed_018,0.5,1.0076269070602022e-13,2.694737616751313e-13,0.5538213849067688,0.5538213849067688
sweep_turn_010:1:672,sweep_turn_010,0.009999999776482582,1.292907615985674e-13,2.5691924107421465e-13,0.33598366379737854,0.33598363399505615
sweep_turn_010:1:672,sweep_turn_010,0.019999999552965164,1.0186383142360787e-13,1.9741779696724573e-13,0.34209808707237244,0.34209805727005005
sweep_turn_010:1:672,sweep_turn_010,0.05000000074505806,8.59832112238717e-14,1.6807583251916973e-13,0.3365534245967865,0.3365533947944641
sweep_turn_010:1:672,sweep_turn_010,0.10000000149011612,9.599507669308572e-14,1.7850601434565581e-13,0.34422650933265686,0.34422650933265686
sweep_turn_010:1:672,sweep_turn_010,0.20000000298023224,1.4032074778073407e-13,2.5317773055059505e-13,0.37657859921455383,0.37657856941223145
sweep_turn_010:1:672,sweep_turn_010,0.5,1.3477590289364418e-13,1.884774939822012e-13,0.52022784948349,0.52022784948349
sweep_turn_012:1:539,sweep_turn_012,0.009999999776482582,1.324891072442032e-13,2.0792495255531577e-13,0.24821323156356812,0.2482132464647293
sweep_turn_012:1:539,sweep_turn_012,0.019999999552965164,1.678950542429707e-13,2.603891300748453e-13,0.23462806642055511,0.23462805151939392
sweep_turn_012:1:539,sweep_turn_012,0.05000000074505806,1.284188111234688e-13,1.911367446743146e-13,0.22931018471717834,0.22931022942066193
sweep_turn_012:1:539,sweep_turn_012,0.10000000149011612,1.8984466780122502e-13,2.846727036830234e-13,0.25951695442199707,0.2595169246196747
sweep_turn_012:1:539,sweep_turn_012,0.20000000298023224,1.4771770385781385e-13,2.0769019406091576e-13,0.3014467656612396,0.30144673585891724
sweep_turn_012:1:539,sweep_turn_012,0.5,2.1987460663553085e-13,2.3113940647140407e-13,0.5327702760696411,0.5327701568603516
sweep_turn_018:1:621,sweep_turn_018,0.009999999776482582,1.1766867403966803e-13,3.421374767502771e-13,0.5283597707748413,0.5283597707748413
sweep_turn_018:1:621,sweep_turn_018,0.019999999552965164,1.1124789017054289e-13,3.162189497273071e-13,0.516343891620636,0.5163439512252808
sweep_turn_018:1:621,sweep_turn_018,0.05000000074505806,1.0191826181993051e-13,2.8258354799757605e-13,0.5067093968391418,0.5067094564437866
sweep_turn_018:1:621,sweep_turn_018,0.10000000149011612,9.119572714522043e-14,2.425069588399512e-13,0.49085962772369385,0.49085962772369385
sweep_turn_018:1:621,sweep_turn_018,0.20000000298023224,1.4854682072375986e-13,3.6277420613103653e-13,0.48741814494132996,0.4874182641506195
sweep_turn_018:1:621,sweep_turn_018,0.5,1.5543988062813297e-13,2.8608017278257145e-13,0.5464509129524231,0.5464510321617126
uturn_007:1:3745,uturn_007,0.009999999776482582,3.8493591493094554e-14,6.819650014768938e-13,0.9288100004196167,0.9288100004196167
uturn_007:1:3745,uturn_007,0.019999999552965164,5.5286379102254914e-14,9.800811924179578e-13,0.9263230562210083,0.9263229370117188
uturn_007:1:3745,uturn_007,0.05000000074505806,5.101826692002193e-14,8.904238758705799e-13,0.9194597601890564,0.9194597601890564
uturn_007:1:3745,uturn_007,0.10000000149011612,5.217327507181459e-14,8.93513056695126e-13,0.909087598323822,0.909087598323822
uturn_007:1:3745,uturn_007,0.20000000298023224,6.4561291448685e-14,1.089566637808304e-12,0.8933207988739014,0.8933207392692566
uturn_007:1:3745,uturn_007,0.5,7.013272970288048e-14,9.59646392300121e-13,0.8739417791366577,0.8739417791366577
uturn_015:1:2980,uturn_015,0.009999999776482582,1.5117964710958057e-13,2.4231976165925576e-13,0.11926288902759552,0.11926285177469254
uturn_015:1:2980,uturn_015,0.019999999552965164,1.5801580247978165e-13,2.546219436651446e-13,0.1229245662689209,0.12292461842298508
uturn_015:1:2980,uturn_015,0.05000000074505806,1.5350275671918882e-13,2.3891156335601943e-13,0.1119508445262909,0.1119508296251297
uturn_015:1:2980,uturn_015,0.10000000149011612,1.5816040128921352e-13,2.3920197451112794e-13,0.10504547506570816,0.10504546016454697
uturn_015:1:2980,uturn_015,0.20000000298023224,1.4290874671718806e-13,2.0612521645372793e-13,0.10232812166213989,0.10232812166213989
uturn_015:1:2980,uturn_015,0.5,1.8277556962315414e-13,2.1881801794686757e-13,0.1146806851029396,0.11468067020177841
uturn_016:1:2593,uturn_016,0.009999999776482582,8.60723863263477e-14,1.9941203910758568e-13,0.45813214778900146,0.4581321179866791
uturn_016:1:2593,uturn_016,0.019999999552965164,8.912743727302576e-14,2.0619122023861175e-13,0.45732682943344116,0.4573267996311188
uturn_016:1:2593,uturn_016,0.05000000074505806,9.233099241196323e-14,2.1249753710354064e-13,0.45416098833084106,0.45416098833084106
uturn_016:1:2593,uturn_016,0.10000000149011612,9.187071550992555e-14,2.0970243267042693e-13,0.4482613205909729,0.4482613205909729
uturn_016:1:2593,uturn_016,0.20000000298023224,1.0438201194275795e-13,2.3470298614412335e-13,0.44050121307373047,0.44050124287605286
uturn_016:1:2593,uturn_016,0.5,8.2007423354969e-14,1.7825260753763672e-13,0.42231330275535583,0.42231330275535583
climb_descent_001:1:2806,climb_descent_001,0.009999999776482582,1.4631359384735772e-13,2.2584354806437634e-13,0.16353817284107208,0.16353817284107208
climb_descent_001:1:2806,climb_descent_001,0.019999999552965164,1.2891747218531897e-13,1.9700372118927159e-13,0.16461646556854248,0.1646164506673813
climb_descent_001:1:2806,climb_descent_001,0.05000000074505806,1.4933271265612843e-13,2.2166682714586485e-13,0.16071318089962006,0.16071318089962006
climb_descent_001:1:2806,climb_descent_001,0.10000000149011612,1.4446221746630123e-13,2.0751546337283879e-13,0.1935114562511444,0.1935114860534668
climb_descent_001:1:2806,climb_descent_001,0.20000000298023224,2.422053891565425e-13,3.196512584933176e-13,0.2400127798318863,0.24001285433769226
climb_descent_001:1:2806,climb_descent_001,0.5,2.366140199800846e-13,2.4066240922111597e-13,0.49781811237335205,0.4978182017803192
climb_descent_008:1:1780,climb_descent_008,0.009999999776482582,8.072331132817667e-14,4.267912026291804e-13,0.6918827295303345,0.6918827295303345
climb_descent_008:1:1780,climb_descent_008,0.019999999552965164,7.060206442573383e-14,3.761421087059637e-13,0.6944566369056702,0.6944566369056702
climb_descent_008:1:1780,climb_descent_008,0.05000000074505806,6.488383546198616e-14,3.4059439215341427e-13,0.6972569227218628,0.697256863117218
climb_descent_008:1:1780,climb_descent_008,0.10000000149011612,7.577119146736387e-14,3.909292831731114e-13,0.7030888199806213,0.7030888199806213
climb_descent_008:1:1780,climb_descent_008,0.20000000298023224,8.272212929139319e-14,4.109911087845e-13,0.7178454995155334,0.7178454399108887
climb_descent_008:1:1780,climb_descent_008,0.5,7.171137900295643e-14,3.2431152159419493e-13,0.7810869216918945,0.7810869216918945
climb_descent_012:1:2401,climb_descent_012,0.009999999776482582,6.847358436138724e-14,3.3679220155406773e-13,0.7193003296852112,0.7193002700805664
climb_descent_012:1:2401,climb_descent_012,0.019999999552965164,7.10868972885174e-14,3.517079199808598e-13,0.7229947447776794,0.7229947447776794
climb_descent_012:1:2401,climb_descent_012,0.05000000074505806,7.569541534212194e-14,3.8041370991195337e-13,0.7552852630615234,0.7552852630615234
climb_descent_012:1:2401,climb_descent_012,0.10000000149011612,6.781576820657519e-14,3.4763904987591395e-13,0.7893621921539307,0.7893621921539307
climb_descent_012:1:2401,climb_descent_012,0.20000000298023224,5.5823419252277357e-14,2.894205924405774e-13,0.8644257187843323,0.8644256591796875
climb_descent_012:1:2401,climb_descent_012,0.5,7.795964370286321e-14,4.1580572673350927e-13,1.0380581617355347,1.0380581617355347
occlusion_004:1:824,occlusion_004,0.009999999776482582,8.81277893301117e-14,4.263718824839561e-13,0.5749762654304504,0.57497638463974
occlusion_004:1:824,occlusion_004,0.019999999552965164,7.541767413170975e-14,3.5282049449716703e-13,0.574266254901886,0.5742661952972412
occlusion_004:1:824,occlusion_004,0.05000000074505806,8.783709527692493e-14,4.255392853285002e-13,0.5786448121070862,0.578644871711731
occlusion_004:1:824,occlusion_004,0.10000000149011612,6.887016521731418e-14,4.371769890581668e-13,0.6263348460197449,0.6263349056243896
occlusion_004:1:824,occlusion_004,0.20000000298023224,6.067417397401374e-14,4.927787944868936e-13,0.677670419216156,0.677670419216156
occlusion_004:1:824,occlusion_004,0.5,3.761801867329289e-13,3.808455710953597e-13,1.418136477470398,1.4181362390518188
occlusion_018:1:1914,occlusion_018,0.009999999776482582,2.221511653079422e-14,2.426608265010645e-12,1.0077894926071167,1.0077894926071167
occlusion_018:1:1914,occlusion_018,0.019999999552965164,2.1953096317011484e-14,2.3537673920468887e-12,1.0096540451049805,1.0096540451049805
occlusion_018:1:1914,occlusion_018,0.05000000074505806,2.2363784163418995e-14,2.551494782010946e-12,1.0093343257904053,1.0093343257904053
occlusion_018:1:1914,occlusion_018,0.10000000149011612,1.7838135376205394e-14,2.1411167292563655e-12,1.008039951324463,1.008039951324463
occlusion_018:1:1914,occlusion_018,0.20000000298023224,2.3263930267633068e-14,3.0076249452871075e-12,1.0082143545150757,1.0082142353057861
occlusion_018:1:1914,occlusion_018,0.5,2.5584982884588696e-14,3.898638359782276e-12,1.005598545074463,1.005598545074463
occlusion_019:1:3625,occlusion_019,0.009999999776482582,7.085958188116597e-14,4.2057726279378614e-13,0.6104855537414551,0.6104855537414551
occlusion_019:1:3625,occlusion_019,0.019999999552965164,5.998236336235961e-14,3.6670093774405476e-13,0.6147563457489014,0.6147563457489014
occlusion_019:1:3625,occlusion_019,0.05000000074505806,5.5709274093419945e-14,3.776269394712374e-13,0.6298062205314636,0.6298062205314636
occlusion_019:1:3625,occlusion_019,0.10000000149011612,4.581110924601175e-14,3.3551556829345733e-13,0.6352167129516602,0.6352167129516602
occlusion_019:1:3625,occlusion_019,0.20000000298023224,6.96898416185626e-14,4.091935664112959e-13,0.5867897272109985,0.5867897272109985
occlusion_019:1:3625,occlusion_019,0.5,5.32167549030867e-14,3.416158009146134e-13,0.5998350381851196,0.5998350381851196
cruise_008:2:769,cruise_008,0.009999999776482582,6.109695179390147e-14,3.4618410193036484e-13,0.7539595365524292,0.7539594769477844
cruise_008:2:769,cruise_008,0.019999999552965164,4.885482207501899e-14,2.772228900299752e-13,0.7544756531715393,0.7544756531715393
cruise_008:2:769,cruise_008,0.05000000074505806,5.192941518926717e-14,3.010851411304497e-13,0.7589325904846191,0.7589325308799744
cruise_008:2:769,cruise_008,0.10000000149011612,5.77815588346249e-14,3.448098062043025e-13,0.7656516432762146,0.765651524066925
cruise_008:2:769,cruise_008,0.20000000298023224,4.375037309814133e-14,2.775820340277755e-13,0.7799459099769592,0.7799460291862488
cruise_008:2:769,cruise_008,0.5,3.492208484736987e-14,2.603875118385727e-13,0.8335081338882446,0.833508312702179
cruise_011:2:1913,cruise_011,0.009999999776482582,1.0167041812725456e-13,9.126854504643151e-13,0.8680521845817566,0.8680521845817566
cruise_011:2:1913,cruise_011,0.019999999552965164,8.109878618114335e-14,7.294649879968752e-13,0.866766095161438,0.866766095161438
cruise_011:2:1913,cruise_011,0.05000000074505806,6.66446408849919e-14,6.021319249858376e-13,0.8625394105911255,0.8625394701957703
cruise_011:2:1913,cruise_011,0.10000000149011612,8.464323409328353e-14,7.687647012900036e-13,0.8561614751815796,0.8561614751815796
cruise_011:2:1913,cruise_011,0.20000000298023224,9.459520252004993e-14,8.57676353832737e-13,0.8444594144821167,0.8444595336914062
cruise_011:2:1913,cruise_011,0.5,9.390198012749891e-14,8.145026263569047e-13,0.8344007134437561,0.8344007134437561
cruise_016:2:1749,cruise_016,0.009999999776482582,1.166223456188343e-13,2.598708673192814e-13,0.38339802622795105,0.3833979666233063
cruise_016:2:1749,cruise_016,0.019999999552965164,1.2896689480020762e-13,2.874474139035551e-13,0.386537104845047,0.3865370452404022
cruise_016:2:1749,cruise_016,0.05000000074505806,8.881747547455169e-14,1.9673653846144976e-13,0.39381682872772217,0.39381685853004456
cruise_016:2:1749,cruise_016,0.10000000149011612,1.0948165577048435e-13,2.373884716994466e-13,0.4033113420009613,0.40331125259399414
cruise_016:2:1749,cruise_016,0.20000000298023224,9.295255798581781e-14,2.0026531133285985e-13,0.4401080310344696,0.4401080310344696
cruise_016:2:1749,cruise_016,0.5,1.348294568722872e-13,2.6670897986731136e-13,0.5411203503608704,0.5411202907562256
highspeed_005:2:2393,highspeed_005,0.009999999776482582,5.078948767089618e-14,2.400713501318704e-12,1.0105003118515015,1.0105003118515015
highspeed_005:2:2393,highspeed_005,0.019999999552965164,7.003160185436655e-14,3.3354734433956895e-12,1.0094468593597412,1.0094468593597412
highspeed_005:2:2393,highspeed_005,0.05000000074505806,4.8770421051072777e-14,2.3435341992480773e-12,1.0105643272399902,1.0105643272399902
highspeed_005:2:2393,highspeed_005,0.10000000149011612,5.548027128066982e-14,2.7394402733874106e-12,1.0089479684829712,1.0089482069015503
highspeed_005:2:2393,highspeed_005,0.20000000298023224,6.571847801821128e-14,3.344223193326687e-12,1.008311152458191,1.008311152458191
highspeed_005:2:2393,highspeed_005,0.5,9.942261127842375e-14,4.500861726476336e-12,1.0019160509109497,1.0019159317016602
highspeed_007:2:1534,highspeed_007,0.009999999776482582,2.3859256909540815e-13,3.800772293606602e-13,0.1441148817539215,0.14411479234695435
highspeed_007:2:1534,highspeed_007,0.019999999552965164,1.940430691444405e-13,3.096499402077895e-13,0.14605845510959625,0.14605841040611267
highspeed_007:2:1534,highspeed_007,0.05000000074505806,1.635712655523093e-13,2.599491302148727e-13,0.1512756049633026,0.15127556025981903
highspeed_007:2:1534,highspeed_007,0.10000000149011612,1.645728194326319e-13,2.604116322369561e-13,0.1632775366306305,0.1632774919271469
highspeed_007:2:1534,highspeed_007,0.20000000298023224,1.8183459666450528e-13,2.8346278467890636e-13,0.20003315806388855,0.20003314316272736
highspeed_007:2:1534,highspeed_007,0.5,2.032039975000929e-13,2.9838640105813974e-13,0.4173116385936737,0.4173116385936737
highspeed_018:2:731,highspeed_018,0.009999999776482582,1.4879012715165713e-12,3.956358486864612e-12,0.4023320972919464,0.4023321866989136
highspeed_018:2:731,highspeed_018,0.019999999552965164,1.4874303463117213e-12,3.9746660201839176e-12,0.4012446999549866,0.40124478936195374
highspeed_018:2:731,highspeed_018,0.05000000074505806,1.3279781095010834e-12,3.5430597535093205e-12,0.4003027379512787,0.40030279755592346
highspeed_018:2:731,highspeed_018,0.10000000149011612,1.4339100025814898e-12,3.814502700247055e-12,0.39533641934394836,0.3953365087509155
highspeed_018:2:731,highspeed_018,0.20000000298023224,1.4133944615921302e-12,3.7188337899316e-12,0.40058836340904236,0.40058836340904236
highspeed_018:2:731,highspeed_018,0.5,1.2703156329658498e-12,3.2557475705016904e-12,0.41234245896339417,0.41234245896339417
sweep_turn_010:2:692,sweep_turn_010,0.009999999776482582,1.1828971186155056e-13,2.305246691300816e-13,0.3356715738773346,0.335671603679657
sweep_turn_010:2:692,sweep_turn_010,0.019999999552965164,1.0978146706555826e-13,2.0695306217197305e-13,0.33965179324150085,0.33965179324150085
sweep_turn_010:2:692,sweep_turn_010,0.05000000074505806,1.4670434600983628e-13,2.785200961871466e-13,0.33977845311164856,0.33977845311164856
sweep_turn_010:2:692,sweep_turn_010,0.10000000149011612,1.1396964680608667e-13,2.0747544075521282e-13,0.3465229868888855,0.3465229868888855
sweep_turn_010:2:692,sweep_turn_010,0.20000000298023224,1.1777661307586659e-13,2.1086606602296575e-13,0.3805892765522003,0.3805892765522003
sweep_turn_010:2:692,sweep_turn_010,0.5,1.7513403453798867e-13,2.3521540282061874e-13,0.5355473756790161,0.5355473756790161
sweep_turn_012:2:1579,sweep_turn_012,0.009999999776482582,1.8018160996603319e-13,2.427475308082963e-13,0.16011960804462433,0.16011959314346313
sweep_turn_012:2:1579,sweep_turn_012,0.019999999552965164,1.5656076482549276e-13,2.097020872828988e-13,0.1561466008424759,0.15614661574363708
sweep_turn_012:2:1579,sweep_turn_012,0.05000000074505806,2.1822200639772204e-13,2.9282437266425183e-13,0.16250284016132355,0.16250284016132355
sweep_turn_012:2:1579,sweep_turn_012,0.10000000149011612,1.4245130394917677e-13,1.8569515482179933e-13,0.15975160896778107,0.15975160896778107
sweep_turn_012:2:1579,sweep_turn_012,0.20000000298023224,1.6395799651316328e-13,1.97386274720119e-13,0.1466532200574875,0.14665323495864868
sweep_turn_012:2:1579,sweep_turn_012,0.5,1.7101528495721519e-13,1.8006058134932e-13,0.1921287626028061,0.19212877750396729
sweep_turn_018:2:2009,sweep_turn_018,0.009999999776482582,1.6682633052771207e-13,3.113758572724809e-13,0.2959420680999756,0.295942097902298
sweep_turn_018:2:2009,sweep_turn_018,0.019999999552965164,1.2691349619161968e-13,2.3578240872982175e-13,0.29279980063438416,0.29279983043670654
sweep_turn_018:2:2009,sweep_turn_018,0.05000000074505806,1.6561206605669116e-13,3.047779094028092e-13,0.29984983801841736,0.29984989762306213
sweep_turn_018:2:2009,sweep_turn_018,0.10000000149011612,1.3157733853530694e-13,2.3857126277548475e-13,0.3163978159427643,0.31639787554740906
sweep_turn_018:2:2009,sweep_turn_018,0.20000000298023224,1.1011153758479399e-13,1.9225114233201552e-13,0.34870341420173645,0.34870344400405884
sweep_turn_018:2:2009,sweep_turn_018,0.5,1.758872080533071e-13,2.7115060962866834e-13,0.5001662373542786,0.5001662969589233
uturn_007:2:1710,uturn_007,0.009999999776482582,5.5174578706671023e-14,1.0720070472679144e-12,1.0128532648086548,1.0128533840179443
uturn_007:2:1710,uturn_007,0.019999999552965164,7.623213191068661e-14,1.483427728151474e-12,1.0130295753479004,1.0130295753479004
uturn_007:2:1710,uturn_007,0.05000000074505806,5.932143353951523e-14,1.1650809619121055e-12,1.0133579969406128,1.0133579969406128
uturn_007:2:1710,uturn_007,0.10000000149011612,4.864308437306153e-14,9.682524869888606e-13,1.014561414718628,1.014561414718628
uturn_007:2:1710,uturn_007,0.20000000298023224,6.015058361688505e-14,1.2133399025946314e-12,1.0170071125030518,1.0170071125030518
uturn_007:2:1710,uturn_007,0.5,5.517339788034697e-14,1.13360768054381e-12,1.0259259939193726,1.0259259939193726
uturn_015:2:2181,uturn_015,0.009999999776482582,5.667797779182371e-13,9.146616833785702e-13,0.23359359800815582,0.23359359800815582
uturn_015:2:2181,uturn_015,0.019999999552965164,5.86833479847827e-13,9.429152832800485e-13,0.23150958120822906,0.23150955140590668
uturn_015:2:2181,uturn_015,0.05000000074505806,6.273318858150426e-13,9.945436178577369e-13,0.22548966109752655,0.22548963129520416
uturn_015:2:2181,uturn_015,0.10000000149011612,6.271622755479094e-13,9.72129398276626e-13,0.21664242446422577,0.21664240956306458
uturn_015:2:2181,uturn_015,0.20000000298023224,6.819045360069241e-13,1.0099550436656769e-12,0.197953462600708,0.197953462600708
uturn_015:2:2181,uturn_015,0.5,6.445883844530738e-13,8.292666925746041e-13,0.14793100953102112,0.1479310542345047
uturn_016:2:1716,uturn_016,0.009999999776482582,1.2958786817424974e-13,2.834871421708323e-13,0.43143483996391296,0.43143483996391296
uturn_016:2:1716,uturn_016,0.019999999552965164,1.228032138194212e-13,2.672468297247757e-13,0.43152180314064026,0.4315217435359955
uturn_016:2:1716,uturn_016,0.05000000074505806,1.276348169407455e-13,2.736394290951128e-13,0.4321161210536957,0.4321160614490509
uturn_016:2:1716,uturn_016,0.10000000149011612,1.348721046817697e-13,2.826371246471019e-13,0.4305126368999481,0.4305126667022705
uturn_016:2:1716,uturn_016,0.20000000298023224,1.5634577089276275e-13,3.128486507244132e-13,0.4323679506778717,0.4323679506778717
uturn_016:2:1716,uturn_016,0.5,1.5537615435623157e-13,2.7388464131615504e-13,0.4422394335269928,0.4422394633293152
climb_descent_001:2:3290,climb_descent_001,0.009999999776482582,2.0819141644208802e-13,5.353302976796061e-13,0.5099805593490601,0.5099805593490601
climb_descent_001:2:3290,climb_descent_001,0.019999999552965164,2.4782647380377324e-13,6.305262410590593e-13,0.5056844353675842,0.5056843161582947
climb_descent_001:2:3290,climb_descent_001,0.05000000074505806,2.7918988058916254e-13,6.955448914103692e-13,0.5115262269973755,0.5115262269973755
climb_descent_001:2:3290,climb_descent_001,0.10000000149011612,2.172824229026292e-13,5.243422067211153e-13,0.5294915437698364,0.5294915437698364
climb_descent_001:2:3290,climb_descent_001,0.20000000298023224,2.890830904298485e-13,6.484391793452781e-13,0.5473466515541077,0.5473467111587524
climb_descent_001:2:3290,climb_descent_001,0.5,2.683915027999937e-13,4.903861141896392e-13,0.6470065712928772,0.6470066905021667
climb_descent_008:2:2286,climb_descent_008,0.009999999776482582,1.7878614500134358e-13,4.982972449019411e-13,0.4511297345161438,0.4511297345161438
climb_descent_008:2:2286,climb_descent_008,0.019999999552965164,1.146370110415464e-13,3.2069749424978476e-13,0.45348966121673584,0.45348963141441345
climb_descent_008:2:2286,climb_descent_008,0.05000000074505806,1.246098308898931e-13,3.408466628369137e-13,0.4406305253505707,0.4406305253505707
climb_descent_008:2:2286,climb_descent_008,0.10000000149011612,1.563684949100336e-13,4.238407093178858e-13,0.4390357732772827,0.4390357732772827
climb_descent_008:2:2286,climb_descent_008,0.20000000298023224,1.0197291185127742e-13,2.6927521345907543e-13,0.43142151832580566,0.43142151832580566
climb_descent_008:2:2286,climb_descent_008,0.5,1.1890069631456593e-13,2.9364214728932447e-13,0.46525201201438904,0.4652521014213562
climb_descent_012:2:2538,climb_descent_012,0.009999999776482582,2.4168653630544913e-13,2.2310096270446467e-12,0.8378129601478577,0.8378129005432129
climb_descent_012:2:2538,climb_descent_012,0.019999999552965164,2.404179466735581e-13,2.2289137553849823e-12,0.8432178497314453,0.8432178497314453
climb_descent_012:2:2538,climb_descent_012,0.05000000074505806,2.616598398845776e-13,2.4537168160599535e-12,0.854752779006958,0.8547526597976685
climb_descent_012:2:2538,climb_descent_012,0.10000000149011612,2.5374839306878964e-13,2.4325480717384623e-12,0.8777764439582825,0.8777764439582825
climb_descent_012:2:2538,climb_descent_012,0.20000000298023224,2.518475244828095e-13,2.4809316092049104e-12,0.9239092469215393,0.9239091277122498
climb_descent_012:2:2538,climb_descent_012,0.5,2.1982595053789675e-13,2.2532372727724788e-12,1.0513299703598022,1.0513299703598022
occlusion_004:2:3495,occlusion_004,0.009999999776482582,1.527884611789038e-14,4.2336515769136063e-13,0.8041556477546692,0.8041556477546692
occlusion_004:2:3495,occlusion_004,0.019999999552965164,1.1705723806395661e-14,3.29185771534421e-13,0.8053607940673828,0.8053607940673828
occlusion_004:2:3495,occlusion_004,0.05000000074505806,1.4002885158203262e-14,3.9023474554716384e-13,0.8042445182800293,0.8042445182800293
occlusion_004:2:3495,occlusion_004,0.10000000149011612,1.3625839239169374e-14,3.4874995484838656e-13,0.7991887927055359,0.7991887927055359
occlusion_004:2:3495,occlusion_004,0.20000000298023224,2.2281297036188035e-14,3.7918222044392254e-13,0.7685419321060181,0.7685419321060181
occlusion_004:2:3495,occlusion_004,0.5,2.5701683367078967e-14,4.396023976651007e-13,0.7987241148948669,0.7987241148948669
occlusion_018:2:2162,occlusion_018,0.009999999776482582,4.800201724436219e-14,2.776723717571143e-12,1.012470006942749,1.0124701261520386
occlusion_018:2:2162,occlusion_018,0.019999999552965164,4.508698718806304e-14,2.6585437166786105e-12,1.014765977859497,1.0147658586502075
occlusion_018:2:2162,occlusion_018,0.05000000074505806,4.11381710330878e-14,2.5582588968597762e-12,1.0113465785980225,1.0113465785980225
occlusion_018:2:2162,occlusion_018,0.10000000149011612,3.2756687450387387e-14,2.1939008581249354e-12,1.0123413801193237,1.0123413801193237
occlusion_018:2:2162,occlusion_018,0.20000000298023224,4.712829586174453e-14,3.769339588298986e-12,1.0161187648773193,1.0161187648773193
occlusion_018:2:2162,occlusion_018,0.5,2.335320959386372e-16,5.475430559795427e-12,0.9996868968009949,0.9996868968009949
occlusion_019:2:693,occlusion_019,0.009999999776482582,2.079748110826776e-13,9.917344836110227e-13,0.8171685338020325,0.8171685338020325
occlusion_019:2:693,occlusion_019,0.019999999552965164,2.6441580631191263e-13,1.1788774384425118e-12,0.8540439605712891,0.8540439605712891
occlusion_019:2:693,occlusion_019,0.05000000074505806,3.1023065579205956e-13,1.1522426966465531e-12,1.0385029315948486,1.0385029315948486
occlusion_019:2:693,occlusion_019,0.10000000149011612,6.115920711600853e-13,1.7124920573023013e-12,1.5530012845993042,1.5530011653900146
occlusion_019:2:693,occlusion_019,0.20000000298023224,4.2611342684496e-13,1.4150790153285913e-12,1.697903037071228,1.6979029178619385
occlusion_019:2:693,occlusion_019,0.5,3.392096253227019e-13,1.5324530661565417e-12,1.4385133981704712,1.4385132789611816
cruise_008:3:3699,cruise_008,0.009999999776482582,1.1029949156862968e-13,2.903263754534733e-13,0.567836582660675,0.567836582660675
cruise_008:3:3699,cruise_008,0.019999999552965164,9.663578976215252e-14,2.5259241366510007e-13,0.5684455037117004,0.5684455037117004
cruise_008:3:3699,cruise_008,0.05000000074505806,9.861968559184615e-14,2.5025495716875896e-13,0.5683913230895996,0.5683913826942444
cruise_008:3:3699,cruise_008,0.10000000149011612,1.3078549402409202e-13,3.176810410260737e-13,0.5694020390510559,0.5694019794464111
cruise_008:3:3699,cruise_008,0.20000000298023224,1.1956443106585432e-13,2.644228196693202e-13,0.5754913687705994,0.5754913687705994
cruise_008:3:3699,cruise_008,0.5,1.5789203728842785e-13,2.6362003599198927e-13,0.6374123096466064,0.6374121904373169
cruise_011:3:2287,cruise_011,0.009999999776482582,1.400048904252549e-13,9.71035615231582e-13,0.7739978432655334,0.773997962474823
cruise_011:3:2287,cruise_011,0.019999999552965164,1.2933996319760034e-13,8.947898823819985e-13,0.775726318359375,0.7757263779640198
cruise_011:3:2287,cruise_011,0.05000000074505806,1.1912042666410849e-13,8.16808250163169e-13,0.7774880528450012,0.777488112449646
cruise_011:3:2287,cruise_011,0.10000000149011612,1.5206403020628254e-13,1.0240162030495968e-12,0.7808681130409241,0.7808681130409241
cruise_011:3:2287,cruise_011,0.20000000298023224,1.437815069999491e-13,9.287426101647795e-13,0.7966410517692566,0.7966410517692566
cruise_011:3:2287,cruise_011,0.5,1.811913047557808e-13,9.80665925489925e-13,0.8773576021194458,0.8773577213287354
cruise_016:3:2181,cruise_016,0.009999999776482582,7.432625793474887e-14,2.2911312465370244e-13,0.5783822536468506,0.5783822536468506
cruise_016:3:2181,cruise_016,0.019999999552965164,9.194927979369863e-14,2.829714911533599e-13,0.5843092203140259,0.5843092799186707
cruise_016:3:2181,cruise_016,0.05000000074505806,6.971960835507438e-14,2.115434777139498e-13,0.5860416889190674,0.5860416889190674
cruise_016:3:2181,cruise_016,0.10000000149011612,1.0481733244443815e-13,3.1453997027401477e-13,0.6068070530891418,0.6068070530891418
cruise_016:3:2181,cruise_016,0.20000000298023224,6.983483508244663e-14,2.0602964938489716e-13,0.6347095370292664,0.6347095966339111
cruise_016:3:2181,cruise_016,0.5,9.88284143750636e-14,2.6439339486444007e-13,0.708192765712738,0.708192765712738
highspeed_005:3:1925,highspeed_005,0.009999999776482582,2.6293702199828123e-14,6.138248470495009e-13,0.9465858936309814,0.9465858936309814
highspeed_005:3:1925,highspeed_005,0.019999999552965164,2.935696820427881e-14,6.809050013059438e-13,0.9448670148849487,0.9448670148849487
highspeed_005:3:1925,highspeed_005,0.05000000074505806,3.0242555280658825e-14,7.203916853793261e-13,0.9471891522407532,0.9471890926361084
highspeed_005:3:1925,highspeed_005,0.10000000149011612,2.9411916602242555e-14,7.358064868673161e-13,0.9545313715934753,0.9545313715934753
highspeed_005:3:1925,highspeed_005,0.20000000298023224,2.323958068781579e-14,6.243935500335142e-13,0.9702540636062622,0.9702541828155518
highspeed_005:3:1925,highspeed_005,0.5,2.6533868686710113e-14,7.460728342216757e-13,1.0152825117111206,1.0152825117111206
highspeed_007:3:3224,highspeed_007,0.009999999776482582,1.7476615001719204e-13,2.337914121699412e-13,0.09424290060997009,0.09424290806055069
highspeed_007:3:3224,highspeed_007,0.019999999552965164,1.7808560427857206e-13,2.3716391608994216e-13,0.09444110840559006,0.09444109350442886
highspeed_007:3:3224,highspeed_007,0.05000000074505806,1.4217552495039652e-13,1.868719372083195e-13,0.09610344469547272,0.09610345959663391
highspeed_007:3:3224,highspeed_007,0.10000000149011612,1.3895666488721229e-13,1.7850193848393579e-13,0.10211615264415741,0.1021161675453186
highspeed_007:3:3224,highspeed_007,0.20000000298023224,1.664367081857582e-13,2.036927157076214e-13,0.12862519919872284,0.12862521409988403
highspeed_007:3:3224,highspeed_007,0.5,2.3779529694233183e-13,2.472095237710779e-13,0.3594072759151459,0.35940733551979065
highspeed_018:3:983,highspeed_018,0.009999999776482582,7.821302363700198e-14,1.9611337072494292e-13,0.3833606541156769,0.3833606541156769
highspeed_018:3:983,highspeed_018,0.019999999552965164,9.743710419799158e-14,2.441242745203479e-13,0.3819529116153717,0.3819529116153717
highspeed_018:3:983,highspeed_018,0.05000000074505806,1.3102728026462475e-13,3.2794728923212e-13,0.3842867314815521,0.38428670167922974
highspeed_018:3:983,highspeed_018,0.10000000149011612,1.0013646850955773e-13,2.5006708597512813e-13,0.38390615582466125,0.3839062750339508
highspeed_018:3:983,highspeed_018,0.20000000298023224,1.0994320363973653e-13,2.736775846210681e-13,0.3872224986553192,0.387222558259964
highspeed_018:3:983,highspeed_018,0.5,1.5458447382387e-13,3.6891319253572033e-13,0.42035651206970215,0.42035648226737976
sweep_turn_010:3:790,sweep_turn_010,0.009999999776482582,9.04893154961634e-14,1.8952494164464668e-13,0.3712558448314667,0.37125590443611145
sweep_turn_010:3:790,sweep_turn_010,0.019999999552965164,1.2518378064640586e-13,2.597417870675978e-13,0.3708108067512512,0.37081077694892883
sweep_turn_010:3:790,sweep_turn_010,0.05000000074505806,1.303042752481816e-13,2.702904513476272e-13,0.37664994597435,0.37664994597435
sweep_turn_010:3:790,sweep_turn_010,0.10000000149011612,8.731867344123975e-14,1.7503235636313112e-13,0.38644668459892273,0.38644665479660034
sweep_turn_010:3:790,sweep_turn_010,0.20000000298023224,1.1046141472056462e-13,1.9771605975123557e-13,0.4208934009075165,0.42089343070983887
sweep_turn_010:3:790,sweep_turn_010,0.5,1.4130718931536407e-13,1.9961009099163685e-13,0.5564919114112854,0.5564919114112854
sweep_turn_012:3:577,sweep_turn_012,0.009999999776482582,1.872992619326862e-13,2.6717169843533434e-13,0.2439480423927307,0.24394799768924713
sweep_turn_012:3:577,sweep_turn_012,0.019999999552965164,1.5460434656941834e-13,2.2102129231594798e-13,0.2471335381269455,0.2471335232257843
sweep_turn_012:3:577,sweep_turn_012,0.05000000074505806,1.8208536989147215e-13,2.505699267834297e-13,0.2467697262763977,0.2467697113752365
sweep_turn_012:3:577,sweep_turn_012,0.10000000149011612,2.157448244682312e-13,2.900737597828535e-13,0.2590310573577881,0.25903117656707764
sweep_turn_012:3:577,sweep_turn_012,0.20000000298023224,2.0906229530763073e-13,2.6463375136391496e-13,0.30714407563209534,0.30714407563209534
sweep_turn_012:3:577,sweep_turn_012,0.5,2.4903148344479647e-13,2.344563471384368e-13,0.5457059741020203,0.545706033706665
sweep_turn_018:3:3315,sweep_turn_018,0.009999999776482582,4.1891240079029836e-14,5.148737599143848e-13,0.8463183641433716,0.8463184833526611
sweep_turn_018:3:3315,sweep_turn_018,0.019999999552965164,5.174543582775379e-14,5.715124357226786e-13,0.8515169620513916,0.8515170216560364
sweep_turn_018:3:3315,sweep_turn_018,0.05000000074505806,6.879050445096511e-14,7.232180287794743e-13,0.8840926289558411,0.8840926885604858
sweep_turn_018:3:3315,sweep_turn_018,0.10000000149011612,5.3172129746380055e-14,6.209911674843696e-13,0.9415961503982544,0.941596269607544
sweep_turn_018:3:3315,sweep_turn_018,0.20000000298023224,4.4384160962528966e-14,5.225876356210553e-13,1.049035906791687,1.049035906791687
sweep_turn_018:3:3315,sweep_turn_018,0.5,5.830804741239087e-14,6.446446547583329e-13,1.2219547033309937,1.2219547033309937
uturn_007:3:1539,uturn_007,0.009999999776482582,1.0694043025140088e-13,1.7302226927970104e-12,0.9854812622070312,0.9854812622070312
uturn_007:3:1539,uturn_007,0.019999999552965164,1.7076760843323647e-13,2.7541847100148495e-12,0.9866859912872314,0.9866860508918762
uturn_007:3:1539,uturn_007,0.05000000074505806,1.1463055541381858e-13,1.8489449482607603e-12,0.9892953634262085,0.9892954230308533
uturn_007:3:1539,uturn_007,0.10000000149011612,1.3982166688654253e-13,2.244382428123157e-12,0.9933197498321533,0.9933197498321533
uturn_007:3:1539,uturn_007,0.20000000298023224,1.332957227296565e-13,2.107990874559908e-12,1.0024378299713135,1.002437949180603
uturn_007:3:1539,uturn_007,0.5,1.5734747414175242e-13,2.354656306709433e-12,1.0320069789886475,1.0320069789886475
