run,traj_id,scenario,targets,mean_nmse_db,energy_weighted_nmse_db,median_nmse_db,p90_nmse_db,p99_nmse_db,maximum_nmse_db,fraction_nmse_below_1,mean_shape_correlation,gain_mae_db,top1_target_contribution,top01pct_contribution,top1pct_contribution,nmse_contribution,target_energy_min,query_los_fraction,transition_fraction
cru_seed17,climb_descent_011,climb_descent,396,-4.661328285146721,-3.6485699072830133,-7.288286776278886,-0.049804343845349916,0.266379766397856,0.3533555171776706,0.9166666666666666,0.668361724994023,2.6900146298987715,0.008012595048139516,0.008012595048139516,0.031736967040266045,0.0002604232631161367,3.011623448401224e-05,0.9722222222222222,0.03282828282828283
cru_seed17,climb_descent_013,climb_descent,396,-6.0752351068282975,-5.710596307790747,-8.664376570858552,-2.4615375427202206,-2.1394836669190096,-2.0648539057547604,1.0,0.7682960019117654,2.397505285227765,0.00635832809601952,0.00635832809601952,0.025277950798631106,0.000188056822664766,0.0001831340341595,1.0,0.0
cru_seed17,climb_descent_014,climb_descent,396,-4.688339259793553,-4.5708515969210834,-7.479247740308052,-0.8801852375141295,-0.7273649202236192,-0.6518431351302,1.0,0.6644077412031516,3.176915790659912,0.006396677072989726,0.006396677072989726,0.025314954215298873,0.00025880858532618945,0.0001145542337326,1.0,0.0
cru_seed17,cruise_010,cruise,402,-9.122255626675232,-9.044712319716904,-9.472460043504041,-7.693005815566334,-6.00712766907741,-5.955796225154658,1.0,0.8802389364633987,0.8078040066939681,0.005157270217611489,0.005157270217611489,0.02056384878111939,9.464940961144488e-05,3.844554521492682e-05,1.0,0.0
cru_seed17,cruise_012,cruise,402,-4.039160281105728,-3.7231491130326604,-5.860099287117192,-0.5256761261555153,-0.13125326769638176,-0.11712382624367475,1.0,0.6128026019244348,3.6818809272786277,0.00613730338684498,0.00613730338684498,0.024518140699969784,0.00030508962836703417,8.689300739206374e-05,1.0,0.0
cru_seed17,cruise_018,cruise,402,-8.659818741684035,-8.449599477140694,-9.140226680575115,-7.008734358799407,-5.567802465923767,-5.0802628061379345,1.0,0.8736517804475566,1.0396601205304512,0.005671912735850755,0.005671912735850755,0.021629750609768128,0.00010528381123077837,8.74347606441006e-05,1.0,0.0
cru_seed17,highspeed_002,highspeed,402,-5.9179072439843345,-4.876409642606771,-8.04614729613688,-3.1255932539529447,2.408358741017144,2.7801336201890074,0.9676616915422885,0.7833286442703173,1.492841441715391,0.018432236466741404,0.018432236466741404,0.07049290641433428,0.00019794874269707513,8.697369048604742e-05,1.0,0.0
cru_seed17,highspeed_006,highspeed,402,-1.0966601073866524,-0.5839616213868487,-0.6403254693734135,-0.14094270206730455,0.12023875870374903,0.6765647605539629,0.972636815920398,0.22919357006841115,8.456205509788361,0.003741936675627232,0.003741936675627232,0.014547053071710524,0.0006007274278037246,5.675863576470874e-05,1.0,0.0
cru_seed17,highspeed_015,highspeed,402,-0.8944187915007844,-0.26603883296705183,-0.18277406751553882,-0.009041329766576494,0.10267421915979588,0.12708065180127484,0.945273631840796,0.19184045752246756,12.174369145388628,0.0031471967293539194,0.0031471967293539194,0.012554466039626353,0.0006293635586908739,3.6653353163274005e-05,1.0,0.0
cru_seed17,occlusion_003,occlusion,396,6.6192756934386745,-5.435795453174159,-3.1616688312342416,0.5048126976355076,19.304443878979537,27.024614604480135,0.6691919191919192,0.5057898049078186,9.292830498580999,0.27722902985337117,0.27722902985337117,0.6642439873905304,0.0034973586758544426,1.223602774658161e-09,0.5782828282828283,0.05303030303030303
cru_seed17,occlusion_010,occlusion,396,-0.37714232269385095,-2.0076231351773983,0.0008704578757514015,0.2954464925935639,1.0526044230409317,1.9935902393808038,0.5,0.1603112998273404,14.572812674397772,0.004358911688261925,0.004358911688261925,0.015088692103803201,0.0006983905794703198,4.128428656713368e-07,0.19696969696969696,0.030303030303030304
cru_seed17,occlusion_011,occlusion,396,31.14076002706132,-3.4207708385759217,-1.7065491896308274,0.2984033738194629,45.08394842386184,51.78356790225073,0.6919191919191919,0.4338005368687054,13.484430558095225,0.29280979571044546,0.29280979571044546,0.6333425025965278,0.9905778384120036,3.951984139244358e-12,0.5757575757575758,0.045454545454545456
cru_seed17,sweep_turn_001,sweep_turn,402,-0.8424455947844973,-0.3395854990606939,0.0684724687591073,0.21125565604991087,0.2804581948974228,0.3064693733549902,0.4502487562189055,0.20713935751023405,9.400059988249593,0.00324089860391708,0.00324089860391708,0.012929885229476724,0.000636940570476333,0.000112875844934,1.0,0.0
cru_seed17,sweep_turn_009,sweep_turn,402,-6.88087451375626,-6.913056060744903,-7.311595050132808,-5.330288956339384,-4.034641227773697,-3.9685331094687504,1.0,0.8123180430326888,1.7092146369725911,0.004864162635527146,0.004864162635527146,0.019382883030711826,0.00015858277771592025,0.0001017073518596,1.0,0.0
cru_seed17,sweep_turn_016,sweep_turn,402,-0.4685329504132932,-0.382144572309793,-0.0948576873029948,0.03456466144449003,0.1547114033960531,0.19448229258506766,0.7835820895522388,0.12975794753378186,13.356256240635963,0.002897847128620864,0.002897847128620864,0.011562958701233564,0.0006942088996578184,0.0002200492745032,1.0,0.0
cru_seed17,uturn_004,uturn,402,-3.8657880986191975,-3.49984141846311,-4.488500408351259,-1.6120180781054838,-0.8385896737067222,-0.6941829969222878,1.0,0.604288749137328,3.2121441557410346,0.005163384385556455,0.005163384385556455,0.020512711855560486,0.00031751530351861675,4.408682434586808e-05,1.0,0.0
cru_seed17,uturn_009,uturn,402,-1.252138141032243,-0.942104557468239,-0.38142844229337497,-0.181003291055757,-0.16107406099980526,-0.09319951024228085,1.0,0.2558873435806724,9.56574489580773,0.003248387345662164,0.003248387345662164,0.01291473376808086,0.0005796017097342446,8.637246355647221e-05,1.0,0.0
cru_seed17,uturn_019,uturn,402,-5.890283643059892,-5.669458823822961,-6.0206080673673,-5.407756694818978,1.0026026223286413,2.352538556779159,0.9825870646766169,0.7643915260791552,0.918209905856618,0.016598015541409106,0.016598015541409106,0.056607627656790845,0.00019921182206066523,9.010294161271304e-05,1.0,0.0
cru_seed29,climb_descent_011,climb_descent,396,-4.3690512767065455,-3.3612170016024487,-6.761942369774145,-0.017320235457650848,0.3730016221617726,0.5021658251158686,0.9040404040404041,0.6461399295602483,2.752196505684594,0.0077522277685680725,0.0077522277685680725,0.030583001810227682,0.0001260015977215166,3.011623448401224e-05,0.9722222222222222,0.03282828282828283
cru_seed29,climb_descent_013,climb_descent,396,-6.403107004863996,-6.029594346397284,-8.85798303930023,-2.597367381243693,-2.1616252344899225,-2.0646252875977296,1.0,0.7841543386680911,2.251726427850445,0.00685729741007677,0.00685729741007677,0.027145735563226674,7.888064974581426e-05,0.0001831340341595,1.0,0.0
cru_seed29,climb_descent_014,climb_descent,396,-4.800426525454956,-4.679225657542403,-7.829753061576884,-1.139357056591124,-1.0210812814582002,-0.9949928512838663,1.0,0.6724946127470696,2.858658878184441,0.006065242667833751,0.006065242667833751,0.024175158924590257,0.000114087621803544,0.0001145542337326,1.0,0.0
cru_seed29,cruise_010,cruise,402,-8.521092464328538,-8.635048823347157,-8.79612951171167,-6.883373498389879,-6.189060244553357,-5.684460942202094,1.0,0.8618906212979881,0.876250758007243,0.0047801012872477665,0.0047801012872477665,0.01800612244372747,4.917029348331536e-05,3.844554521492682e-05,1.0,0.0
cru_seed29,cruise_012,cruise,402,-3.8450907014750357,-3.527634989433674,-5.073066554788541,-0.42124141660375525,-0.12107270122101549,-0.10779073963940666,1.0,0.594181950065071,4.1176429154230885,0.005881714543163454,0.005881714543163454,0.023496723520130495,0.00014431217651449506,8.689300739206374e-05,1.0,0.0
cru_seed29,cruise_018,cruise,402,-9.131505312703085,-8.865619637789445,-9.54857453221791,-7.36817717514581,-5.806758989225455,-5.369881923899589,1.0,0.8847816444154996,0.9040868465756229,0.005914748540858106,0.005914748540858106,0.022346507942458724,4.2722977814986785e-05,8.74347606441006e-05,1.0,0.0
cru_seed29,highspeed_002,highspeed,402,-6.557725279262555,-5.100732461361217,-9.013567218763551,-3.924827066407377,2.3434623385101743,2.530380019254141,0.9676616915422885,0.8176443372778422,1.2101517339148782,0.020164361594882045,0.020164361594882045,0.07971298354147124,7.72750898999352e-05,8.697369048604742e-05,1.0,0.0
cru_seed29,highspeed_006,highspeed,402,-0.9866962048637068,-0.511000215755599,-0.4618717715481404,-0.06999244153471341,0.1021317173198468,0.7227054242095914,0.9825870646766169,0.21067967391874068,9.209999876532388,0.0036873478554195808,0.0036873478554195808,0.014400789631046601,0.00027870350240060223,5.675863576470874e-05,1.0,0.0
cru_seed29,highspeed_015,highspeed,402,-0.7654390310815313,-0.24272698936266307,-0.20801526996640465,0.010839722808171057,0.03663454620611772,0.04131309712981325,0.8706467661691543,0.1738429549772788,12.497966705863156,0.002995360922874635,0.002995360922874635,0.011976455895757028,0.0002932703407606719,3.6653353163274005e-05,1.0,0.0
cru_seed29,occlusion_003,occlusion,396,9.922653004157771,-6.696384880673851,-5.018343940170819,0.4711105051465652,22.483705919410816,30.652443132134508,0.6691919191919192,0.5429642733404174,8.795732997409585,0.29873343101949573,0.29873343101949573,0.7633473705604769,0.003384904967167724,1.223602774658161e-09,0.5782828282828283,0.05303030303030303
cru_seed29,occlusion_010,occlusion,396,-0.3834521099976201,-2.0351620414434866,-0.005170692737893526,0.2457746931097149,1.0638099625886759,2.2753753197885613,0.5202020202020202,0.15609165198352135,14.528303523980684,0.0046578720778562965,0.0046578720778562965,0.015743599560452612,0.00031545394919850803,4.128428656713368e-07,0.19696969696969696,0.030303030303030304
cru_seed29,occlusion_011,occlusion,396,34.600736326986436,-4.470162785963764,-3.120859467345616,0.4144669875530382,47.55193814176019,57.004486456442564,0.7045454545454546,0.49912648982475466,12.943464185948475,0.4392176935535331,0.4392176935535331,0.7985927224189169,0.9939277417117292,3.951984139244358e-12,0.5757575757575758,0.045454545454545456
cru_seed29,sweep_turn_001,sweep_turn,402,-0.7723048015056754,-0.30955674300086544,0.09834867901958314,0.23908831970249428,0.2922180051048684,0.5376618867151419,0.4253731343283582,0.19614679224514248,9.275740994446313,0.0033633387870746125,0.0033633387870746125,0.013002172539432859,0.0002928070753590297,0.000112875844934,1.0,0.0
cru_seed29,sweep_turn_009,sweep_turn,402,-6.894942955310822,-6.972536385132032,-7.354181331538823,-5.121836517274368,-4.105145220741163,-3.98244106982858,1.0,0.8137575509536326,1.7425526024423892,0.004864342380167334,0.004864342380167334,0.019368638031141753,7.15019278302939e-05,0.0001017073518596,1.0,0.0
cru_seed29,sweep_turn_016,sweep_turn,402,-0.496352832273144,-0.41071140601582506,-0.10413767096087889,-0.002315003665659893,0.05451462443606583,0.11462832554547617,0.9029850746268657,0.12902728987277648,13.477659035084853,0.002863334345935315,0.002863334345935315,0.011397187484736844,0.0003120159272380625,0.0002200492745032,1.0,0.0
cru_seed29,uturn_004,uturn,402,-3.941282220717336,-3.589354000003539,-4.371179445200235,-1.667255370015806,-1.1055145502358101,-1.0787607679836129,1.0,0.6108123997402428,2.937977847823901,0.0048086823789807494,0.0048086823789807494,0.01917182953449637,0.00014115095629761045,4.408682434586808e-05,1.0,0.0
cru_seed29,uturn_009,uturn,402,-1.2426889317618723,-0.9490892428601582,-0.45282165133366525,-0.21632782640115447,-0.09114019179135847,-0.05210631251017634,1.0,0.2558071976249565,9.187672851361667,0.003272142501089232,0.003272142501089232,0.013073189058794416,0.0002627502595668624,8.637246355647221e-05,1.0,0.0
cru_seed29,uturn_019,uturn,402,-6.030517110059988,-5.794955025291957,-6.127769743424417,-5.529513210559163,1.0432274639940706,2.0507358358165733,0.9825870646766169,0.7719011501460081,0.995582762516604,0.015991869661796727,0.015991869661796727,0.05865055680088357,8.724897546789328e-05,9.010294161271304e-05,1.0,0.0
cru_seed43,climb_descent_011,climb_descent,396,-4.635110364555307,-3.6209160314187376,-7.019707688981061,-0.15114828241658432,0.25478711036639634,0.35174922612618187,0.946969696969697,0.6660271234518726,2.5830781377929575,0.00796142435694623,0.00796142435694623,0.03152534910013405,0.00016239228511612776,3.011623448401224e-05,0.9722222222222222,0.03282828282828283
cru_seed43,climb_descent_013,climb_descent,396,-6.1641628270596645,-5.831545667474591,-7.342699335175866,-2.83925491713076,-1.9992474362620927,-1.848628636696488,1.0,0.772956765661336,2.377467858736789,0.006821159944494202,0.006821159944494202,0.0266976310080758,0.0001141984335610735,0.0001831340341595,1.0,0.0
cru_seed43,climb_descent_014,climb_descent,396,-5.304707888255978,-5.226169152246207,-7.187387850124303,-1.6496038931721912,-1.3357407370741228,-1.2485104380169407,1.0,0.712752847960501,2.6795944009314883,0.006425760863109314,0.006425760863109314,0.025441643106385976,0.00013918923268653428,0.0001145542337326,1.0,0.0
cru_seed43,cruise_010,cruise,402,-9.294164640489905,-9.335740565347871,-9.525537494379497,-7.781285308635281,-6.727273417608622,-6.658162965954709,1.0,0.8839945477336201,0.8083583840090244,0.004564299291614022,0.004564299291614022,0.018131002431130507,5.638853773492622e-05,3.844554521492682e-05,1.0,0.0
cru_seed43,cruise_012,cruise,402,-3.870019560286933,-3.5456836247844055,-5.26658299309277,-0.45948804112732466,-0.1781782678858782,-0.16032571664657613,1.0,0.5936425027729415,3.6814065760937495,0.005844445743953762,0.005844445743953762,0.023342387350658588,0.0001966098811436393,8.689300739206374e-05,1.0,0.0
cru_seed43,cruise_018,cruise,402,-9.14304066467971,-8.850802515147642,-10.013254179375764,-7.1059362001580295,-5.1100812901664145,-4.781940895674174,1.0,0.8858253399827587,0.842786341848255,0.006790221225264683,0.006790221225264683,0.02600421427564827,5.838526156895881e-05,8.74347606441006e-05,1.0,0.0
cru_seed43,highspeed_002,highspeed,402,-6.752346251738082,-5.229139001627031,-9.241362721638183,-4.1611422202397055,2.4036559522528105,2.597504381607293,0.9651741293532339,0.8262516482091946,1.1968189557395708,0.021417018422501884,0.021417018422501884,0.08403910291592025,0.00010124478710750207,8.697369048604742e-05,1.0,0.0
cru_seed43,highspeed_006,highspeed,402,-1.389198381551172,-0.7971305619062617,-1.166956076777224,-0.1622920311382224,0.24374518311164797,0.5538586522020862,0.9626865671641791,0.27996631701006236,7.063953173397786,0.0038911650302898607,0.0038911650302898607,0.015277972840711465,0.00034808672310214397,5.675863576470874e-05,1.0,0.0
cru_seed43,highspeed_015,highspeed,402,-0.8010948395270121,-0.2209327052156141,-0.19007388049227703,0.03710821252053968,0.07320324430323379,0.11038312763893698,0.7487562189054726,0.174676257087865,11.296940497053203,0.003068469025167698,0.003068469025167698,0.012246140043859639,0.0003985637649873439,3.6653353163274005e-05,1.0,0.0
cru_seed43,occlusion_003,occlusion,396,9.77781180689678,-7.026733726332182,-5.292985301498655,0.4065082837982794,22.024409352934917,30.95326492784846,0.6767676767676768,0.5436489709746122,8.407747548896669,0.3310168687592631,0.3310168687592631,0.7701496033978812,0.004485982863168819,1.223602774658161e-09,0.5782828282828283,0.05303030303030303
cru_seed43,occlusion_010,occlusion,396,-0.3880675081257315,-2.0774059390319883,0.004077713667904332,0.2778347218032902,1.3070739919367014,2.3211740980177664,0.4898989898989899,0.17183170563145145,13.470675209875811,0.004712257069893661,0.004712257069893661,0.01685134630655776,0.0004317871153355302,4.128428656713368e-07,0.19696969696969696,0.030303030303030304
cru_seed43,occlusion_011,occlusion,396,33.224270465823636,-4.485418648946401,-3.0343858248804567,0.4172797666058572,46.09650718136578,55.25850380626966,0.7323232323232324,0.49575316005264153,12.380237785403175,0.4033928053178088,0.4033928053178088,0.791788450907265,0.9919812790446191,3.951984139244358e-12,0.5757575757575758,0.045454545454545456
cru_seed43,sweep_turn_001,sweep_turn,402,-0.8500697715020635,-0.3527706602963954,0.07759325125075059,0.23275486984344881,0.3099379515414596,0.45643106113474863,0.4502487562189055,0.20986426329719096,9.178950023443544,0.003360655769696352,0.003360655769696352,0.013159609413670207,0.00039409445068321633,0.000112875844934,1.0,0.0
cru_seed43,sweep_turn_009,sweep_turn,402,-7.494062954113412,-7.594528612584865,-8.368929471022987,-5.409881450230197,-4.015658894961964,-3.948728228977293,1.0,0.835162657855162,1.425101136612655,0.0056273952469849545,0.0056273952469849545,0.022453460238151805,8.534950393455557e-05,0.0001017073518596,1.0,0.0
cru_seed43,sweep_turn_016,sweep_turn,402,-0.5039476736643643,-0.4115085216977268,-0.10650019649877342,0.021674505815625522,0.10097816434206446,0.10903378413545244,0.8557213930348259,0.1301507363143662,13.062670573962862,0.00286465346167115,0.00286465346167115,0.011449399336012515,0.00042678832375311497,0.0002200492745032,1.0,0.0
cru_seed43,uturn_004,uturn,402,-5.023357643971255,-4.659844023847335,-5.679556635277816,-2.7774033740132458,-1.58315381566914,-1.2236022559215445,1.0,0.7030822327406845,2.5126017718575895,0.0059669099776114756,0.0059669099776114756,0.02335330640314407,0.0001507549330904459,4.408682434586808e-05,1.0,0.0
cru_seed43,uturn_009,uturn,402,-1.3278236901115008,-0.9985326359006841,-0.3669237570909021,-0.1713093394454514,-0.1421523024377187,-0.12340524920418897,1.0,0.2683416140909812,9.248823789499736,0.0032825835667659856,0.0032825835667659856,0.013093344206806178,0.00035304082365848267,8.637246355647221e-05,1.0,0.0
cru_seed43,uturn_019,uturn,402,-6.166586487578078,-6.021315210338699,-6.307279818561255,-5.858391118482845,0.5750655783567605,1.716234246924242,0.9825870646766169,0.7753174274891096,0.8737781111055994,0.015277631142273375,0.015277631142273375,0.05384348254020185,0.00011586403474851394,9.010294161271304e-05,1.0,0.0
harmonic,climb_descent_011,climb_descent,396,-10.184365785332261,-9.974189999917236,-19.00035428389938,-9.063050526195743,1.2228866742288405,6.61945369260354,0.9848484848484849,0.96658166674803,0.48638871806234063,0.12097252954322338,0.12097252954322338,0.43708754779608167,7.962052496152381e-07,3.011623448401224e-05,0.9722222222222222,0.03282828282828283
harmonic,climb_descent_013,climb_descent,396,-3.3265830009313917,-2.719983076719728,-11.379974295198085,-2.400729318188046,11.04738200333898,13.118588671023852,0.9595959595959596,0.8595383215996654,0.6789366368242866,0.11138378742137538,0.11138378742137538,0.4284288923759797,3.861920373829456e-06,0.0001831340341595,1.0,0.0
harmonic,climb_descent_014,climb_descent,396,-7.87272830657458,-7.82410808094159,-11.867529829527758,-4.5059800762154465,3.096993277034602,6.139176103857497,0.9823232323232324,0.8877515718340874,0.41353702724389757,0.06360558555740614,0.06360558555740614,0.2174608177178324,1.355778631112281e-06,0.0001145542337326,1.0,0.0
harmonic,cruise_010,cruise,402,-14.585560454942394,-14.433150691839803,-20.221307819422126,-10.02528305210834,-4.7010351925459934,-3.0906670823897304,1.0,0.973067351834691,0.3103729865833703,0.03509645762038671,0.03509645762038671,0.12002695261523516,2.9338400772312127e-07,3.844554521492682e-05,1.0,0.0
harmonic,cruise_012,cruise,402,-5.707199339930118,-5.593305454574668,-15.329598791149559,-5.020200117114863,8.083523972671076,10.178965783253513,0.9701492537313433,0.8992979811384013,0.6573650010418962,0.09646959588117753,0.09646959588117753,0.3047189704904464,2.2660659670800646e-06,8.689300739206374e-05,1.0,0.0
harmonic,cruise_018,cruise,402,-6.672512372167262,-7.544968861761705,-17.323525003583594,-5.698099485861441,7.385732243700387,8.60268305239839,0.9651741293532339,0.9220561193515412,0.628671857171034,0.08380954625136343,0.08380954625136343,0.2973519270179207,1.814434291588435e-06,8.74347606441006e-05,1.0,0.0
harmonic,highspeed_002,highspeed,402,-3.2730930001459893,-2.2936139239637314,-10.057976955551421,-0.5455790658957661,7.222202329125043,9.71951969870307,0.9079601990049752,0.8268027124891045,1.3311606841185015,0.04954903683310424,0.04954903683310424,0.1483865511450225,3.969019040695639e-06,8.697369048604742e-05,1.0,0.0
harmonic,highspeed_006,highspeed,402,1.310261708918464,2.3402456714514788,-10.231326045642309,4.019466426860117,9.7614445122474,20.788409642456358,0.8333333333333334,0.8115122621363583,1.7142949584481741,0.22059148293815428,0.22059148293815428,0.4716606566469793,1.140298763193872e-05,5.675863576470874e-05,1.0,0.0
harmonic,highspeed_015,highspeed,402,0.14299740701697006,1.1006512201810632,-11.906685008296517,0.8020990011866995,14.861376349602915,15.806569333898576,0.8706467661691543,0.8327605670957423,1.3462401241496575,0.09164971939243173,0.09164971939243173,0.3394257904621872,8.715498311418888e-06,3.6653353163274005e-05,1.0,0.0
harmonic,occlusion_003,occlusion,396,20.47244958630694,-5.932014241286559,-5.727161601901393,5.358687638085049,36.453508402796885,37.969522482388506,0.696969696969697,0.6918985915137267,4.1286974070335605,0.14190970710316633,0.14190970710316633,0.4962774052253372,0.000926203832803034,1.223602774658161e-09,0.5782828282828283,0.05303030303030303
harmonic,occlusion_010,occlusion,396,2.3790604297794347,-2.0321831155961436,0.4684072176555771,5.585711535120984,10.093418461550725,14.311837599388236,0.45707070707070707,0.6317770418227706,3.5663669734174324,0.03940783090952383,0.03940783090952383,0.12141407545017996,1.4367051819791329e-05,4.128428656713368e-07,0.19696969696969696,0.030303030303030304
harmonic,occlusion_011,occlusion,396,50.801022203401786,-5.96812074021588,-5.62740408067672,2.9449901574416195,65.91743753551438,71.68393169607907,0.7727272727272727,0.7387001268168459,6.080718968971397,0.3094537595805678,0.3094537595805678,0.766781763977804,0.9989961984133987,3.951984139244358e-12,0.5757575757575758,0.045454545454545456
harmonic,sweep_turn_001,sweep_turn,402,-7.3345539742352015,-4.636860740863518,-14.138597307848011,-4.937555574683851,3.258007089270847,9.55014490306897,0.9651741293532339,0.9001779901148289,0.7558345393597992,0.12140702989421767,0.12140702989421767,0.3424684960993517,1.5578910594480017e-06,0.000112875844934,1.0,0.0
harmonic,sweep_turn_009,sweep_turn,402,-5.323266840865061,-5.235075281238371,-20.507720032712058,-7.066735118021956,7.640628038951604,11.94786807688268,0.9477611940298507,0.9388758519024991,0.7031482183192023,0.13270504655679,0.13270504655679,0.44016696406628747,2.475516345668746e-06,0.0001017073518596,1.0,0.0
harmonic,sweep_turn_016,sweep_turn,402,-0.37627570352798073,-0.0014159580814940144,-12.524094377412027,-1.9112573742659609,13.074876588377265,13.730944896589454,0.9228855721393034,0.8583872290096473,1.325813047086301,0.06404658928492392,0.06404658928492392,0.24985718104448942,7.733300958347528e-06,0.0002200492745032,1.0,0.0
harmonic,uturn_004,uturn,402,-8.21951009864436,-8.54099026830511,-8.88294611811704,-4.951240196599447,-2.6592128528540715,-0.1187130833719508,1.0,0.875155778740769,0.6253263168066078,0.01606399826071046,0.01606399826071046,0.04843930425517346,1.2706954432031861e-06,4.408682434586808e-05,1.0,0.0
harmonic,uturn_009,uturn,402,-1.0728772831144309,-1.4920377648069847,-14.086877955819187,-0.9284361806084035,13.800061961188586,16.10170949424249,0.9154228855721394,0.8819553960596596,1.2447540427069295,0.12978742756834366,0.12978742756834366,0.4206628095252178,6.587259220841818e-06,8.637246355647221e-05,1.0,0.0
harmonic,uturn_019,uturn,402,0.3451375297191159,3.181016742821021,-14.25531828706092,-2.530693978562372,9.701812218921884,20.5017288922446,0.9353233830845771,0.9061611170361551,0.9939475036158884,0.2578891573816048,0.2578891573816048,0.7283385987161981,9.130745446032666e-06,9.010294161271304e-05,1.0,0.0
hold,climb_descent_011,climb_descent,396,-15.187020231987242,-14.420315632837921,-20.83124459393234,-9.95564798235214,-6.142051753286397,-2.8213543289213394,1.0,0.9804288431851551,0.3530074068771545,0.04353829366842898,0.04353829366842898,0.13754677831709053,1.292582553227602e-06,3.011623448401224e-05,0.9722222222222222,0.03282828282828283
hold,climb_descent_013,climb_descent,396,-9.726812992625808,-9.31832815199401,-11.762302177476897,-4.552609626628219,-2.8220313790246636,-2.2984380045330646,1.0,0.9007280166402007,0.1386830224239589,0.01396826008526318,0.01396826008526318,0.053419276856373,4.544425766900501e-06,0.0001831340341595,1.0,0.0
hold,climb_descent_014,climb_descent,396,-11.244926105879458,-11.150898917492531,-12.884960468780966,-6.953566191933494,-4.596124462018453,-3.817422862722375,1.0,0.9278322793919631,0.09841659282927026,0.013965456564040125,0.013965456564040125,0.05002263790752516,3.2038170059442824e-06,0.0001145542337326,1.0,0.0
hold,cruise_010,cruise,402,-14.011560429218836,-13.846588922836244,-18.918555565657872,-8.24750816243737,-6.811765290359249,-6.709740637206679,1.0,0.9613806783263363,0.06268670483587804,0.013364598805479303,0.013364598805479303,0.05281724540708097,1.7200264964530663e-06,3.844554521492682e-05,1.0,0.0
hold,cruise_012,cruise,402,-11.441542431234478,-11.177320057019124,-17.378546318362712,-6.157971188009389,-3.764774009645155,-3.128407590813254,1.0,0.9322010342457995,0.09299388967875567,0.01686892591733913,0.01686892591733913,0.06334355682321804,3.1084002622148415e-06,8.689300739206374e-05,1.0,0.0
hold,cruise_018,cruise,402,-12.022946571150248,-11.448461643597971,-16.912197339089207,-6.958957661405317,-4.094286945280635,-3.8442678760221787,1.0,0.9394819199742369,0.13720784895151006,0.016354671165615814,0.016354671165615814,0.06338755776789588,2.718920585972572e-06,8.74347606441006e-05,1.0,0.0
hold,highspeed_002,highspeed,402,-7.4884195043701896,-5.9403378279169585,-11.540483064697922,-3.19506433361411,2.518084326486714,2.6553017967447747,0.9527363184079602,0.8595672203298104,0.45105702284896115,0.025712604931059587,0.025712604931059587,0.10153487618584385,7.724123865842461e-06,8.697369048604742e-05,1.0,0.0
hold,highspeed_006,highspeed,402,-7.049542465674193,-5.799234784219839,-12.045652812650394,-2.8684655451148333,3.5252733461085297,3.639951813012725,0.9427860696517413,0.8604812856648091,0.33012347003278225,0.029155693415137636,0.029155693415137636,0.11554973631599949,8.545489275543726e-06,5.675863576470874e-05,1.0,0.0
hold,highspeed_015,highspeed,402,-8.90937917649153,-8.115368449807738,-12.160477601959531,-4.474054499994572,-0.20483434563418174,0.33429621016013755,0.9950248756218906,0.8900422063558849,0.3741120684330713,0.020899768980417347,0.020899768980417347,0.07848475298883732,5.568692824893995e-06,3.6653353163274005e-05,1.0,0.0
hold,occlusion_003,occlusion,396,17.430245173274816,-8.8338664064505,-8.417017968699433,5.345057554359835,30.68312708642619,38.194790602716736,0.6515151515151515,0.7811712780920318,2.1630715226090964,0.3011336977164272,0.3011336977164272,0.763034625650868,0.002361483036538397,1.223602774658161e-09,0.5782828282828283,0.05303030303030303
hold,occlusion_010,occlusion,396,2.2223329604074697,-3.2783454039459716,0.8727600094825088,5.830703302947028,8.374571280661788,9.522870711070032,0.45202020202020204,0.6811212653713419,1.9067017857848598,0.013563088299468267,0.013563088299468267,0.04843022610662023,7.118583914880603e-05,4.128428656713368e-07,0.19696969696969696,0.030303030303030304
hold,occlusion_011,occlusion,396,43.68753486579726,-8.45910589726994,-7.321582665473022,5.063224587655525,42.80330177326431,67.69600989218473,0.6641414141414141,0.7719920354360915,2.909746662259685,0.6355537955889852,0.6355537955889852,0.9977663126629852,0.9975020559147344,3.951984139244358e-12,0.5757575757575758,0.045454545454545456
hold,sweep_turn_001,sweep_turn,402,-9.452609670658127,-7.088135861129102,-14.406789918535196,-7.131958350579591,0.5091546240049424,4.000211334809182,0.9825870646766169,0.9061843989858872,0.22120364717079272,0.055087878495703686,0.055087878495703686,0.20046313089267687,4.9139441141715735e-06,0.000112875844934,1.0,0.0
hold,sweep_turn_009,sweep_turn,402,-14.36130342697817,-13.905322684414568,-22.73642655321494,-9.835320399692005,-4.800158278190488,-4.202462468427612,1.0,0.9660600828590677,0.19544209213102057,0.02580227756356022,0.02580227756356022,0.09512135056738893,1.5869412071430508e-06,0.0001017073518596,1.0,0.0
hold,sweep_turn_016,sweep_turn,402,-9.532321243901666,-9.413144162499709,-12.68326239614224,-3.9494419213227157,-2.8047869990911467,-2.7206187742575336,1.0,0.8969795565996597,0.17216216895747546,0.0119383468883174,0.0119383468883174,0.0472138295571878,4.8245749286832465e-06,0.0002200492745032,1.0,0.0
hold,uturn_004,uturn,402,-7.706800807678743,-8.168874901516222,-8.298432566712691,-4.417192979585776,-2.149549802487349,-1.5496002979278778,1.0,0.8591749641432691,0.5864789890063421,0.010268192405506676,0.010268192405506676,0.038546500760717486,7.345326403938794e-06,4.408682434586808e-05,1.0,0.0
hold,uturn_009,uturn,402,-9.704697034974226,-10.121940338171857,-16.371255334551016,-4.738696229933645,-0.5669147739045618,-0.23006097952599167,1.0,0.9074988010807417,0.14538292236710418,0.02204131759852395,0.02204131759852395,0.08618367097189225,4.636833233882291e-06,8.637246355647221e-05,1.0,0.0
hold,uturn_019,uturn,402,-10.875516330753797,-9.583979944305614,-15.799451138343565,-8.97166755274868,0.010555347153374767,2.725035069261118,0.9875621890547264,0.9314454625219059,0.19613452328434758,0.05699399328863656,0.05699399328863656,0.18331335119566447,3.5411110535256e-06,9.010294161271304e-05,1.0,0.0
kalman,climb_descent_011,climb_descent,396,-14.567157703240522,-13.174375786306463,-21.561202799170097,-12.013679819043833,-2.1990183364895124,0.6085856472361335,0.9974747474747475,0.987169541343294,0.40745819078533757,0.08315323488727126,0.08315323488727126,0.2489173910283255,4.2910284342899285e-07,3.011623448401224e-05,0.9722222222222222,0.03282828282828283
kalman,climb_descent_013,climb_descent,396,-10.925377576506147,-10.42419351071077,-14.133634117439744,-6.320951494480398,-2.411814078570247,-1.5514517867656532,1.0,0.944001650418898,0.4835756808860966,0.021862377701775616,0.021862377701775616,0.08090796482988759,9.925203157769724e-07,0.0001831340341595,1.0,0.0
kalman,climb_descent_014,climb_descent,396,-12.891806469692801,-12.840533410152076,-15.3373452200385,-8.913071849968082,-5.661458273875073,-3.5785358819395596,1.0,0.9597951438691881,0.3719562001955858,0.021559161848113215,0.021559161848113215,0.06488171128751175,6.31097581294901e-07,0.0001145542337326,1.0,0.0
kalman,cruise_010,cruise,402,-16.70955736409871,-16.530603854781553,-20.927435180067025,-12.08631393795806,-8.23870636744863,-2.6519455886526484,1.0,0.9844732923590722,0.2971728121925815,0.06331915703115405,0.06331915703115405,0.14405327231685572,2.6598202826941307e-07,3.844554521492682e-05,1.0,0.0
kalman,cruise_012,cruise,402,-12.952737432976473,-12.521770814861037,-18.80850847022805,-8.035106530721137,-3.9144141100094982,0.13079719071136833,0.9975124378109452,0.9671263748140477,0.48841072089807364,0.0505973077917155,0.0505973077917155,0.13915269383338377,6.317340512811837e-07,8.689300739206374e-05,1.0,0.0
kalman,cruise_018,cruise,402,-13.94154008350127,-12.967444393848053,-19.894675078505795,-9.516242214076028,-5.378056255638368,-1.0492114796643728,1.0,0.9713625393400145,0.38119488297260845,0.0484179956748015,0.0484179956748015,0.13533274525885292,5.030996573137358e-07,8.74347606441006e-05,1.0,0.0
kalman,highspeed_002,highspeed,402,-5.703498694871781,-3.267887803166552,-12.67225656267778,-3.1797901080659257,6.620845945889242,7.02474372736789,0.9402985074626866,0.8898066529735983,0.8427967690842154,0.046622782499917435,0.046622782499917435,0.18498406751074145,3.3531899849339157e-06,8.697369048604742e-05,1.0,0.0
kalman,highspeed_006,highspeed,402,-4.043016360348111,-2.808206182638244,-14.12358569254889,-1.483249435226093,8.555827333062698,9.22928286347779,0.917910447761194,0.8923386397861908,1.0674460166304003,0.05284499599200292,0.05284499599200292,0.20112158272262323,4.914806158799999e-06,5.675863576470874e-05,1.0,0.0
kalman,highspeed_015,highspeed,402,-8.507903489528454,-7.381097350467512,-14.351365619728611,-3.556443096578881,1.5213040761599663,2.3623059995657565,0.9651741293532339,0.9224035303242764,0.6920963779974506,0.030394492465290534,0.030394492465290534,0.11034004436665576,1.7579951836234755e-06,3.6653353163274005e-05,1.0,0.0
kalman,occlusion_003,occlusion,396,19.329730110448835,-6.202884465734933,-4.439661139734711,3.941893842900215,34.4527761592428,39.43503065762692,0.6287878787878788,0.7150702262235905,4.227584731049549,0.25872289895019124,0.25872289895019124,0.690915913598465,0.00105256802716898,1.223602774658161e-09,0.5782828282828283,0.05303030303030303
kalman,occlusion_010,occlusion,396,3.8359351235641883,-1.3798708624894596,0.9658240090882038,6.896069470628357,13.837266018401005,17.135009638486395,0.40404040404040403,0.6028176684595757,4.19320486275117,0.05397743779244683,0.05397743779244683,0.15293840624652344,2.9707812557369014e-05,4.128428656713368e-07,0.19696969696969696,0.030303030303030304
kalman,occlusion_011,occlusion,396,49.10243346615133,-5.4215171355846845,-3.4486227430437326,4.643328226689116,63.33962549805719,70.09863491976274,0.6590909090909091,0.7593627519742326,6.046573247794636,0.31763251946254334,0.31763251946254334,0.7861419636493283,0.9988965411497402,3.951984139244358e-12,0.5757575757575758,0.045454545454545456
kalman,sweep_turn_001,sweep_turn,402,-8.706761231770336,-5.593273550110699,-16.451236113447646,-7.694017643344461,0.8568464265048186,9.494984047146827,0.9825870646766169,0.9379679814168711,0.42329031857202176,0.1644176644650275,0.1644176644650275,0.4632225062545394,1.6793139925875725e-06,0.000112875844934,1.0,0.0
kalman,sweep_turn_009,sweep_turn,402,-17.032167318532217,-16.56060410572846,-25.97219083489922,-12.587384092730309,-7.557055629368109,-4.303899459040905,1.0,0.9834004467103019,0.18118907741786214,0.04662305557705132,0.04662305557705132,0.12364633783185411,2.469399170947675e-07,0.0001017073518596,1.0,0.0
kalman,sweep_turn_016,sweep_turn,402,-10.750670839268139,-10.57397753735652,-14.934853228404165,-4.549382991848956,-3.225902656906059,-2.855670528544156,1.0,0.9466997405782861,0.6271895589435095,0.015320536646268791,0.015320536646268791,0.058786362962661626,1.0489165695270992e-06,0.0002200492745032,1.0,0.0
kalman,uturn_004,uturn,402,-8.155793289447287,-8.705331638636856,-10.191126461224922,-4.647129996379773,-0.9898106492241543,1.814988217008099,0.9950248756218906,0.879958000275033,0.6048376529042572,0.02470882523024281,0.02470882523024281,0.07391982774359872,1.9064644041331478e-06,4.408682434586808e-05,1.0,0.0
kalman,uturn_009,uturn,402,-9.358166383209447,-9.805309116039977,-17.132838379900804,-5.498866592850775,0.9811488261600501,1.9673960400674195,0.9701492537313433,0.9436626680454805,0.7822017796217134,0.03375438419392426,0.03375438419392426,0.1210476776392303,1.4454111199242114e-06,8.637246355647221e-05,1.0,0.0
kalman,uturn_019,uturn,402,-9.570517780841168,-7.7428636748321065,-16.067185668852492,-9.363229386480395,4.943029427347618,6.4552969618295455,0.9825870646766169,0.9532109112293455,0.4452135606809398,0.09962203781506213,0.09962203781506213,0.34707996470727615,1.3764367255249404e-06,9.010294161271304e-05,1.0,0.0
latent_ode_seed17,climb_descent_011,climb_descent,396,-1.5786642929462857,-1.2005800616510867,-1.246914752109542,-0.20264251962748958,-0.11311215003483949,-0.07248401675240483,1.0,0.31232339546855803,7.56148882195203,0.0035720936942386008,0.0035720936942386008,0.014231751788369424,0.0006579243947424552,3.011623448401224e-05,0.9722222222222222,0.03282828282828283
latent_ode_seed17,climb_descent_013,climb_descent,396,-4.141267612717382,-3.8213917610161348,-6.444647887023867,-0.742400807825576,-0.29953633656555645,-0.01013192883656819,1.0,0.6321144324181733,4.46460036331355,0.006537600564655563,0.006537600564655563,0.025350199172407443,0.00036468311659175847,0.0001831340341595,1.0,0.0
latent_ode_seed17,climb_descent_014,climb_descent,396,-4.0044326708943725,-3.929165512625362,-4.198051699686459,-2.036359777634197,-1.0797167973860793,-0.9499894699207984,1.0,0.6119494298943365,2.990686903397242,0.005102101970631367,0.005102101970631367,0.02004639081101056,0.0003763562666650212,0.0001145542337326,1.0,0.0
latent_ode_seed17,cruise_010,cruise,402,-4.516718533291967,-4.663959726440746,-4.306935935373552,-3.1631264149677585,-2.9594259647711594,-2.4321913289608945,1.0,0.6570555363869786,2.9010138312975564,0.00402000568587399,0.00402000568587399,0.015149020928308714,0.00033954820015152834,3.844554521492682e-05,1.0,0.0
latent_ode_seed17,cruise_012,cruise,402,-2.149498830862401,-1.9857741923453196,-2.10842601739074,-0.2814059576389073,-0.14139969380699347,-0.12633576551552594,1.0,0.3978987332730003,5.7601093710655,0.003963603958278441,0.003963603958278441,0.015835139225623067,0.0005856301170561228,8.689300739206374e-05,1.0,0.0
latent_ode_seed17,cruise_018,cruise,402,-4.149591419064789,-4.223035106909112,-4.230932641410549,-3.1244018093710797,-2.097058163318026,-1.9972593330652069,1.0,0.6298820559509951,3.259668722378081,0.00408326113933167,0.00408326113933167,0.016239077498398195,0.00036949974597447075,8.74347606441006e-05,1.0,0.0
latent_ode_seed17,highspeed_002,highspeed,402,-3.4675434692444846,-3.07376294553948,-4.215647233048664,-0.6875614635604276,0.5720718728447728,1.155084458880966,0.9751243781094527,0.5766212545863506,4.155857164718545,0.007211684848241213,0.007211684848241213,0.0280846488689062,0.0004323335501275891,8.697369048604742e-05,1.0,0.0
latent_ode_seed17,highspeed_006,highspeed,402,-0.9472816036175917,-0.61216152312582,-0.6746047893405303,-0.2649384018395131,0.10413026592194041,0.15532532962208637,0.9776119402985075,0.20035647146348187,8.462439840112753,0.003206525073476423,0.003206525073476423,0.012738630290721803,0.0007724050876370278,5.675863576470874e-05,1.0,0.0
latent_ode_seed17,highspeed_015,highspeed,402,-0.5634007392196625,-0.1591378568739281,-0.1357407498723954,0.02028288433470378,0.13838684485904246,0.1980550598677438,0.7562189054726368,0.12930435462038445,11.824490308761597,0.002964282068029704,0.002964282068029704,0.011783197270727352,0.0008437877423902297,3.6653353163274005e-05,1.0,0.0
latent_ode_seed17,occlusion_003,occlusion,396,3.693355074711672,-2.4339777379317833,-0.47337504101403693,0.30682685011060407,17.80842192710173,21.05265755705728,0.6666666666666666,0.3152767822710129,11.68074867309946,0.13747858778634886,0.13747858778634886,0.40904223371200765,0.0022150213997315575,1.223602774658161e-09,0.5782828282828283,0.05303030303030303
latent_ode_seed17,occlusion_010,occlusion,396,-0.11592134242021793,-0.7483861555896293,0.031666287927992365,0.1676771185455198,0.97067052384454,1.8850474044030396,0.4090909090909091,0.06957917807449576,16.28669265153432,0.0040031483880175545,0.0040031483880175545,0.014619419221333767,0.0009214044060448461,4.128428656713368e-07,0.19696969696969696,0.030303030303030304
latent_ode_seed17,occlusion_011,occlusion,396,30.188668585468513,-1.027487227866652,-0.35109739671970597,0.2978192163477587,42.499209055293335,52.181183894905075,0.6919191919191919,0.21124034481511678,15.373295074159449,0.39953639347747893,0.39953639347747893,0.8671122020635132,0.9883466110604908,3.951984139244358e-12,0.5757575757575758,0.045454545454545456
latent_ode_seed17,sweep_turn_001,sweep_turn,402,-0.26395830982141605,-0.12014355894776756,-0.010741323493585472,0.11028374585608243,0.16030363699618444,0.17793058804952933,0.527363184079602,0.08856963171238198,11.431309766437284,0.0027539930295146743,0.0027539930295146743,0.01101315681063343,0.0009040187852520019,0.000112875844934,1.0,0.0
latent_ode_seed17,sweep_turn_009,sweep_turn,402,-4.333413922269281,-4.508927092206829,-4.768069381032677,-2.8553641282959252,-2.4238607607090317,-2.1894975276646376,1.0,0.6440900756945065,3.0922015810794248,0.004075356320352145,0.004075356320352145,0.016077381301415974,0.0003541864103119958,0.0001017073518596,1.0,0.0
latent_ode_seed17,sweep_turn_016,sweep_turn,402,-0.28158638595523156,-0.22782170613100464,-0.044804275266356046,0.0474078121080935,0.14274876441477674,0.178816536386445,0.6293532338308457,0.08562143974038527,15.023543856037197,0.0027657583940797993,0.0027657583940797993,0.011015314711544006,0.0009003567969248166,0.0002200492745032,1.0,0.0
latent_ode_seed17,uturn_004,uturn,402,-3.575484495213387,-3.4139212938332,-3.5913569308594493,-2.3092244301146287,-1.4439004758025398,-1.1789098324387728,1.0,0.5913563599411528,3.5308821863889817,0.004319479460055391,0.004319479460055391,0.01672957169668975,0.0004217206202068726,4.408682434586808e-05,1.0,0.0
latent_ode_seed17,uturn_009,uturn,402,-0.8888607436564451,-0.6771930155637079,-0.2590389452491058,-0.14678682578175586,-0.00604587484121311,0.09291732469042939,0.9900497512437811,0.19126574226668966,9.741716018956692,0.0031185431224779207,0.0031185431224779207,0.012407574433776604,0.0007828656028979835,8.637246355647221e-05,1.0,0.0
latent_ode_seed17,uturn_019,uturn,402,-3.680486512357639,-3.6621721483480285,-3.5837515695913806,-3.1985505852167795,-0.9344806726503886,0.31261908089447776,0.9975124378109452,0.5822892837337593,3.154571166048892,0.006238562153683616,0.006238562153683616,0.02184701288172741,0.0004116466968029509,9.010294161271304e-05,1.0,0.0
latent_ode_seed29,climb_descent_011,climb_descent,396,-2.758501884259706,-2.0139026974964294,-2.677853284223038,-0.14287532558551214,-0.08509849661053727,-0.043435177221957,1.0,0.47859892528974496,6.498418633835485,0.004718581762212777,0.004718581762212777,0.018804545677615615,0.0005633304298611222,3.011623448401224e-05,0.9722222222222222,0.03282828282828283
latent_ode_seed29,climb_descent_013,climb_descent,396,-4.3644256378350565,-4.0424274408476615,-7.409723710110897,-0.8157646670825863,-0.22918825300370294,0.008497809962489177,0.9974747474747475,0.6499072102608743,4.155837501991879,0.006911895426351849,0.006911895426351849,0.026967842009113153,0.00038919821174080853,0.0001831340341595,1.0,0.0
latent_ode_seed29,climb_descent_014,climb_descent,396,-4.817075485638121,-4.766664499620419,-5.713017441604592,-2.385186932767839,-2.047227403078287,-1.914265690139061,1.0,0.6768730966882273,2.3672150082961476,0.004927036659268776,0.004927036659268776,0.01946686198085826,0.00035067584435656524,0.0001145542337326,1.0,0.0
latent_ode_seed29,cruise_010,cruise,402,-5.469734256135225,-5.5571274479343105,-5.6570346005608405,-3.7392408768315932,-3.112638485644145,-2.9631349372876037,1.0,0.724890295397583,2.2571148222951747,0.00443030758059285,0.00443030758059285,0.017468561599595905,0.0003063168176660764,3.844554521492682e-05,1.0,0.0
latent_ode_seed29,cruise_012,cruise,402,-2.7867907215941083,-2.524119859413646,-2.5447893258508363,-0.2783931551644899,-0.13181175839368833,-0.028419279693441345,1.0,0.4809540650154005,5.0176081959881,0.004694735087446238,0.004694735087446238,0.018588029961172477,0.0005681528570228261,8.689300739206374e-05,1.0,0.0
latent_ode_seed29,cruise_018,cruise,402,-5.31964450633838,-5.298649011275897,-5.655130919907119,-3.985011452315682,-2.070413138028372,-1.735759822552203,1.0,0.7161522856844005,2.327789981270311,0.005677568926149038,0.005677568926149038,0.02202161180281047,0.00031708800709265387,8.74347606441006e-05,1.0,0.0
latent_ode_seed29,highspeed_002,highspeed,402,-3.72824547806075,-3.3312747429204936,-4.595879666648991,-0.964507928870899,1.0056929770497145,1.520734610278152,0.9577114427860697,0.6049623417700478,3.719308083602436,0.008330517014724592,0.008330517014724592,0.031619975998153485,0.00045742481307133585,8.697369048604742e-05,1.0,0.0
latent_ode_seed29,highspeed_006,highspeed,402,-1.2266216997813364,-0.69664998177681,-0.9550647471099842,-0.14152532188052092,0.15114334172894398,0.2565628433725821,0.9626865671641791,0.2512040490149034,7.845730991209324,0.003500196298770545,0.003500196298770545,0.013807847492872038,0.0008137333156009786,5.675863576470874e-05,1.0,0.0
latent_ode_seed29,highspeed_015,highspeed,402,-0.6019528069185291,-0.1954524373845079,-0.1429547789641929,-0.008444830507921913,0.17491546954484585,0.2663941061292553,0.9353233830845771,0.13478770220260697,11.812998650085866,0.003038145985309204,0.003038145985309204,0.012078580297179585,0.0009396129341550899,3.6653353163274005e-05,1.0,0.0
latent_ode_seed29,occlusion_003,occlusion,396,3.277283004977342,-2.663189392153579,-0.5041012812637744,0.3131865594036898,17.400266149738858,20.664065772168442,0.6792929292929293,0.33080199366212115,11.347044662845255,0.13835125110203955,0.13835125110203955,0.38415722187662554,0.002261214180910412,1.223602774658161e-09,0.5782828282828283,0.05303030303030303
latent_ode_seed29,occlusion_010,occlusion,396,-0.10763372887666295,-0.7338830975407817,0.02439772274926203,0.17780510963904184,0.9965060724440079,2.170085997793679,0.41919191919191917,0.06917432172822094,15.895928615271442,0.0042665494814392866,0.0042665494814392866,0.014946718896435097,0.0010371701926344622,4.128428656713368e-07,0.19696969696969696,0.030303030303030304
latent_ode_seed29,occlusion_011,occlusion,396,29.68171985701204,-1.1003841286987768,-0.33863998592095657,0.31782597298498944,42.38571862290172,51.54966787170249,0.6893939393939394,0.21240632659776043,14.9800027873781,0.3882394075191096,0.3882394075191096,0.8556598143633006,0.9880647041642484,3.951984139244358e-12,0.5757575757575758,0.045454545454545456
latent_ode_seed29,sweep_turn_001,sweep_turn,402,-0.3048533496373247,-0.14690069269108685,-0.07843177546429199,0.059469048604345764,0.10491906093665332,0.332882817157385,0.7860696517412935,0.08623732818070934,12.015618006388346,0.0028810285605121075,0.0028810285605121075,0.011115091746699017,0.0010061411977573896,0.000112875844934,1.0,0.0
latent_ode_seed29,sweep_turn_009,sweep_turn,402,-5.845319000526219,-5.909421420940911,-6.065144613834762,-4.700004391093806,-2.9210454795604432,-2.698153028128423,1.0,0.746761410019884,1.93483826898928,0.0051344099828841494,0.0051344099828841494,0.020261294595217326,0.0002809392165811938,0.0001017073518596,1.0,0.0
latent_ode_seed29,sweep_turn_016,sweep_turn,402,-0.269189082792278,-0.2169745168530879,-0.0774056594510322,0.0561486252116071,0.10294695385999024,0.1041346633669487,0.7835820895522388,0.07424060583525259,14.845727403365558,0.0027108552069800085,0.0027108552069800085,0.010842374621268597,0.001014437648805931,0.0002200492745032,1.0,0.0
latent_ode_seed29,uturn_004,uturn,402,-4.384855042471409,-4.161738585248894,-4.353689059249777,-2.789260859682936,-2.036725516357836,-1.8605138019245715,1.0,0.6582399735699839,2.772490808490052,0.0044484434184281435,0.0044484434184281435,0.017553151479658437,0.00039324097374392474,4.408682434586808e-05,1.0,0.0
latent_ode_seed29,uturn_009,uturn,402,-0.8880412159169958,-0.6777418438133076,-0.33677279504779756,-0.14429513844455202,0.0035005099745879778,0.3215970639174671,0.9875621890547264,0.19228904983909123,9.559009060337768,0.0032865313163788525,0.0032865313163788525,0.012824105542828186,0.0008797112491870415,8.637246355647221e-05,1.0,0.0
latent_ode_seed29,uturn_019,uturn,402,-4.805880506558655,-4.578541808873137,-5.167521817653426,-4.326033736146892,0.6032597624729283,1.0358597312938236,0.9825870646766169,0.68353119843746,2.3747601157635803,0.009548781829588402,0.009548781829588402,0.0372974423300032,0.0003569079455637889,9.010294161271304e-05,1.0,0.0
latent_ode_seed43,climb_descent_011,climb_descent,396,-2.351358362201284,-1.7883438634671496,-3.17997031563249,-0.2074438093581613,-0.15921467022922933,-0.14356209691223318,1.0,0.4292362475429069,6.9149119778715,0.004198406063679305,0.004198406063679305,0.016781148293001126,0.0005605517428742267,3.011623448401224e-05,0.9722222222222222,0.03282828282828283
latent_ode_seed43,climb_descent_013,climb_descent,396,-4.1956565894203655,-3.910777366791055,-6.277651768987899,-0.9238446769570758,-0.1944587175757556,0.07038312648820673,0.9974747474747475,0.6395147200356323,4.278328351149655,0.0067438637228416955,0.0067438637228416955,0.026266567463627724,0.00036659444895105215,0.0001831340341595,1.0,0.0
latent_ode_seed43,climb_descent_014,climb_descent,396,-4.615683050460391,-4.578962495275342,-5.601358066671653,-1.921342724539644,-1.7442962786533847,-1.728504724293217,1.0,0.6614000233586388,2.5358810119255626,0.004909334756695537,0.004909334756695537,0.01960373178598623,0.00033279993929097545,0.0001145542337326,1.0,0.0
latent_ode_seed43,cruise_010,cruise,402,-4.494181470701256,-4.5890205427456285,-4.577277377572681,-3.060979763875577,-2.518350740614172,-2.4137272028384507,1.0,0.654417074809027,2.936568495646045,0.004016237378146374,0.004016237378146374,0.01588435720857678,0.000347427557805369,3.844554521492682e-05,1.0,0.0
latent_ode_seed43,cruise_012,cruise,402,-2.075875655435005,-1.920925916584166,-2.0792767787689943,-0.34375586596987806,-0.197357290740207,-0.11608334412559582,1.0,0.3884997967612091,5.695998367978565,0.003906188328608244,0.003906188328608244,0.015476809619294735,0.0006063101589454244,8.689300739206374e-05,1.0,0.0
latent_ode_seed43,cruise_018,cruise,402,-5.0798682105981126,-5.283007800381263,-5.2677882397501685,-3.473524437578945,-2.1394704107606852,-2.0702321931135597,1.0,0.7037334339832192,2.7570227033166743,0.004974363850970326,0.004974363850970326,0.0197561297313795,0.00030359568142968973,8.74347606441006e-05,1.0,0.0
latent_ode_seed43,highspeed_002,highspeed,402,-3.9768863526012095,-3.638324612519714,-4.788845446524479,-1.2178632927117716,0.9995974478449281,1.3921826511599547,0.9577114427860697,0.630228690227997,3.6833518198737645,0.008564082598186029,0.008564082598186029,0.03341139813066044,0.0003913756260598018,8.697369048604742e-05,1.0,0.0
latent_ode_seed43,highspeed_006,highspeed,402,-0.900007517025774,-0.5527882963344461,-0.6002207668194278,-0.1698745045733717,0.11645855906404065,0.20612502260077661,0.9751243781094527,0.1918282873682178,8.853590309916443,0.0032091291901931067,0.0032091291901931067,0.012786623999618317,0.0007948435582872234,5.675863576470874e-05,1.0,0.0
latent_ode_seed43,highspeed_015,highspeed,402,-0.4549837576610516,-0.15164580517516563,-0.19778801263907686,0.026759790995224887,0.12963355496786985,0.15488072485517018,0.7736318407960199,0.10452578870599288,11.651060571717979,0.0028625982086254846,0.0028625982086254846,0.011416709788743686,0.000880610855552492,3.6653353163274005e-05,1.0,0.0
latent_ode_seed43,occlusion_003,occlusion,396,3.3633288191573216,-2.6767950999796692,-0.565850405529763,0.35486674993539924,16.990172293714416,21.737856030271004,0.6767676767676768,0.3323291414056882,11.367293202515805,0.17368308925105588,0.17368308925105588,0.4277468735362445,0.0020897023223318567,1.223602774658161e-09,0.5782828282828283,0.05303030303030303
latent_ode_seed43,occlusion_010,occlusion,396,-0.0988408472390473,-0.7106028617261028,0.030638506942494453,0.178031713555949,0.8942433281720534,2.114032332819499,0.4090909090909091,0.06582991164476776,15.86325470787106,0.004203316882056264,0.004203316882056264,0.014914828849323408,0.000941602187373625,4.128428656713368e-07,0.19696969696969696,0.030303030303030304
latent_ode_seed43,occlusion_011,occlusion,396,30.113839317689,-1.3207632979190331,-0.32956938689644616,0.35583682068225236,41.498186343880754,52.33504592716954,0.6893939393939394,0.250900017180795,14.611746991523589,0.4211390130554969,0.4211390130554969,0.8927095933987276,0.9888615151742001,3.951984139244358e-12,0.5757575757575758,0.045454545454545456
latent_ode_seed43,sweep_turn_001,sweep_turn,402,-0.3920608588279031,-0.2299410568295458,-0.2121320347809595,-0.07303593748446127,-0.04115416819914294,0.21028658024418573,0.9900497512437811,0.09835983166327483,12.659838153355157,0.002857647728217026,0.002857647728217026,0.01128979608923369,0.0008934624907480569,0.000112875844934,1.0,0.0
latent_ode_seed43,sweep_turn_009,sweep_turn,402,-5.739122622654934,-5.844199123689496,-6.213382830139336,-4.287281368375588,-3.0163371009502176,-2.90432027562972,1.0,0.7414821242515127,2.0305794680361355,0.004778088413140122,0.004778088413140122,0.0189011414278662,0.00026083757163946063,0.0001017073518596,1.0,0.0
latent_ode_seed43,sweep_turn_016,sweep_turn,402,-0.4169700375705514,-0.3385223625911219,-0.09470661712572935,0.042834156054207706,0.1395491205898696,0.15229312118533203,0.7860696517412935,0.10707952294081162,14.349702301310069,0.0028359610563931923,0.0028359610563931923,0.011338972032525572,0.0008883526594882412,0.0002200492745032,1.0,0.0
latent_ode_seed43,uturn_004,uturn,402,-4.5620512566730325,-4.254750771127936,-4.847123873802585,-2.4845267006762985,-1.5218672258781125,-1.3685496252831904,1.0,0.666873239759189,2.544774515477857,0.005189483196576446,0.005189483196576446,0.020470642028975576,0.00034204030492654153,4.408682434586808e-05,1.0,0.0
latent_ode_seed43,uturn_009,uturn,402,-0.8639811547360231,-0.6736328678068162,-0.25796843836607064,-0.1830749777370314,-0.019833639669097135,0.018188686768223022,0.9950248756218906,0.18622587115239742,9.463097416346345,0.0030478313441726734,0.0030478313441726734,0.012131561200351316,0.0008014645085129759,8.637246355647221e-05,1.0,0.0
latent_ode_seed43,uturn_019,uturn,402,-4.6276436903111255,-4.7122951728528,-4.486092235620954,-4.16161002063154,-0.11919406864064366,0.996851736404583,0.9925373134328358,0.6733252372527819,2.7621039601218937,0.009082878182890011,0.009082878182890011,0.030747225807964296,0.0003369132115829309,9.010294161271304e-05,1.0,0.0
linear,climb_descent_011,climb_descent,396,-14.134795729354451,-12.745065699436491,-21.140088463180675,-11.717126556805821,-1.9147080618308163,0.6182216674991573,0.9974747474747475,0.9861253465365882,0.44785530893061537,0.07544084665807495,0.07544084665807495,0.2386950760708858,3.0022025773647286e-07,3.011623448401224e-05,0.9722222222222222,0.03282828282828283
linear,climb_descent_013,climb_descent,396,-10.776871252620774,-10.271686862763936,-14.07447894025326,-6.298959728182898,-2.1185687363943444,-1.3115187118617824,1.0,0.9439544932107733,0.5343249210794727,0.022327498463427072,0.022327498463427072,0.08311582243879,6.504777429533039e-07,0.0001831340341595,1.0,0.0
linear,climb_descent_014,climb_descent,396,-12.688865997969053,-12.633039050648607,-15.167622875384039,-8.804322536429677,-5.437266753231115,-2.5926216369138064,1.0,0.9590702777860141,0.41810015950812324,0.025818395553953207,0.025818395553953207,0.07466753194719641,4.1882535627136414e-07,0.0001145542337326,1.0,0.0
linear,cruise_010,cruise,402,-16.737452372376822,-16.53654358328193,-20.750522824824724,-12.211004370351903,-8.013346718833994,-4.1703677975799085,1.0,0.9850437814620003,0.33082587517182854,0.04492441230064442,0.04492441230064442,0.12597067453040656,1.6738062929022256e-07,3.844554521492682e-05,1.0,0.0
linear,cruise_012,cruise,402,-12.56417258793096,-12.142542952448458,-18.60303979079728,-7.514717878194145,-3.253937292918917,0.6854327906064199,0.9975124378109452,0.9656107606579415,0.5569420311952111,0.052569577275770885,0.052569577275770885,0.13377479464080297,4.3755552774482596e-07,8.689300739206374e-05,1.0,0.0
linear,cruise_018,cruise,402,-13.832569446757645,-12.906375371716425,-19.209077591661238,-9.074910248483288,-5.297710621461399,-2.4242658682091234,1.0,0.9711372910150841,0.4283513847532316,0.03440363288738608,0.03440363288738608,0.0938909785197468,3.2673336750399614e-07,8.74347606441006e-05,1.0,0.0
linear,highspeed_002,highspeed,402,-5.246498752628588,-2.7922460966669376,-12.340002290932745,-2.397666923418504,6.94495709764794,7.402209430416332,0.9353233830845771,0.8829484563670736,0.931986590587176,0.04577672989711081,0.04577672989711081,0.176702437563863,2.3593944760654093e-06,8.697369048604742e-05,1.0,0.0
linear,highspeed_006,highspeed,402,-3.4690925441845066,-2.2837438526905323,-13.430007123229199,-0.5202775089016994,9.04137522660885,9.816071560396244,0.9054726368159204,0.8850091229900707,1.191087237335695,0.05300176807396571,0.05300176807396571,0.19604984166448278,3.5525580169342213e-06,5.675863576470874e-05,1.0,0.0
linear,highspeed_015,highspeed,402,-8.007238411041646,-6.895188867460168,-14.18976004527428,-3.051582400390001,1.9379013178821363,3.1488030335423978,0.9477611940298507,0.9169914700943439,0.7850383514394625,0.032462210633374226,0.032462210633374226,0.1093785496538668,1.2494721846585359e-06,3.6653353163274005e-05,1.0,0.0
linear,occlusion_003,occlusion,396,20.175429821154896,-5.719509107409792,-3.760363036506671,4.200618376859929,34.558123297996566,39.27847807187061,0.6237373737373737,0.7050538631803023,4.584215429569171,0.20540435114060035,0.20540435114060035,0.6203356736490127,0.000809958091734136,1.223602774658161e-09,0.5782828282828283,0.05303030303030303
linear,occlusion_010,occlusion,396,3.833776284606028,-1.1535009406221255,0.895599610869509,6.904468880584487,13.50711545739568,17.23760110346238,0.3888888888888889,0.5699183494778647,4.332771925313276,0.05529518252359764,0.05529518252359764,0.16789312627494096,1.8806033043303048e-05,4.128428656713368e-07,0.19696969696969696,0.030303030303030304
linear,occlusion_011,occlusion,396,51.08713939873795,-5.109158538200509,-2.883800568593071,4.628051236151819,65.94793546102393,71.7190981296726,0.6616161616161617,0.749350182550418,6.515423857338251,0.29207923816642917,0.29207923816642917,0.7784223467750383,0.9991564729634164,3.951984139244358e-12,0.5757575757575758,0.045454545454545456
linear,sweep_turn_001,sweep_turn,402,-8.440349036352849,-5.344719664154699,-16.201426567143468,-7.066024175190126,1.9001805676761998,9.615701083052127,0.9800995024875622,0.9350437623990946,0.4596070177943677,0.1589933495621998,0.1589933495621998,0.447590678671922,1.130877412789734e-06,0.000112875844934,1.0,0.0
linear,sweep_turn_009,sweep_turn,402,-16.821988749707934,-16.35797698490371,-25.277095304266904,-12.413910112345315,-7.216566878382525,-6.481963703374854,1.0,0.9829029458672253,0.2112373885972569,0.026901497216107743,0.026901497216107743,0.0992006978553516,1.641540335555458e-07,0.0001017073518596,1.0,0.0
linear,sweep_turn_016,sweep_turn,402,-10.29597896166779,-10.097748662946984,-14.92048708557331,-4.36235672759477,-2.5696522508182933,-2.24876834884589,1.0,0.9432910634807093,0.708519038222429,0.015867006812305642,0.015867006812305642,0.06186964057941891,7.376537208087292e-07,0.0002200492745032,1.0,0.0
linear,uturn_004,uturn,402,-8.086055602617058,-8.683930739128426,-10.30686874657601,-4.2369710843309525,-0.9127010946610014,2.68339006334474,0.9975124378109452,0.8808185028940884,0.6434709272510719,0.02969740580582247,0.02969740580582247,0.07418025192908433,1.2270008774272154e-06,4.408682434586808e-05,1.0,0.0
linear,uturn_009,uturn,402,-8.858481192798802,-9.354356839400916,-15.961635233585918,-5.133622804951878,1.5828068904601555,2.3631347363873654,0.9626865671641791,0.939867018318888,0.8773849291347005,0.032956079348079814,0.032956079348079814,0.12124422966770888,1.0270753691006133e-06,8.637246355647221e-05,1.0,0.0
linear,uturn_019,uturn,402,-8.91612611305715,-7.048577962531796,-15.712653756659956,-9.027479144202367,5.947350188023251,7.323415322209685,0.9800995024875622,0.9495774449419174,0.5023089572862578,0.10464731514048387,0.10464731514048387,0.35398752738512185,1.013532833442908e-06,9.010294161271304e-05,1.0,0.0
neural_flow_seed17,climb_descent_011,climb_descent,396,-0.38390472439219775,-0.3333150005256986,-0.4096734243205558,-0.004614424114897949,0.00018541723294060117,0.0013789854391220316,0.9848484848484849,0.08861340535179922,13.109668666666204,0.0027595177064253726,0.0027595177064253726,0.01103681985858289,0.008656856961563653,3.011623448401224e-05,0.9722222222222222,0.03282828282828283
neural_flow_seed17,climb_descent_013,climb_descent,396,-1.3745172376610197,-1.361589386289125,-1.5262075887097066,-0.09521183650451599,-0.06550945231143743,-0.022251275865355524,1.0,0.3035784628961913,11.773530883018417,0.0034477154119825913,0.0034477154119825913,0.013710866030070167,0.006891265627391133,0.0001831340341595,1.0,0.0
neural_flow_seed17,climb_descent_014,climb_descent,396,-0.9647145418030545,-0.92632708178065,-0.8664673962380509,-0.15046071247307014,0.13274990059281652,0.2369529164258618,0.9848484848484849,0.2102665055656072,8.123639129629039,0.0033302095346565584,0.0033302095346565584,0.013284371652355425,0.007573197100171387,0.0001145542337326,1.0,0.0
neural_flow_seed17,cruise_010,cruise,402,-1.2149205704075965,-1.2543978344255649,-1.078698048978544,-0.5982388716898329,-0.27780406657809203,-0.1005576116706185,1.0,0.2621073737944388,7.826923222091067,0.0032152166544817673,0.0032152166544817673,0.012718860561100448,0.007257541438796026,3.844554521492682e-05,1.0,0.0
neural_flow_seed17,cruise_012,cruise,402,-0.7038903409344467,-0.6000159779934509,-0.23569952772821107,-0.03770933596825476,0.04176145623891572,0.09857465886504461,0.9577114427860697,0.1669461604733216,14.2804003319337,0.0029924055178882905,0.0029924055178882905,0.011932822318570593,0.008163803581319167,8.689300739206374e-05,1.0,0.0
neural_flow_seed17,cruise_018,cruise,402,-0.9287183614747467,-0.7379830977380499,-0.6685007963577783,-0.2733961043117102,-0.22502763545611992,-0.11217332871301211,1.0,0.2141050205274082,10.579091085130303,0.003002122781823352,0.003002122781823352,0.011884866363572225,0.007751928264008279,8.74347606441006e-05,1.0,0.0
neural_flow_seed17,highspeed_002,highspeed,402,-0.6595305048069016,-0.5042050500406112,-0.4683820418619816,-0.09983112025373513,0.2089619074301549,0.3739516196423618,0.9477611940298507,0.17103033072395482,12.253514485572701,0.003155892195225418,0.003155892195225418,0.01247072124554164,0.008247617867134736,8.697369048604742e-05,1.0,0.0
neural_flow_seed17,highspeed_006,highspeed,402,-0.08255008371629964,-0.0502941836197754,-0.04376737690393227,-0.00412481637642556,0.018333431757629692,0.11995430087480632,0.9328358208955224,0.023272895091969798,21.029251082026544,0.002606299888065745,0.002606299888065745,0.010338810438354943,0.00941947229075939,5.675863576470874e-05,1.0,0.0
neural_flow_seed17,highspeed_015,highspeed,402,-0.07006109114165397,-0.028577240968014495,-0.027647572032606205,0.0026721628450961064,0.037142219477521665,0.05065837054305727,0.8880597014925373,0.021692566643121483,21.926199993683923,0.0025576781483820222,0.0025576781483820222,0.010213256434062777,0.00944659882235138,3.6653353163274005e-05,1.0,0.0
neural_flow_seed17,occlusion_003,occlusion,396,0.31133431732775124,-0.9654545372133493,-0.11806347905449133,0.03928622464415335,8.811356863579364,11.873747559271958,0.6944444444444444,0.16166736305534402,17.978372828037752,0.03618646322083815,0.03618646322083815,0.11530212575953351,0.010159776304009004,1.223602774658161e-09,0.5782828282828283,0.05303030303030303
neural_flow_seed17,occlusion_010,occlusion,396,-0.03683413174492427,-0.24015723788848753,0.0009504287512270752,0.05566057799084221,0.2842326086156635,1.1275921265860065,0.49242424242424243,0.024426718424636357,24.013332068920135,0.0033017747342224796,0.0033017747342224796,0.011645532866420867,0.00937707308537255,4.128428656713368e-07,0.19696969696969696,0.030303030303030304
neural_flow_seed17,occlusion_011,occlusion,396,19.55148385372581,-0.3052380091419189,-0.06870455929828859,0.05505561770787446,36.00440825524531,39.58463184893872,0.7045454545454546,0.09416105213516156,25.378010888292334,0.25446005317328596,0.25446005317328596,0.7073278663652914,0.8529019345581497,3.951984139244358e-12,0.5757575757575758,0.045454545454545456
neural_flow_seed17,sweep_turn_001,sweep_turn,402,-0.0714873027669384,-0.020269906055706423,-0.03992581970435451,0.059604120945974406,0.07266427287442095,0.07964172274894868,0.7064676616915423,0.03201903068666699,16.400833886654222,0.0025756500129928447,0.0025756500129928447,0.010292976777557,0.009443497093538504,0.000112875844934,1.0,0.0
neural_flow_seed17,sweep_turn_009,sweep_turn,402,-0.32049940102242125,-0.3286714504535226,-0.27080042302408486,-0.19343177817064908,-0.16597875409553076,-0.1445136432755999,1.0,0.12188342901234006,18.45082612061382,0.002590433946530044,0.002590433946530044,0.010338379769312176,0.008917264345577826,0.0001017073518596,1.0,0.0
neural_flow_seed17,sweep_turn_016,sweep_turn,402,-0.09315512145901401,-0.06887236970315694,-0.012077828019272922,0.035736008584273136,0.10587009844785562,0.11103568996090277,0.6467661691542289,0.04549636580708941,23.643874263288964,0.0026073121476577893,0.0026073121476577893,0.010420658483568731,0.009396498940390878,0.0002200492745032,1.0,0.0
neural_flow_seed17,uturn_004,uturn,402,-0.5038624434732121,-0.46742573583074265,-0.49037616308762083,-0.12986977343203898,0.13139870958362113,0.1441765002515619,0.9427860696517413,0.12577712246731143,8.743126355593477,0.002887871343859449,0.002887871343859449,0.011540009173891223,0.008548606703571092,4.408682434586808e-05,1.0,0.0
neural_flow_seed17,uturn_009,uturn,402,-0.25331135127522486,-0.18530777520422276,-0.07270986222926482,-0.017733512746860507,0.10206536570571854,0.2960181537123828,0.9601990049751243,0.06840596361535828,19.30733627347804,0.00282297412456944,0.00282297412456944,0.011113383657536694,0.00905629260911169,8.637246355647221e-05,1.0,0.0
neural_flow_seed17,uturn_019,uturn,402,-0.38254446150534555,-0.42823318911036823,-0.30041593745760464,-0.21806263073851662,0.022305483170627888,0.28650922588897165,0.9850746268656716,0.15060268926309114,17.385705662010913,0.002901879106944622,0.002901879106944622,0.01131874977987886,0.008790774406783657,9.010294161271304e-05,1.0,0.0
neural_flow_seed29,climb_descent_011,climb_descent,396,-0.18314923249236725,-0.1599073240990586,-0.21412097200803742,-0.02709922707373278,0.012216226311252593,0.03350098801439413,0.9696969696969697,0.05377939723492619,17.17606315709124,0.002654421193044838,0.002654421193044838,0.010605175948736263,0.0020616524901265238,3.011623448401224e-05,0.9722222222222222,0.03282828282828283
neural_flow_seed29,climb_descent_013,climb_descent,396,-1.2656524375702856,-1.2716887139328004,-0.9660026198358505,-0.2402787039889166,0.010459201411719915,0.5991762564768867,0.9873737373737373,0.29133329994158086,10.182999746968047,0.0038796065463667677,0.0038796065463667677,0.01444250397923264,0.001606812280954863,0.0001831340341595,1.0,0.0
neural_flow_seed29,climb_descent_014,climb_descent,396,-1.1815948048809335,-1.0969033363470302,-0.6246831498601992,-0.06193370782406977,-0.03975270556383061,-0.02822985731604423,1.0,0.2634365372971227,11.622965092610832,0.0032933759432182503,0.0032933759432182503,0.013163329950305832,0.0016382150284017655,0.0001145542337326,1.0,0.0
neural_flow_seed29,cruise_010,cruise,402,-1.088456247412683,-1.1359215299520045,-1.0295459010720378,-0.4375032450613689,-0.31036632091143523,-0.27783297339681834,1.0,0.25467811615683544,9.11970142108291,0.0029980320708598318,0.0029980320708598318,0.01196010641121204,0.0016990870451620847,3.844554521492682e-05,1.0,0.0
neural_flow_seed29,cruise_012,cruise,402,-0.5184933108948994,-0.45390284725299596,-0.2719155733570199,-0.04852973686607971,-0.032001691688066075,-0.01867150519006842,1.0,0.12449817231796048,15.202887952624268,0.0027909761641408434,0.0027909761641408434,0.011140483182638002,0.0019373671083796268,8.689300739206374e-05,1.0,0.0
neural_flow_seed29,cruise_018,cruise,402,-0.5639303771112391,-0.4584065702510962,-0.4286542219315315,-0.2033353903587365,-0.1130322205131875,0.039905697033359035,0.9975124378109452,0.17900005904540642,14.644435863589766,0.0028586274145742025,0.0028586274145742025,0.011193420473123094,0.0019172035108418692,8.74347606441006e-05,1.0,0.0
neural_flow_seed29,highspeed_002,highspeed,402,-0.34396898100037154,-0.30333355844089666,-0.3135229986224858,-0.06027091175404545,0.3271982423986535,0.4022267440767919,0.9378109452736318,0.13429339495073303,17.09174892558387,0.0029538845645313196,0.0029538845645313196,0.011702227048979877,0.0020168070705421366,8.697369048604742e-05,1.0,0.0
neural_flow_seed29,highspeed_006,highspeed,402,-0.06944770935666594,-0.055194354241752085,-0.05352466439248583,-0.025751087808578845,-0.013398382792224033,-0.006409952046687717,1.0,0.02132782489710033,22.55556692056988,0.002523932422601565,0.002523932422601565,0.010086595909844188,0.0021484066223201757,5.675863576470874e-05,1.0,0.0
neural_flow_seed29,highspeed_015,highspeed,402,-0.06683214955105787,-0.02894231484259362,-0.030160424410336076,0.005175713285471431,0.02714003422310577,0.0382386920417849,0.8905472636815921,0.02154460134853922,22.258400945521114,0.002548478834594463,0.002548478834594463,0.010180904620162487,0.0021497009004431277,3.6653353163274005e-05,1.0,0.0
neural_flow_seed29,occlusion_003,occlusion,396,0.5760008380494273,-0.8589206933408539,-0.21834805757435677,0.049349716856192605,10.123984838019037,12.046747786154238,0.6893939393939394,0.14693439046913906,17.5032431109799,0.035430681738983116,0.035430681738983116,0.11532947002720596,0.0024554464657252787,1.223602774658161e-09,0.5782828282828283,0.05303030303030303
neural_flow_seed29,occlusion_010,occlusion,396,-0.02152359374575192,-0.1877725457593727,0.00910851509646112,0.07298154549506256,0.2955293687738941,0.8691743145521156,0.37626262626262624,0.02321938487144954,21.75429994048494,0.0031000921607656036,0.0031000921607656036,0.011547984806876776,0.0021398238649381683,4.128428656713368e-07,0.19696969696969696,0.030303030303030304
neural_flow_seed29,occlusion_011,occlusion,396,26.52318418480838,-0.39784229925689785,-0.2115094811263879,0.04721802420206378,38.1354984491547,49.8912159497857,0.6742424242424242,0.10563743938553098,22.152529717695835,0.5484133150418042,0.5484133150418042,0.8525991244302947,0.9657146164128213,3.951984139244358e-12,0.5757575757575758,0.045454545454545456
neural_flow_seed29,sweep_turn_001,sweep_turn,402,-0.09725351888273828,-0.0516525156228342,-0.025106882109229463,0.019486301106811987,0.03818369408917788,0.05369229520994703,0.7562189054726368,0.03414627606332539,20.280937925500062,0.002575541358941087,0.002575541358941087,0.010276937569340573,0.0021346953370752677,0.000112875844934,1.0,0.0
neural_flow_seed29,sweep_turn_009,sweep_turn,402,-0.3549957379369936,-0.3748271238536992,-0.34369327379514863,-0.22607351632726258,-0.16556781862969436,-0.11177941309207322,1.0,0.1493279639334969,18.502869240680145,0.0026308469241936843,0.0026308469241936843,0.010444227107656055,0.0020116928833031076,0.0001017073518596,1.0,0.0
neural_flow_seed29,sweep_turn_016,sweep_turn,402,-0.06525064165020868,-0.047678270377356974,-0.006086948491403335,0.047966475799824354,0.08952613368744444,0.11501707206971934,0.6044776119402985,0.023524463211961687,20.536662922569768,0.0025929892620009686,0.0025929892620009686,0.010332662759434725,0.002150483868727988,0.0002200492745032,1.0,0.0
neural_flow_seed29,uturn_004,uturn,402,-0.22099757473174558,-0.19677343093504462,-0.23437342138496783,-0.05680290003547004,-0.007448936897299923,0.002843419172242022,0.9975124378109452,0.08310819219563857,19.29350451094594,0.0026191359778560356,0.0026191359778560356,0.010466735843768074,0.0020747295656908505,4.408682434586808e-05,1.0,0.0
neural_flow_seed29,uturn_009,uturn,402,-0.1946033713559522,-0.14982292382615245,-0.06185939897988963,-0.009956119386657823,0.020921725389370944,0.17523834283789605,0.9850746268656716,0.04889668937250088,18.401090852063685,0.002708682602484031,0.002708682602484031,0.010737290529579382,0.0020873771074450286,8.637246355647221e-05,1.0,0.0
neural_flow_seed29,uturn_019,uturn,402,-0.2606297684326462,-0.2679108388365081,-0.25517781702439296,-0.20310191659544477,-0.06229373510926097,0.07604697893347463,0.9975124378109452,0.10212008426642384,18.72126542276411,0.0026880764845437013,0.0026880764845437013,0.010557496366057935,0.0020558824371008136,9.010294161271304e-05,1.0,0.0
neural_flow_seed43,climb_descent_011,climb_descent,396,-0.19126193122103863,-0.18250865818801404,-0.19755556834906815,-0.03273589303332886,0.019804859165818013,0.03043492656035565,0.9646464646464646,0.05904148909155419,15.624527449559684,0.002657507506073632,0.002657507506073632,0.010616560027736326,0.012894517024331913,3.011623448401224e-05,0.9722222222222222,0.03282828282828283
neural_flow_seed43,climb_descent_013,climb_descent,396,-1.3245569574637028,-1.2473075756711907,-0.6582592954779847,-0.094373805048726,0.07534029162345914,0.8011457058459912,0.9823232323232324,0.3202283937702158,11.96752357543117,0.004119790012386278,0.004119790012386278,0.01582017242252154,0.009932888885793143,0.0001831340341595,1.0,0.0
neural_flow_seed43,climb_descent_014,climb_descent,396,-1.0492500607850277,-1.008182487339409,-0.694669442186968,-0.040810765031782825,-0.005092891181952846,0.3251393529080526,0.9924242424242424,0.22806235282761844,10.480258232415325,0.0034653232742142817,0.0034653232742142817,0.013118926507889154,0.010582938368161111,0.0001145542337326,1.0,0.0
neural_flow_seed43,cruise_010,cruise,402,-1.3073395327788662,-1.3298299738380817,-1.1882497750116296,-0.3115202012911649,-0.17845958842143403,-0.057044114280946176,1.0,0.28328840572627917,8.712629984860396,0.0033174431464530444,0.0033174431464530444,0.013147149949469432,0.010123441717541327,3.844554521492682e-05,1.0,0.0
neural_flow_seed43,cruise_012,cruise,402,-0.34700534398395483,-0.32958633219002775,-0.06761119550799692,0.003615954781370053,0.14398263069106287,0.3295560766898142,0.8606965174129353,0.089193909772676,16.582933916974422,0.0029068999804560186,0.0029068999804560186,0.01138496070997368,0.012628786051206438,8.689300739206374e-05,1.0,0.0
neural_flow_seed43,cruise_018,cruise,402,-0.7365520068854785,-0.6294097514126966,-0.8154905890026067,-0.13233443492015942,0.1983496621829804,0.6631875633392382,0.9701492537313433,0.19258560371851324,11.637794644085329,0.0034335857978226815,0.0034335857978226815,0.013195813413919507,0.011545345647929535,8.74347606441006e-05,1.0,0.0
neural_flow_seed43,highspeed_002,highspeed,402,-0.3972870437341042,-0.33024241276143984,-0.39685139210566656,0.023798329009077406,0.8503048629765818,1.7323856117423815,0.8855721393034826,0.14187848113364046,14.55727051265204,0.004062012097265926,0.004062012097265926,0.014946585605171658,0.01248341578507702,8.697369048604742e-05,1.0,0.0
neural_flow_seed43,highspeed_006,highspeed,402,-0.017818925246496312,-0.018866549269924007,-0.03162560119968391,0.03903918057498181,0.1368500508626198,0.31443687004137305,0.7611940298507462,0.00959028291328161,21.047620872953043,0.00268534151755446,0.00268534151755446,0.010494831448318268,0.013623234981408307,5.675863576470874e-05,1.0,0.0
neural_flow_seed43,highspeed_015,highspeed,402,-0.03739229653394767,0.0032351750826418134,-0.007149113967642964,0.02608847132638216,0.08643013971683004,0.09866322558591539,0.5870646766169154,0.011617479260066713,21.667958565612338,0.0025667259365015956,0.0025667259365015956,0.010249238022632673,0.013561974095963795,3.6653353163274005e-05,1.0,0.0
neural_flow_seed43,occlusion_003,occlusion,396,0.4031887641018031,-0.34557496686057443,-0.14454080661625257,0.05732193226216636,7.728134858080948,9.531843375319234,0.7348484848484849,0.139513917506515,23.22099424401919,0.02066190094637108,0.02066190094637108,0.06995537688701049,0.014785981191665189,1.223602774658161e-09,0.5782828282828283,0.05303030303030303
neural_flow_seed43,occlusion_010,occlusion,396,-0.018698173059733782,-0.19257500731661423,0.010133139115061371,0.09373009232941878,0.2848796877173901,0.5748598291345738,0.41919191919191917,0.023250226937649325,21.949101014570758,0.002895080301091323,0.002895080301091323,0.011311915312563247,0.013417186474053641,4.128428656713368e-07,0.19696969696969696,0.030303030303030304
neural_flow_seed43,occlusion_011,occlusion,396,17.67031494606682,-0.18204796793879824,-0.10292349130984321,0.10967317180533077,32.99405717441048,37.63475813632019,0.7348484848484849,0.1604639817436177,27.90317610779194,0.25046620361341,0.25046620361341,0.7300427850376869,0.7880663207001214,3.951984139244358e-12,0.5757575757575758,0.045454545454545456
neural_flow_seed43,sweep_turn_001,sweep_turn,402,-0.0873414149111157,-0.04343129357852741,-0.016264284120766952,0.02938196549863582,0.18465256381963757,0.2056569495369255,0.736318407960199,0.030109043164244186,18.46309185977006,0.0026611771353405723,0.0026611771353405723,0.010616172156261027,0.013406888535424457,0.000112875844934,1.0,0.0
neural_flow_seed43,sweep_turn_009,sweep_turn,402,-0.6921471193272594,-0.7310347566492016,-0.7849806277898257,-0.30004595747889484,-0.11787062220533828,-0.04455960770050206,1.0,0.15142981594993696,9.477856415421215,0.0028875711765489883,0.0028875711765489883,0.011460326881451507,0.011663997777951105,0.0001017073518596,1.0,0.0
neural_flow_seed43,sweep_turn_016,sweep_turn,402,-0.039723669873929536,-0.022826779151292775,0.0048754730561469065,0.10362488390337626,0.19095409753326092,0.20117066632324426,0.4577114427860697,0.041839318498882096,19.98737366994222,0.0026294406977321483,0.0026294406977321483,0.01050743604201854,0.013554695730451623,0.0002200492745032,1.0,0.0
neural_flow_seed43,uturn_004,uturn,402,-0.558983980644125,-0.50710358776274,-0.6246442924242521,-0.12540929548232585,-0.021999391242806258,0.03027606554250479,0.9900497512437811,0.1591931786625623,13.235516246871569,0.0028490492159655542,0.0028490492159655542,0.011353114536448912,0.012027178100017966,4.408682434586808e-05,1.0,0.0
neural_flow_seed43,uturn_009,uturn,402,-0.14455811540415997,-0.11103525516692657,-0.023145899043272918,0.005757466613454865,0.31905970929052596,0.5016220506355016,0.8582089552238806,0.0389870593694558,16.820646492402943,0.002886635601185367,0.002886635601185367,0.011362239533447034,0.013231416140721515,8.637246355647221e-05,1.0,0.0
neural_flow_seed43,uturn_019,uturn,402,-0.4020290320931849,-0.4071513599866139,-0.36273690513053675,-0.16856320327044283,0.11938456875693196,0.6056432927147952,0.9776119402985075,0.09832495814815731,11.405182220449495,0.0031371925817206873,0.0031371925817206873,0.011720766697411705,0.012469792792180525,9.010294161271304e-05,1.0,0.0
tpatchgnn_seed17,climb_descent_011,climb_descent,396,-0.07460926269264735,-0.06756342277945807,-0.08644360063488869,0.01654065829113482,0.05641028466296921,0.07857922101157606,0.803030303030303,0.021275419102151943,19.678724481601908,0.0026159152064346865,0.0026159152064346865,0.010446690910792679,0.0015906574921024021,3.011623448401224e-05,0.9722222222222222,0.03282828282828283
tpatchgnn_seed17,climb_descent_013,climb_descent,396,-0.19296019074886267,-0.19652170244525397,-0.16791570571746356,-0.0995338037540812,-0.07399923575026413,-0.03974830367195126,1.0,0.07557378350898168,19.659180010207976,0.0026159293031837827,0.0026159293031837827,0.010454352536212425,0.0015478953035809222,0.0001831340341595,1.0,0.0
tpatchgnn_seed17,climb_descent_014,climb_descent,396,-0.16676082220703736,-0.16057371851545818,-0.13205076261378407,-0.05189004996441106,-0.03885349300140945,-0.03287399850147379,1.0,0.06331144228596423,19.565645319042783,0.0026043149046734286,0.0026043149046734286,0.010411641416973913,0.0015572614021134178,0.0001145542337326,1.0,0.0
tpatchgnn_seed17,cruise_010,cruise,402,-0.1808993726038231,-0.18506974830344103,-0.18865551624770566,-0.12237119573598006,-0.10129965637870081,-0.0845695485534198,1.0,0.06208536061296114,19.612560941212212,0.002543354685779025,0.002543354685779025,0.010157638782267367,0.00157571812840724,3.844554521492682e-05,1.0,0.0
tpatchgnn_seed17,cruise_012,cruise,402,-0.10555276072432188,-0.09120661740244167,-0.057309158537002386,-0.002647336336035533,0.006482747143923625,0.008458540027184889,0.927860696517413,0.03998773993080968,19.60496320297469,0.002553730579744232,0.002553730579744232,0.010212613468719722,0.0016032940938154933,8.689300739206374e-05,1.0,0.0
tpatchgnn_seed17,cruise_018,cruise,402,-0.12886801021153163,-0.10409833052693729,-0.13483010858569247,0.06456579358270376,0.11265270845095332,0.11439889330471797,0.8606965174129353,0.05108279657963686,19.76854574383788,0.0026308775636612095,0.0026308775636612095,0.01052085356809069,0.0015947098171240808,8.74347606441006e-05,1.0,0.0
tpatchgnn_seed17,highspeed_002,highspeed,402,-0.12881478615035424,-0.08732304865335423,-0.16567511318594272,0.07476926126553049,0.16527713639449423,0.16767711854552075,0.8208955223880597,0.0545666988250853,19.537955416968806,0.002663318693689825,0.002663318693689825,0.010651501533820345,0.0015947293608798738,8.697369048604742e-05,1.0,0.0
tpatchgnn_seed17,highspeed_006,highspeed,402,0.006407624970438333,0.007931672768878581,0.0036706318306190216,0.025662603472065126,0.03549600290506627,0.03817864945344653,0.3756218905472637,0.002494942726070979,19.523238917488364,0.002505826797845491,0.002505826797845491,0.010019272191372601,0.001645164127750837,5.675863576470874e-05,1.0,0.0
tpatchgnn_seed17,highspeed_015,highspeed,402,-0.003641118831200847,0.008891178825066818,-0.0002456647874297182,0.025851431484123964,0.03521088007667734,0.03957532275516044,0.5074626865671642,0.004454319055026479,19.465080953949126,0.002512439375098421,0.002512439375098421,0.010046187125780223,0.00164136193303914,3.6653353163274005e-05,1.0,0.0
tpatchgnn_seed17,occlusion_003,occlusion,396,2.8036591543263696,-0.21753787377289055,-0.16712486338604488,0.14823570619079743,15.81154696429117,17.254618851842064,0.6944444444444444,0.06950581981592469,20.182465882012337,0.07037214418158029,0.07037214418158029,0.24321214402848948,0.0030860539713051514,1.223602774658161e-09,0.5782828282828283,0.05303030303030303
tpatchgnn_seed17,occlusion_010,occlusion,396,0.04401166029420717,-0.04426390015075331,0.026532667471804442,0.16665736428480574,0.4325027268104481,0.7586832791590703,0.35858585858585856,0.011547846229960721,19.200502046430955,0.002976952985480817,0.002976952985480817,0.011378445425082396,0.0016347026538178011,4.128428656713368e-07,0.19696969696969696,0.030303030303030304
tpatchgnn_seed17,occlusion_011,occlusion,396,27.782691901086743,-0.12753483806187405,-0.09208594945702968,0.19883380013599974,43.586624995456816,48.264065243650336,0.6666666666666666,0.04303842720127237,22.48106163800365,0.28212537433871115,0.28212537433871115,0.7326002231652999,0.9711957913860226,3.951984139244358e-12,0.5757575757575758,0.045454545454545456
tpatchgnn_seed17,sweep_turn_001,sweep_turn,402,-0.03465520378158256,-0.008592597964277016,-0.012681135189519632,0.02979723664908668,0.03751209017504062,0.04166436312505622,0.6442786069651741,0.013202438355321275,19.978584336997265,0.0025316630531955595,0.0025316630531955595,0.010120716931151429,0.001629682298967996,0.000112875844934,1.0,0.0
tpatchgnn_seed17,sweep_turn_009,sweep_turn,402,0.003210487709073665,0.01713438299901592,0.060254962645676355,0.14488849972169507,0.16327798003656435,0.16602406953224347,0.44029850746268656,0.02208263477650368,19.29483002809743,0.0025825890487067836,0.0025825890487067836,0.010327116513102676,0.0016439534561503706,0.0001017073518596,1.0,0.0
tpatchgnn_seed17,sweep_turn_016,sweep_turn,402,-0.0020375587238879935,0.005794980981515123,0.0355110485801498,0.05366463064595771,0.058816071624029895,0.05985847450738906,0.2512437810945274,0.01129627590539411,19.647596914376784,0.0025232689889651072,0.0025232689889651072,0.010092127470922141,0.0016419680905203533,0.0002200492745032,1.0,0.0
tpatchgnn_seed17,uturn_004,uturn,402,-0.10112931624296873,-0.09917181650288807,-0.09923478612977397,-0.073740161401453,-0.05195694480563822,-0.037830966026482594,1.0,0.027704812310617465,19.491588843995657,0.0025240838725154903,0.0025240838725154903,0.010094164211423192,0.001604927938062467,4.408682434586808e-05,1.0,0.0
tpatchgnn_seed17,uturn_009,uturn,402,-0.04195080116375095,-0.030056987234109517,-0.006693960974852348,0.0019681818427184816,0.011313293166199088,0.01409221248597399,0.8084577114427861,0.013294379817048473,19.523446239642244,0.002519870650760729,0.002519870650760729,0.010076829452681743,0.0016269469372338428,8.637246355647221e-05,1.0,0.0
tpatchgnn_seed17,uturn_019,uturn,402,-0.15489443686845422,-0.15555921793948224,-0.1531615009614716,-0.11001681938596222,-0.08811989707212005,-0.07878261068813244,1.0,0.04771886569962124,19.40650472593545,0.002531541956344252,0.002531541956344252,0.010115985183609346,0.001585181609105949,9.010294161271304e-05,1.0,0.0
tpatchgnn_seed29,climb_descent_011,climb_descent,396,-10.905836284587833,-10.587230867416235,-13.099502744419771,-7.812416143878433,-3.242432910693776,-1.2819174349114435,1.0,0.9517075390827776,1.543137821074895,0.023157768015491714,0.023157768015491714,0.08172694076023906,1.1282930208311237e-05,3.011623448401224e-05,0.9722222222222222,0.03282828282828283
tpatchgnn_seed29,climb_descent_013,climb_descent,396,-9.847872604882777,-9.525202996586518,-11.457707880316267,-5.389589950716809,-3.6769744410441723,-3.35022913219671,1.0,0.9047754870520698,1.1145783131624656,0.01127376976526378,0.01127376976526378,0.044115555972594624,1.4395218781097241e-05,0.0001831340341595,1.0,0.0
tpatchgnn_seed29,climb_descent_014,climb_descent,396,-10.740083793437998,-10.681225545869061,-12.066140081142493,-7.536690760319717,-4.657164273721396,-4.212027275215313,1.0,0.9254353642463684,1.016523203418609,0.011352995504820008,0.011352995504820008,0.04314507106079872,1.1721876756083913e-05,0.0001145542337326,1.0,0.0
tpatchgnn_seed29,cruise_010,cruise,402,-12.228993243487205,-12.243847670615708,-14.008683499118264,-8.265295886363429,-6.629743489915191,-5.980026362398528,1.0,0.9506410819974112,0.8922728033323971,0.010487467669925461,0.010487467669925461,0.03797617106282502,8.44572765892586e-06,3.844554521492682e-05,1.0,0.0
tpatchgnn_seed29,cruise_012,cruise,402,-10.78945441189013,-10.58682706985973,-13.2494407644994,-6.86788710705155,-4.689422146190995,-4.103074394756384,1.0,0.9245833007257376,1.01854510943403,0.011598770321403683,0.011598770321403683,0.044152623779893325,1.1764973579108985e-05,8.689300739206374e-05,1.0,0.0
tpatchgnn_seed29,cruise_018,cruise,402,-10.643500315599645,-10.30683450986556,-12.763727151028547,-6.486701479357048,-4.864032297426536,-3.952983326802118,1.0,0.9256852423373739,1.1641745452510786,0.011609824260019093,0.011609824260019093,0.042940175730322126,1.216708006265048e-05,8.74347606441006e-05,1.0,0.0
tpatchgnn_seed29,highspeed_002,highspeed,402,-7.883135438667131,-6.495824373492619,-10.841950408097706,-4.696137776368101,1.3957629849803688,1.5916136295237142,0.9701492537313433,0.8569834341978687,1.2652534729805751,0.022041891168363446,0.022041891168363446,0.08708764854319964,2.2973271943809714e-05,8.697369048604742e-05,1.0,0.0
tpatchgnn_seed29,highspeed_006,highspeed,402,-7.404985850362456,-6.271206710377828,-10.527655157783837,-3.3453773210895434,1.4828790882282297,1.6571350555936981,0.9626865671641791,0.8413222175779391,1.3129394406670547,0.02004407584988807,0.02004407584988807,0.0786194441492492,2.5647073260582317e-05,5.675863576470874e-05,1.0,0.0
tpatchgnn_seed29,highspeed_015,highspeed,402,-8.181808406132129,-7.274673489192019,-9.76071712873455,-4.629317830570643,-1.4154318909970152,-0.5611134858277521,1.0,0.860826254854748,1.609496621652483,0.014382799918273301,0.014382799918273301,0.05460559654219118,2.144645703469194e-05,3.6653353163274005e-05,1.0,0.0
tpatchgnn_seed29,occlusion_003,occlusion,396,13.1657307920103,-8.205512135161047,-6.291237372535454,1.097149549516703,26.03810016734688,34.774979534486334,0.7171717171717171,0.6242313268713321,7.0943277070693895,0.3657881973949568,0.3657881973949568,0.8083739972159516,0.002881234520206075,1.223602774658161e-09,0.5782828282828283,0.05303030303030303
tpatchgnn_seed29,occlusion_010,occlusion,396,-0.5003781030353186,-4.50947568631686,-0.09813066514288683,1.4896055127368295,3.3623981779352077,5.464216862065252,0.5505050505050505,0.4060351937007385,8.005432913117486,0.00997158763945299,0.00997158763945299,0.031118060982261737,0.0001238704513176109,4.128428656713368e-07,0.19696969696969696,0.030303030303030304
tpatchgnn_seed29,occlusion_011,occlusion,396,38.55581445113306,-7.471606421827928,-4.975966858277733,0.9729459100570428,45.945218680644246,62.97866692417182,0.6994949494949495,0.6131125297739471,9.235206540514048,0.6991817138290471,0.6991817138290471,0.9371537116912301,0.9967516777580366,3.951984139244358e-12,0.5757575757575758,0.045454545454545456
tpatchgnn_seed29,sweep_turn_001,sweep_turn,402,-9.151295936077918,-7.393821390818203,-12.244644023722696,-6.0899851371961935,-0.7683855767433428,2.2863486826907096,0.9900497512437811,0.8994329334769527,1.27904688697818,0.03463685159165486,0.03463685159165486,0.13193034694275313,1.7155635240541997e-05,0.000112875844934,1.0,0.0
tpatchgnn_seed29,sweep_turn_009,sweep_turn,402,-11.296273184674359,-11.148792221692217,-12.640274344781366,-8.728964851174885,-5.41613166130346,-4.812720265008392,1.0,0.9377871072707484,1.0561755005645552,0.01106953145986326,0.01106953145986326,0.04247748586825325,1.046909350966948e-05,0.0001017073518596,1.0,0.0
tpatchgnn_seed29,sweep_turn_016,sweep_turn,402,-7.94868169599257,-7.720602208529526,-9.260094890532148,-4.2401732759173125,-2.5250911022538176,-2.108516665515445,1.0,0.854423550379217,1.8378942701502226,0.00954531906762819,0.00954531906762819,0.0356305195397197,2.262914930071931e-05,0.0002200492745032,1.0,0.0
tpatchgnn_seed29,uturn_004,uturn,402,-7.814305064022395,-8.130529069678698,-8.506261647348003,-4.719506373678948,-3.418865879148159,-2.8200370159824892,1.0,0.8606973778252578,1.4421470374000995,0.007855986920511449,0.007855986920511449,0.029062574500803375,2.334027082450527e-05,4.408682434586808e-05,1.0,0.0
tpatchgnn_seed29,uturn_009,uturn,402,-9.307464841764588,-9.378558714494247,-11.670841689827562,-5.245347218045593,-2.6803796707393546,-2.0065246878708236,1.0,0.8902521861429832,0.996657060795181,0.013361892158132655,0.013361892158132655,0.050398895575068395,1.6549691905560637e-05,8.637246355647221e-05,1.0,0.0
tpatchgnn_seed29,uturn_019,uturn,402,-10.280152779367002,-9.402830156960295,-12.004083606338835,-8.903424696984638,-1.0281494120493193,1.2411506698156571,0.9925373134328358,0.9144992397551365,0.7951350598179027,0.035310534520389,0.035310534520389,0.11807936023046973,1.3228820373432367e-05,9.010294161271304e-05,1.0,0.0
tpatchgnn_seed43,climb_descent_011,climb_descent,396,-13.304015012767081,-12.716106805773052,-17.487288010859704,-9.733984792744174,-4.016914287719964,-1.669944703863198,1.0,0.9743757190728428,0.827239063693648,0.03678848005341838,0.03678848005341838,0.12128025735103272,7.541009503024731e-06,3.011623448401224e-05,0.9722222222222222,0.03282828282828283
tpatchgnn_seed43,climb_descent_013,climb_descent,396,-11.349064222908964,-10.966061781274998,-13.02210860793981,-7.479233615157064,-4.283693219077801,-3.7367758598600447,1.0,0.9306177593240834,0.5901233093524081,0.01457248612149187,0.01457248612149187,0.05450598115631472,1.182836090187815e-05,0.0001831340341595,1.0,0.0
tpatchgnn_seed43,climb_descent_014,climb_descent,396,-12.652451362113625,-12.612081932323429,-14.308631415266753,-9.171566598942107,-6.077805924269422,-5.080632219748784,1.0,0.9505993045038648,0.5452288314392919,0.014437324843165204,0.014437324843165204,0.05133621866295328,8.761649044436497e-06,0.0001145542337326,1.0,0.0
tpatchgnn_seed43,cruise_010,cruise,402,-14.812755020637777,-14.798192947015243,-17.50630509375718,-9.893223220512107,-8.483056295104861,-7.810666101315956,1.0,0.9718218226337907,0.5100142008126006,0.012473342248404589,0.012473342248404589,0.04611082732245564,5.4086185639721404e-06,3.844554521492682e-05,1.0,0.0
tpatchgnn_seed43,cruise_012,cruise,402,-12.742911889886209,-12.523900533149956,-15.298911504641987,-8.378515448276785,-6.190399469145843,-5.213137674362378,1.0,0.9504368649193303,0.5456706423130563,0.01408482218169323,0.01408482218169323,0.04933991700953847,8.711053229305378e-06,8.689300739206374e-05,1.0,0.0
tpatchgnn_seed43,cruise_018,cruise,402,-13.143373672686067,-12.73149389885991,-16.16808483460993,-8.806200735921001,-6.005108347661544,-5.727364358380318,1.0,0.9570138878490201,0.5709190595123583,0.013720656074912917,0.013720656074912917,0.05361734587472878,7.943730270200282e-06,8.74347606441006e-05,1.0,0.0
tpatchgnn_seed43,highspeed_002,highspeed,402,-8.719182010740797,-7.0245187169288865,-12.691553604922047,-5.120587268971066,1.651088017931579,2.016679236728883,0.9701492537313433,0.8843901562406009,0.687183982881689,0.029468638532218025,0.029468638532218025,0.11338808167588503,2.200106253414221e-05,8.697369048604742e-05,1.0,0.0
tpatchgnn_seed43,highspeed_006,highspeed,402,-8.084780049243525,-6.724877023460905,-12.119271966029876,-4.349220943222488,2.045626716986403,2.500615158071118,0.9626865671641791,0.8706153536567494,0.667677673711314,0.0284651494058161,0.0284651494058161,0.11110681410379478,2.546149215299938e-05,5.675863576470874e-05,1.0,0.0
tpatchgnn_seed43,highspeed_015,highspeed,402,-9.973568938004938,-8.904155058269941,-12.358827803836043,-6.168155943169337,-1.6551400408012198,-0.957480850530794,1.0,0.904221211648106,0.7481773753744024,0.019832741698226734,0.019832741698226734,0.07587647392347889,1.6481812252972703e-05,3.6653353163274005e-05,1.0,0.0
tpatchgnn_seed43,occlusion_003,occlusion,396,13.142407448985391,-8.646895221869787,-5.9612049902805495,0.7562506821450165,23.522472719230247,35.7064599233112,0.7247474747474747,0.6143926740248167,8.314665822121738,0.455732563639662,0.455732563639662,0.8981841622867436,0.003327145046147489,1.223602774658161e-09,0.5782828282828283,0.05303030303030303
tpatchgnn_seed43,occlusion_010,occlusion,396,-0.6157822952914696,-4.728342229036629,-0.12597200759770363,1.1768172109348414,2.808446112911023,7.137409052919691,0.5580808080808081,0.38703983166686323,9.286364271441908,0.015053030753331973,0.015053030753331973,0.03395278812875152,0.000140040212088513,4.128428656713368e-07,0.19696969696969696,0.030303030303030304
tpatchgnn_seed43,occlusion_011,occlusion,396,37.90573794714882,-7.555586632187225,-4.07893438708861,0.8826200092764278,39.90657495727548,62.001664175608354,0.6868686868686869,0.6118921100912091,10.033088810909469,0.6484812699852363,0.6484812699852363,0.9807141161796231,0.996333617232313,3.951984139244358e-12,0.5757575757575758,0.045454545454545456
tpatchgnn_seed43,sweep_turn_001,sweep_turn,402,-10.256894455411556,-7.962244214223178,-14.645176315113073,-7.393896809475647,-0.8770897003168807,2.7975879602261666,0.9900497512437811,0.9230263393588911,0.7616938156752259,0.05025996577032316,0.05025996577032316,0.18784413381053838,1.544089291114959e-05,0.000112875844934,1.0,0.0
tpatchgnn_seed43,sweep_turn_009,sweep_turn,402,-14.772628120537956,-14.57892387599063,-18.655810848522002,-11.408524356992881,-6.211867019665435,-5.958681524707673,1.0,0.9727048845730017,0.5398608767717095,0.01893078427369611,0.01893078427369611,0.07379277426437217,5.458823398926258e-06,0.0001017073518596,1.0,0.0
tpatchgnn_seed43,sweep_turn_016,sweep_turn,402,-10.100452280394503,-9.892961452779947,-12.553220116035638,-5.812059586372992,-3.787885691033815,-3.290529208460292,1.0,0.9092758775350467,1.0271290464857268,0.011933456493269263,0.011933456493269263,0.04523261291406713,1.600724634008386e-05,0.0002200492745032,1.0,0.0
tpatchgnn_seed43,uturn_004,uturn,402,-8.26292748795892,-8.671614901825988,-9.201749231968021,-5.0434780728058985,-3.2301638726274655,-2.321533450464654,1.0,0.8742973272183642,1.0509051148054556,0.009770422645098979,0.009770422645098979,0.03681869205123113,2.4438193979375628e-05,4.408682434586808e-05,1.0,0.0
tpatchgnn_seed43,uturn_009,uturn,402,-10.81134264850245,-11.033063547898204,-14.272031358785354,-6.624174771055698,-3.1466188037670233,-2.341304393999989,1.0,0.9222818360251573,0.5789706449586763,0.017489515245539912,0.017489515245539912,0.06123757259534902,1.3590254561696663e-05,8.637246355647221e-05,1.0,0.0
tpatchgnn_seed43,uturn_019,uturn,402,-12.090393286097694,-10.862140210324336,-14.79521268020121,-10.228941822344455,-1.89883256440074,1.4845562174037639,0.9925373134328358,0.9458150735301016,0.4687227235524336,0.056658998965555325,0.056658998965555325,0.1866990109341436,1.0123309806854935e-05,9.010294161271304e-05,1.0,0.0
