run,group,value,targets,mean_nmse_db,energy_weighted_nmse_db,median_nmse_db,p90_nmse_db,p99_nmse_db,maximum_nmse_db,fraction_nmse_below_1,mean_shape_correlation,gain_mae_db,top1_target_contribution,top01pct_contribution,top1pct_contribution,nmse_contribution
cru_seed17,scenario,climb_descent,1188,-5.093371576758694,-4.95635545936347,-7.935812793273583,-0.898964004324728,0.16777582322839188,0.3533555171776706,0.9722222222222222,0.7003551560363134,2.754811901928816,0.002950232675434362,0.002950232675434362,0.03456164211563494,0.0007072886711070921
cru_seed17,scenario,cruise,1206,-6.621536989801777,-6.2555122362969415,-8.917517683778982,-2.1007129279019887,-0.1928202340415761,-0.11712382624367475,1.0,0.7888977729451301,1.8431150181676823,0.003707609690135881,0.003707609690135881,0.044157039578750175,0.0005050228492092574
cru_seed17,scenario,highspeed,1206,-2.1072443670132053,-1.7463720458377026,-1.7117911735962776,-0.0363864048054843,0.9045947105181701,2.7801336201890074,0.9618573797678275,0.40145422395373204,7.37447203229746,0.0025549975670158083,0.0025549975670158083,0.025328923553213357,0.0014280397291916737
cru_seed17,scenario,occlusion,1188,26.387903861892607,-3.517705984646096,-0.17317559775996316,0.348294810136177,36.00250407343813,51.78356790225073,0.6203703703703703,0.3666338805346215,12.450024577024665,0.2915747845505847,0.2915747845505847,0.9725408894466694,0.9947735876673284
cru_seed17,scenario,sweep_turn,1206,-1.9235650779588442,-0.947645812605999,-0.84661055118222,0.15739513984402928,0.26037044271239196,0.3064693733549902,0.7446102819237148,0.3830717826922349,8.155176955286048,0.0013856582675269076,0.0013856582675269076,0.016519989725190608,0.0014897322478500715
cru_seed17,scenario,uturn,1206,-3.2552388978208944,-2.6678400168297776,-4.799242829487856,-0.2090748909099167,-0.16365106024127424,2.352538556779159,0.9941956882255389,0.5415225395990518,4.565366319135128,0.0030159937530510657,0.0030159937530510657,0.02518512669058016,0.0010963288353135266
cru_seed17,query_s,0.0099999997764825,1200,6.974050250111425,-2.613832605704624,-4.84913162966787,0.01684808676950242,0.35336995916836733,35.37793801059517,0.8891666666666667,0.5402231904240247,5.833667234604169,0.5770421402725768,0.5770421402725768,0.9051778225749708,0.011500154897541892
cru_seed17,query_s,0.0199999995529651,1200,6.968228946758286,-2.6255911224867075,-4.833811218224046,0.00793084166311827,0.48631344069344806,35.36626770373398,0.8925,0.541627178403046,5.860668462843945,0.5762655129182309,0.5762655129182309,0.9052411597557598,0.011484750363106444
cru_seed17,query_s,0.050000000745058,1200,16.371192048484403,-2.6492097524001847,-4.851878383202661,0.01966457486880621,0.5755627340409826,45.151607182995704,0.8841666666666667,0.5433124058954563,5.926812915577126,0.6293036742188962,0.6293036742188962,0.9891633171770045,0.10009626438548135
cru_seed17,query_s,0.1000000014901161,1200,16.365851292735513,-2.649322933218452,-4.838922667916648,0.009592058241491086,0.8043292674523252,45.080358069930355,0.8875,0.5433725729680429,6.108768587832407,0.6198254889542654,0.6198254889542654,0.9891351377770758,0.09997324621477229
cru_seed17,query_s,0.2000000029802322,1200,16.970931557897273,-2.5395218512465467,-4.3430870272798705,0.005629188713185544,0.7801744997575413,45.06409285327858,0.895,0.5371742648029719,6.3685326105849045,0.5371986139931222,0.5371986139931222,0.9903988303223973,0.11491899538440706
cru_seed17,query_s,0.5,1200,24.57576767247369,-1.640574317145568,-3.171581168742538,0.10514428984575286,2.7199007774248347,51.78356790225073,0.8475,0.4761305844977835,7.0021592792321465,0.43812574816113564,0.43812574816113564,0.9980670974200575,0.662026588754691
cru_seed17,query_los,False,664,28.912741726308234,-0.09151891502871788,0.03769571263561766,0.7152147061135389,43.67801076546371,51.78356790225073,0.3192771084337349,0.07129946414320705,17.87718759291996,0.29168529704255525,0.29168529704255525,0.8108464919190873,0.9943966920567705
cru_seed17,query_los,True,6536,-3.509849716263221,-2.437300180682608,-5.342017376070091,-0.09227011286337444,0.22311926538019086,2.7801336201890074,0.9398714810281518,0.5769377895040545,4.995452623486962,0.0006511578643639089,0.004272515665544626,0.026667717159579767,0.005603307943229487
cru_seed17,los_transition,False,7136,15.008541605891503,-2.4368145448383243,-4.440059580889816,0.016603321624007076,0.6644429276234033,45.85248950508303,0.8853699551569507,0.5322272532606317,6.092550664985423,0.17019231611309765,0.8540685438357942,0.9847973487890344,0.43493706639776547
cru_seed17,los_transition,True,64,36.61799426940026,-0.515233655732243,-0.03760444648732511,26.380204353618424,50.84196051366693,51.78356790225073,0.578125,0.3161649550269132,16.31702130427584,0.51330723933998,0.51330723933998,0.51330723933998,0.5650629336022345
cru_seed29,scenario,climb_descent,1188,-5.106527740694201,-5.060469424925358,-8.015288858707601,-1.1287803951519157,0.22391472206171964,0.5021658251158686,0.968013468013468,0.700929626991803,2.6208606039064932,0.003062336536593601,0.003062336536593601,0.035441569865566465,0.00031896986927087485
cru_seed29,scenario,cruise,1206,-6.476433917226311,-6.226487824357752,-8.78808409543854,-1.7223738263107033,-0.1634175732596153,-0.10779073963940666,1.0,0.7802847385928529,1.9659935066686514,0.003593494710729912,0.003593494710729912,0.04287174873079841,0.00023620544781279723
cru_seed29,scenario,highspeed,1206,-2.0852205702198963,-1.7526636433619975,-1.4772238914678248,-0.034355093825297625,0.6104729535100548,2.530380019254141,0.9402985074626866,0.4007223220579539,7.639372772103474,0.0024000083414421384,0.0024000083414421384,0.02469291328452621,0.0006492489330612093
cru_seed29,scenario,occlusion,1188,29.845662391357585,-4.168472302955219,-0.20063822745633994,0.3654011245318401,37.68958703946312,57.004486456442564,0.6313131313131313,0.39939413838289783,12.089166902446248,0.43758856631910237,0.43758856631910237,0.9826077633938424,0.9976281006280954
cru_seed29,scenario,sweep_turn,1206,-1.907779051138233,-0.952595634198351,-0.6554973424648791,0.18367063963473523,0.26837465221417506,0.5376618867151419,0.7761194029850746,0.37964387769051716,8.165317543991184,0.0014561187224941992,0.0014561187224941992,0.016604835201283922,0.0006763249304273861
cru_seed29,scenario,uturn,1206,-3.2971898406256077,-2.710205471998506,-4.736415262776548,-0.2545173596453015,-0.09660155247282302,2.0507358358165733,0.9941956882255389,0.5461735825037358,4.373744487234057,0.002840830093179489,0.002840830093179489,0.025590482125075708,0.0004911501913323662
cru_seed29,query_s,0.0099999997764825,1200,7.6335550021458065,-2.6295452395543535,-4.934535670185463,0.0072684408897947085,0.3836840851166946,37.46445814229413,0.8975,0.5425499101047092,5.7863376103783954,0.8015102266136681,0.8015102266136681,0.9190731971274307,0.006055119800639041
cru_seed29,query_s,0.0199999995529651,1200,7.648421094280296,-2.6420377549799983,-4.965620167855923,0.006602320540594403,0.49845216008592175,37.48260120691874,0.895,0.5442676890414861,5.810402922794261,0.8021152350229263,0.8021152350229263,0.9195067564458024,0.006075882258570204
cru_seed29,query_s,0.050000000745058,1200,17.174939070393346,-2.667273816047638,-4.981585938273237,0.015501501376888834,0.4781570231006731,47.350371445632376,0.8908333333333334,0.5462015786105955,5.874904555024114,0.8676848037507984,0.8676848037507984,0.9910590462458516,0.054483016781832594
cru_seed29,query_s,0.1000000014901161,1200,17.286921894733265,-2.67311432739995,-5.058222496090194,0.005295317502469804,0.8841940556961813,47.3924334092207,0.8925,0.5469942977122021,6.056814385184941,0.8538270418999706,0.8538270418999706,0.9912867505569258,0.05590612990873466
cru_seed29,query_s,0.2000000029802322,1200,18.443042521760347,-2.57012688699025,-4.634375544528168,0.006617776806993471,0.8716705323055693,47.51762146681258,0.8883333333333333,0.5420799591094466,6.318655080161989,0.6734054834341165,0.6734054834341165,0.9932185132645767,0.07295776008994602
cru_seed29,query_s,0.5,1200,28.86770733904065,-1.6876691610694152,-3.483436273978163,0.09132529847875182,3.9642764498361522,57.004486456442564,0.8483333333333334,0.4845857365917993,6.970963129292868,0.5426210853252101,0.5426210853252101,0.9992894568785908,0.8045220911602775
cru_seed29,query_los,False,664,32.37155190850568,-0.02890450821378087,0.03161669068045406,0.8285524482920913,44.864539300900724,57.004486456442564,0.3373493975903614,0.07719381012887526,18.037753678319685,0.43764843059210434,0.43764843059210434,0.9402403304050921,0.9974916388546814
cru_seed29,query_los,True,6536,-3.5550797244435053,-2.4638600624628806,-5.429795520500652,-0.07863882017226184,0.25006841439808924,2.530380019254141,0.9410954712362302,0.5808993750732426,4.927268172735559,0.0006212035527369826,0.0041881642892423925,0.026948093761444216,0.0025083611453185837
cru_seed29,los_transition,False,7136,15.927174859188334,-2.463323089769683,-4.654205647999406,0.01317639910794844,0.7095196960607333,48.157182155541285,0.8884529147982063,0.5362798285786399,6.038520014255339,0.23417788982965704,0.9140191292174485,0.9878041919840745,0.24308508976233403
cru_seed29,los_transition,True,64,41.33281092548213,-0.4749170501929585,-0.04902044964656885,29.926570293130723,55.38088967318532,57.004486456442564,0.546875,0.330033572923635,17.0439749637153,0.5767499680200825,0.5767499680200825,0.5767499680200825,0.756914910237666
cru_seed43,scenario,climb_descent,1188,-5.3233414013316445,-5.1926151343474425,-7.175561084316151,-1.5224473477335019,0.09980187583381402,0.35174922612618187,0.9823232323232324,0.7172455790245699,2.5467134658204116,0.0031095147562145323,0.0031095147562145323,0.036303947073486484,0.00041577995136373553
cru_seed43,scenario,cruise,1206,-6.644327038505806,-6.285012281098405,-9.322481157845688,-1.864648855399971,-0.2286027446629492,-0.16032571664657613,1.0,0.7878207968297735,1.777517100650343,0.003690224810169024,0.003690224810169024,0.043943781129678505,0.00031138368044752437
cru_seed43,scenario,highspeed,1206,-2.2938633618422584,-1.874014528073194,-1.9265842077131299,0.00706887912007808,0.7023980951279952,2.597504381607293,0.8922056384742952,0.4269647407690407,6.51923754206352,0.002557345858732237,0.002557345858732237,0.026082890463376883,0.00084789527519699
cru_seed43,scenario,occlusion,1188,28.474534974711542,-4.257057482123454,-0.2407088009085502,0.35194979435599766,36.371186207390565,55.25850380626966,0.632996632996633,0.4037446122195684,11.419553514725218,0.4014028415100586,0.4014028415100586,0.981129408625843,0.9968990490231234
cru_seed43,scenario,sweep_turn,1206,-2.0048902448730015,-0.9949753723787481,-0.8140731552068685,0.16215328476558585,0.28324342649473855,0.45643106113474863,0.7686567164179104,0.3917258858222397,7.88890724467302,0.0014614528980083754,0.0014614528980083754,0.016988875333647416,0.0009062322783708869
cru_seed43,scenario,uturn,1206,-3.655752348467094,-2.959101906489861,-5.727390248015578,-0.22693337080166753,-0.14258325996768234,1.716234246924242,0.9941956882255389,0.5822470914402584,4.211734557487642,0.002856612628141851,0.002856612628141851,0.025954596639262393,0.0006196597914974425
cru_seed43,query_s,0.0099999997764825,1200,6.368997346381221,-2.766659078160591,-5.536592295810068,0.01777818196725683,0.3084330096844365,35.93139630453213,0.8916666666666667,0.5623350550022087,5.346442807387017,0.753457308319601,0.753457308319601,0.8965816741254866,0.006201007038254683
cru_seed43,query_s,0.0199999995529651,1200,6.378489301435037,-2.7771936174126792,-5.5396342075878096,0.021413784623191427,0.454937874529732,35.94271072261266,0.885,0.5639091362380415,5.37390314107916,0.7537735537006638,0.7537735537006638,0.8969356224838579,0.006214574801925718
cru_seed43,query_s,0.050000000745058,1200,15.792416453148014,-2.796424787325005,-5.643893419292295,0.027680564111082086,0.7093291320535701,45.78889489197814,0.88,0.5653534621453711,5.446196790736091,0.8326578827003239,0.8326578827003239,0.9882286201631021,0.05430053830431492
cru_seed43,query_s,0.1000000014901161,1200,15.926653875254766,-2.7885478677605913,-5.487027350661466,0.011655242209654032,1.0455515612211852,45.827461628798034,0.89,0.5652965627268592,5.6419334336304265,0.8145158302406212,0.8145158302406212,0.9885463421205443,0.05600513870533799
cru_seed43,query_s,0.2000000029802322,1200,17.271486599113864,-2.658805995856067,-5.290760459929492,0.01496733182438632,1.1002293718014697,46.025479167237066,0.8866666666666667,0.5582637740695585,5.921327067623691,0.625486600958538,0.625486600958538,0.9914359984489702,0.07633279232177843
cru_seed43,query_s,0.5,1200,27.480407194298117,-1.7196614432742514,-3.7533741716849303,0.0969226850534877,4.550362798849616,55.25850380626966,0.8391666666666666,0.49432460658527666,6.596184497382686,0.4996068855356623,0.4996068855356623,0.9990397229323029,0.8009459488283882
cru_seed43,query_los,False,664,31.00022303492292,-0.0569333120398023,0.049323355485605874,0.9260922856080516,43.60808624282474,55.25850380626966,0.35240963855421686,0.07897598091557338,16.921331734766802,0.4014763783201831,0.4014763783201831,0.9270593471321691,0.9967164510421712
cru_seed43,query_los,True,6536,-3.753497911002322,-2.5666646601469396,-5.859710134914189,-0.0982657026493344,0.24497244591558692,2.597504381607293,0.9322215422276622,0.5995928801702629,4.583142749926825,0.0006603712929249111,0.004378362033370954,0.02785440720809381,0.003283548957828806
cru_seed43,los_transition,False,7136,14.757145953906083,-2.5660432845641594,-5.264512569216404,0.02515778661520294,0.7232083173563851,47.26329519977795,0.8814461883408071,0.553472424345746,5.623008798672488,0.24955144171068636,0.9073035267636895,0.9846343301015964,0.2544196672933102
cru_seed43,los_transition,True,64,39.89933225881139,-0.5356166342455339,-0.1607768444058597,29.7141357671001,53.88711523015363,55.25850380626966,0.578125,0.34062337483648975,16.646789032500237,0.5367069025598595,0.5367069025598595,0.5367069025598595,0.7455803327066898
harmonic,scenario,climb_descent,1188,-6.174263603853562,-4.476416943699023,-13.607536932987026,-4.489910978781359,5.810647504542503,13.118588671023852,0.9755892255892256,0.9046238533939276,0.526287460710175,0.07152679852376312,0.07152679852376312,0.46965355058391,6.013904254556975e-06
harmonic,scenario,cruise,1206,-7.622464497415011,-7.188211848106026,-18.52280859714307,-6.264419018752512,7.131387263829553,10.178965783253513,0.978441127694859,0.9314738174415446,0.5321366149321002,0.04997993883012596,0.04997993883012596,0.39642997435096133,4.373884266391621e-06
harmonic,scenario,highspeed,1206,-0.21321919575206114,0.5025321329145133,-10.556665494674448,1.1988897968368297,9.902396094567509,20.788409642456358,0.8706467661691543,0.8236918472404017,1.4638985889054443,0.10442766709628402,0.10442766709628402,0.43891749371126315,2.408750498405325e-05
harmonic,scenario,occlusion,1188,46.033896684452486,-4.436065741534591,-2.236698913326576,5.1472343519098676,50.0946873900055,71.68393169607907,0.6422558922558923,0.687458586717781,4.591927783140797,0.30916267797887526,0.30916267797887526,0.9949574788763984,0.9999367692980216
harmonic,scenario,sweep_turn,1206,-3.324587474530248,-1.901454207282034,-14.823185937523908,-3.217314235704455,11.145768175454416,13.730944896589454,0.945273631840796,0.8991470236756585,0.9282652682551008,0.04209261715314343,0.04209261715314343,0.39307961374702094,1.1766708363464276e-05
harmonic,scenario,uturn,1206,-1.7295358699061267,0.23349109696676307,-12.4659348365568,-3.276596813670998,10.070287644127491,20.5017288922446,0.9502487562189055,0.8877574306121946,0.9546759543764752,0.13860508656259538,0.13860508656259538,0.6413723587877855,1.698870011007767e-05
harmonic,query_s,0.0099999997764825,1200,17.898166263490005,0.12419763881623988,-15.551733162090258,-2.0637867492691933,13.085129456958047,46.892620911274065,0.9275,0.8961978207164611,1.0388974820541867,0.6610955270220935,0.6610955270220935,0.99393425555213,0.0015515447341871744
harmonic,query_s,0.0199999995529651,1200,18.70077740845411,-5.912647976969787,-15.26462365784637,-2.2217186195305145,7.620325147513576,47.73709697533665,0.9358333333333333,0.9044399737130685,0.867478920870611,0.6674991402226037,0.6674991402226037,0.9972095811025458,0.0018664889200555002
harmonic,query_s,0.050000000745058,1200,30.609935688718224,0.09601905881965056,-13.93184766036166,-0.8555154408676686,13.123574583834445,59.67516619774098,0.91,0.8889689903252899,1.1746942441121913,0.671957498778151,0.671957498778151,0.9996625707248901,0.028969516320434742
harmonic,query_s,0.1000000014901161,1200,33.24489709482955,-5.5127611095808255,-13.075097328579972,-0.8125106731441953,8.188228155330403,62.29369412858772,0.9083333333333333,0.8879181970132171,1.2332373729359096,0.6694196514377977,0.6694196514377977,0.9998592901064117,0.05314193756571906
harmonic,query_s,0.2000000029802322,1200,37.08588770888991,-2.55675438779549,-10.582658958125421,0.4872507479407312,12.48330876391478,65.86511155822467,0.8841666666666667,0.8452014838503055,1.684674497781137,0.6291310776607281,0.6291310776607281,0.9999140710882071,0.12868752437801892
harmonic,query_s,0.5,1200,44.943549469145665,0.6819622656834712,-5.3934791272813705,2.9868886016553535,14.364518382077067,71.68393169607907,0.7991666666666667,0.7132156196568977,2.9664218822598922,0.3934204915284117,0.3934204915284117,0.9999705576293385,0.7857829880815848
harmonic,query_los,False,664,48.56036830944632,2.7202337918680564,0.7927217824835024,7.793783015086317,60.8351560950221,71.68393169607907,0.4066265060240964,0.5218928832710198,6.808456022686329,0.30916353135803065,0.30916353135803065,0.9214994762414948,0.9999340091885356
harmonic,query_los,True,6536,-3.1759500406867165,-1.4323561422095605,-13.193241857668712,-2.818922716686218,8.984042393995196,20.788409642456358,0.9436964504283966,0.8899317056056197,0.9543559487382177,0.03811745750410556,0.18909978630656127,0.502032279085491,6.599081146437601e-05
harmonic,los_transition,False,7136,36.45530722158288,-1.4245049213016758,-12.302074481692554,0.1255524051387633,10.488814616078106,71.68393169607907,0.898682735426009,0.8595072502914307,1.3404903798314896,0.46709756799424174,0.9802255269060872,0.999914223114591,0.6618384478711997
harmonic,los_transition,True,64,54.01177824914892,-0.06704956578167176,0.36895904876475305,37.935045034554605,68.26267042732576,69.9790102851853,0.390625,0.46385569141621374,18.636655149050057,0.617366741440425,0.617366741440425,0.617366741440425,0.3381615521288004
hold,scenario,climb_descent,1188,-11.510734891018865,-10.377971343860802,-14.59526727249411,-7.537760825555266,-3.1034657649837483,-2.2984380045330646,1.0,0.9363297130724396,0.1967023407101279,0.007021230779360105,0.007021230779360105,0.07513814893845877,9.040825326072384e-06
hold,scenario,cruise,1206,-12.360180971792412,-11.607600858499843,-17.900903226453824,-7.094139356724055,-4.023126215095959,-3.128407590813254,1.0,0.9443545441821243,0.09762948115538124,0.006947523593435128,0.006947523593435128,0.07242508214174001,7.54734734464048e-06
hold,scenario,highspeed,1206,-7.74593488373042,-6.4485026347276895,-11.954136741369563,-3.505678671416796,2.5697761728417774,3.639951813012725,0.9635157545605307,0.870030237450168,0.38509752043827156,0.011408836646249181,0.011408836646249181,0.1246690773077357,2.183830596628018e-05
hold,scenario,occlusion,1188,38.92690082803402,-6.351416383227507,-3.0914289627232607,5.498763450221062,29.919845597960514,67.69600989218473,0.5892255892255892,0.7447615262998217,2.326506656884547,0.6340076027235676,0.6340076027235676,0.9995648791723306,0.9999347247904216
hold,scenario,sweep_turn,1206,-10.597565746363644,-8.783315892073313,-15.181749939011231,-6.482878659848472,-1.9051945227236433,4.000211334809182,0.9941956882255389,0.9230746794815382,0.19626930275309626,0.023901788564947093,0.023901788564947093,0.15843950049441805,1.132546024999787e-05
hold,scenario,uturn,1206,-9.22829204084962,-9.432724159991556,-13.934380802501956,-4.8202769136934815,-0.5224212553139682,2.725035069261118,0.9958540630182421,0.8993730759153056,0.3093321448859313,0.013001258796025428,0.013001258796025428,0.09452616720592029,1.552327069134668e-05
hold,query_s,0.0099999997764825,1200,-7.601592377204661,-13.968740784491986,-20.1452801780438,-7.524699288728166,5.456744468374721,6.225508236054714,0.9458333333333333,0.94401465197249,0.11730279573965158,0.020115406587523584,0.020115406587523584,0.21564987106413208,2.2464002319375388e-05
hold,query_s,0.0199999995529651,1200,-7.326814912239939,-14.051948014072405,-17.788430551371302,-6.348442230698568,5.580656019335909,7.877207000947505,0.9483333333333334,0.9446970787393123,0.15243953722626727,0.02761982644505293,0.02761982644505293,0.22057563458078583,2.3931222343156692e-05
hold,query_s,0.050000000745058,1200,-6.531979141843709,-13.485054152359531,-16.638878673251174,-5.395868466924854,5.559880850185708,9.476955944266777,0.9325,0.9322862658238349,0.2825772130644267,0.03324392260519913,0.03324392260519913,0.21442454655833584,2.8737465230628116e-05
hold,query_s,0.1000000014901161,1200,7.378627248477283,-11.632661466344578,-14.226347481156804,-5.236466320693202,6.391889528445828,37.499339145653636,0.9225,0.9190301970311945,0.502877404698714,0.8568206873029007,0.8568206873029007,0.9586737760873766,0.0007071460142399135
hold,query_s,0.2000000029802322,1200,20.105455125497148,-8.653965927284403,-11.24337911962188,-2.9550110857078833,7.4566144684324,50.19972670646802,0.9241666666666667,0.8775641473719831,0.817713078347224,0.8516201174758457,0.8516201174758457,0.9976138409035745,0.01324926802049104
hold,query_s,0.5,1200,38.82216646608648,-2.8159974573184647,-5.777474498212289,0.6945984389655522,10.482457991200402,67.69600989218473,0.8733333333333333,0.7017046857540057,1.6183369700212886,0.6429883386617462,0.6429883386617462,0.9999310964582785,0.9859684532753759
hold,query_los,False,664,41.453352244938266,1.8291066691267868,2.187373615897644,6.224769013349065,37.32779110772028,67.69600989218473,0.2876506024096386,0.5956066684296724,3.250921507252435,0.6340123028754647,0.6340123028754647,0.9982327427039149,0.9999273119293898
hold,query_los,True,6536,-9.863140291367072,-8.47983475332108,-14.33789576630919,-5.861749580108924,0.09382367245382496,4.000211334809182,0.9891370869033048,0.9161067325878338,0.31072284548676093,0.003724115305629705,0.02429995091429205,0.15138871921404243,7.268807061020627e-05
hold,los_transition,False,7136,-5.417732306000608,-8.446595424793543,-13.526391758667646,-2.705460828396572,5.779500978719759,14.322651477564685,0.9282511210762332,0.8891441225604082,0.44827249959290066,0.013200291962569255,0.06639132950721124,0.23359654840421362,0.00022087508911198669
hold,los_transition,True,64,51.61258963625634,-1.3971535316587178,-0.004647334368145438,37.41849412564904,65.52054343028216,67.69600989218473,0.5,0.5972495850048745,15.478497528471053,0.634106276024649,0.634106276024649,0.634106276024649,0.9997791249108879
kalman,scenario,climb_descent,1188,-12.540685470083995,-11.391505130251343,-16.12544245459938,-8.851699843020832,-2.872021408263029,0.6085856472361335,0.9991582491582491,0.9636554452104601,0.42099669062233996,0.017382437282599267,0.017382437282599267,0.12547608231280002,2.052720740500866e-06
kalman,scenario,cruise,1206,-14.265482725778957,-13.142722895457082,-20.214122603661217,-9.915264137156289,-5.275916125266717,0.13079719071136833,0.9991708126036484,0.9743207355043781,0.3889261386877545,0.022818163298715936,0.022818163298715936,0.14628725200287068,1.4008157368643324e-06
kalman,scenario,highspeed,1206,-5.718019599704752,-3.9961210352622207,-13.697686622468016,-2.568139615253482,6.9945194272134215,9.22928286347779,0.9411276948590381,0.9015162743613552,0.8674463879040221,0.025904960744835788,0.025904960744835788,0.25701402487852315,1.0025991327357391e-05
kalman,scenario,occlusion,1188,44.33592382820923,-4.0257358885092795,-1.1289227649423648,5.337370867753945,46.441799145797305,70.09863491976274,0.563973063973064,0.692416882219133,4.822454280531785,0.31728874617866454,0.31728874617866454,0.9954490599843515,0.9999788169894666
kalman,scenario,sweep_turn,1206,-10.994174284412972,-8.350192716101414,-17.421874576279667,-8.215566769566001,-2.11556729070126,9.494984047146827,0.9941956882255389,0.9560227229018197,0.4105563183111311,0.09280439104049484,0.09280439104049484,0.3420218324222074,2.975170479209439e-06
kalman,scenario,uturn,1206,-8.982231356975653,-8.754120872614568,-14.386821508223658,-5.29893022125353,0.9799759820960486,6.4552969618295455,0.9825870646766169,0.9256105265166197,0.6107509977356368,0.029000502564609485,0.029000502564609485,0.201063436923928,4.728312249582299e-06
kalman,query_s,0.0099999997764825,1200,14.990774159074213,-15.16470198170646,-17.63395716577765,-6.854941639151529,3.479453153294947,44.22602021386453,0.95,0.9417248556556024,0.7637922507703206,0.6987846548862796,0.6987846548862796,0.9966042428868048,0.00117446651372176
kalman,query_s,0.0199999995529651,1200,15.826155403907299,-14.965751983281326,-17.238081279389355,-6.819821020175913,3.6584845669211896,45.073734290564886,0.9441666666666667,0.9414805370651084,0.7783963192710689,0.7007718414703058,0.7007718414703058,0.9969420613361298,0.0014235697902413836
kalman,query_s,0.050000000745058,1200,27.728730843416646,-14.048169188760582,-16.697882816043645,-5.600775819682705,5.01040186861575,57.018921009593114,0.9341666666666667,0.9329022583533636,0.8080229403445628,0.7076813826990176,0.7076813826990176,0.9997542123547349,0.022061564494410622
kalman,query_s,0.1000000014901161,1200,30.364088781677868,-12.12214261065749,-15.549759928277053,-4.312999051934122,5.5517858842753265,59.64581989508153,0.9275,0.9234602966507737,0.9823354157434854,0.7063043244546988,0.7063043244546988,0.9998321280170884,0.04047362476565778
kalman,query_s,0.2000000029802322,1200,34.10823448334986,-8.533186584492576,-13.096227013296623,-1.102847965523836,7.102877079973147,63.22989742148776,0.915,0.8951117410433229,1.3142593479488762,0.6807459210314198,0.6807459210314198,0.9999026485180507,0.0958487980470377
kalman,query_s,0.5,1200,43.53008043090106,-0.671508068843035,-6.5571848623224085,3.298555426030967,17.141125556266758,70.09863491976274,0.8133333333333334,0.7810895259677196,2.8332784292160067,0.3781587927512228,0.3781587927512228,0.9999553492689873,0.8390179763889308
kalman,query_los,False,664,46.86238748557855,3.1351846621079558,1.6868432835480827,8.178769975989399,59.391135363279105,70.09863491976274,0.2740963855421687,0.5119411337260202,7.472696144339286,0.31729020409244685,0.31729020409244685,0.931973339389611,0.999974222196181
kalman,query_los,True,6536,-8.956481061114886,-7.124996067635174,-15.648279593027492,-6.373460467476914,2.221741608091014,9.494984047146827,0.9790391676866586,0.9423185656194907,0.614172491449189,0.010711109701318361,0.06688567267566864,0.3230546721133047,2.5777803819029578e-05
kalman,los_transition,False,7136,33.59567382209187,-7.085966684447472,-14.797439009862947,-1.400603236609339,7.4335535673193,69.09194617563233,0.9184417040358744,0.9053784010145959,1.1325346600486297,0.4967894838066337,0.9818089859974096,0.9999011476509474,0.5065288665028247
kalman,los_transition,True,64,53.95499802137315,-0.8414165990912206,1.177373888819656,38.92656130295401,67.9071004139009,70.09863491976274,0.421875,0.5959810631705125,13.973973591346294,0.642959645479705,0.642959645479705,0.642959645479705,0.4934711334971754
latent_ode_seed17,scenario,climb_descent,1188,-3.0735720375202598,-3.251660128721307,-3.668031237604428,-0.46015756862634805,-0.12722049863302737,-0.01013192883656819,1.0,0.5187957525936893,5.005592029554274,0.0017042275049897217,0.0017042275049897217,0.020045787740834257,0.0013989637779992347
latent_ode_seed17,scenario,cruise,1206,-3.4753275133833905,-3.3675293962929063,-3.8868316805879424,-0.9062410661229643,-0.2479881917294993,-0.12633576551552594,1.0,0.5616121085369913,3.973597308247046,0.0017928826602233024,0.0017928826602233024,0.021255114493291948,0.0012946780631821217
latent_ode_seed17,scenario,highspeed,1206,-1.4825297977943381,-1.2890025346602563,-1.0100703912622173,-0.0013557303172616916,0.13808036809934626,1.155084458880966,0.9029850746268657,0.3020940268900723,8.147595771197631,0.0015219981265780873,0.0015219981265780873,0.015893614201909885,0.0020485263801548466
latent_ode_seed17,scenario,occlusion,1188,25.43121614698903,-1.385633030096207,-0.08839930089819545,0.22414917943505763,30.092844630801096,52.181183894905075,0.5892255892255892,0.19869876838687517,14.446912132931077,0.3982725127974723,0.3982725127974723,0.9899387132586173,0.9914830368662672
latent_ode_seed17,scenario,sweep_turn,1206,-1.2553001496124814,-0.6474224817579695,-0.3810573743543038,0.05756947125647834,0.15142691904759767,0.178816536386445,0.7189054726368159,0.2727603823824246,9.849018401184635,0.0011536242078877966,0.0011536242078877966,0.013800144512250818,0.0021585619924888145
latent_ode_seed17,scenario,uturn,1206,-2.511905924283948,-2.0772898806616387,-3.3359920407233945,-0.16510301194464322,-0.11058023569486965,0.31261908089447776,0.9958540630182421,0.4549704619805339,5.475723123798189,0.001588931565328005,0.001588931565328005,0.01781326183873032,0.001616232919907807
latent_ode_seed17,query_s,0.0099999997764825,1200,4.396502585515502,-1.850286800787872,-2.463737758663083,0.016525082573446995,0.19267493665316926,33.74112915744479,0.8758333333333334,0.4008121024892523,7.6883501332315305,0.7166076022600603,0.7166076022600603,0.7785263294019488,0.00789184846515277
latent_ode_seed17,query_s,0.0199999995529651,1200,4.30269581460069,-1.8507522916802264,-2.484793298144585,0.011174820516598735,0.2962958561643297,33.62149303871121,0.8808333333333334,0.40115769788334676,7.702088662038247,0.7123582795625277,0.7123582795625277,0.7738569782782447,0.007723213853491196
latent_ode_seed17,query_s,0.050000000745058,1200,12.785634320022846,-1.8353103572748806,-2.4748851083730807,0.017644329009088973,0.28910109142656426,43.10584625576075,0.8733333333333333,0.3994926578906377,7.726207794851313,0.8970981220180563,0.8970981220180563,0.9678053383856079,0.05446178997516961
latent_ode_seed17,query_s,0.1000000014901161,1200,12.259011555157123,-1.8021212619198754,-2.365980172584147,0.016985780440616376,0.5860201374072248,42.464807406417926,0.8791666666666667,0.3961250406730473,7.824616146286329,0.8737724334448106,0.8737724334448106,0.9634356527357076,0.04824248100790482
latent_ode_seed17,query_s,0.2000000029802322,1200,12.68569256931042,-1.6955835590144,-2.1821645890445507,0.012726550216272841,0.8063656375656778,41.149540827089375,0.8766666666666667,0.3841125896765258,7.919817271345334,0.5850642744005534,0.5850642744005534,0.9662363034442875,0.05322280212402512
latent_ode_seed17,query_s,0.5,1200,24.6074194603925,-1.166721191978882,-1.4743155196548452,0.05161343367721133,1.1630261485936702,52.181183894905075,0.8233333333333334,0.32801365184692116,7.980063390557382,0.4766451709547421,0.4766451709547421,0.9976145205501975,0.8284578645742565
latent_ode_seed17,query_los,False,664,27.953942827211904,-0.06493226225466692,0.05177581342819669,0.47762080404851837,38.38181825788161,52.181183894905075,0.286144578313253,0.05449997592592704,18.265665408178986,0.39861719374718385,0.39861719374718385,0.9558928255366713,0.9906257097862248
latent_ode_seed17,query_los,True,6536,-2.2172088201707147,-1.6931047457920556,-2.7275017149994496,-0.04834741893080188,0.1142809452884825,1.155084458880966,0.9273255813953488,0.41852333300747574,6.744334493106076,0.000332596201071297,0.0021607921303341544,0.017501005155546544,0.009374290213775198
latent_ode_seed17,los_transition,False,7136,10.030938217176073,-1.6931802265069116,-2.185539628477682,0.017389244172648564,0.3124027402990593,43.10584625576075,0.8710762331838565,0.3863631741288827,7.708302737572901,0.28446966576217303,0.8936456931986503,0.9380731635193926,0.17174966398460623
latent_ode_seed17,los_transition,True,64,37.33634413778375,-0.22201057724779127,-0.12804450293657643,20.802828357668627,51.9130586993674,52.181183894905075,0.546875,0.22763871824953696,18.795683478936553,0.47676460040875596,0.47676460040875596,0.47676460040875596,0.8282503360153938
latent_ode_seed29,scenario,climb_descent,1188,-3.8872208838570703,-3.7746000510907245,-5.745233652566814,-0.4723108733252098,-0.09868412581312602,0.008497809962489177,0.9991582491582491,0.6017930774129489,4.3404903813745035,0.0020642173723773435,0.0020642173723773435,0.02432884572184618,0.001303204485958496
latent_ode_seed29,scenario,cruise,1206,-4.34150450967723,-4.163983579439786,-5.367846982662386,-1.3299641340474444,-0.1815243724840278,-0.028419279693441345,1.0,0.640665548699128,3.2008376665178617,0.0022385212177977285,0.0022385212177977285,0.02621563285531535,0.0011915576817815563
latent_ode_seed29,scenario,highspeed,1206,-1.657217504089994,-1.4006662029451655,-1.3702850421282207,-0.02810062753274292,0.2689324176137917,1.520734610278152,0.9519071310116086,0.3303180309958527,7.792679241632542,0.001723645316478196,0.001723645316478196,0.017514077776142476,0.0022107710628274046
latent_ode_seed29,scenario,occlusion,1188,24.924980901261783,-1.4721882205097356,-0.1014098211134324,0.25160734047593697,30.530030212805016,51.54966787170249,0.5959595959595959,0.2041275473293675,14.074325355164932,0.38694768825927306,0.38694768825927306,0.9882429225610979,0.9913630885377933
latent_ode_seed29,scenario,sweep_turn,1206,-1.482511340555969,-0.733233755844479,-0.3315346223008224,0.03184873924922946,0.1019204920476815,0.332882817157385,0.8565505804311775,0.30241311467861537,9.598727892914395,0.0012594824142663644,0.0012594824142663644,0.014416784924356104,0.0023015180631445146
latent_ode_seed29,scenario,uturn,1206,-2.981151754660838,-2.3995932459596094,-4.327396326002609,-0.17697161882433826,-0.03351719226197243,1.0358597312938236,0.9900497512437811,0.5113534072821784,4.9020866615304675,0.002090999075449951,0.002090999075449951,0.0222313736758161,0.0016298601684947552
latent_ode_seed29,query_s,0.0099999997764825,1200,4.2118520169582565,-2.124841490297792,-3.048864744319343,-0.02478881132928502,0.18375719508130128,33.59067506182513,0.9175,0.450080433123112,7.200077027703325,0.722272464593481,0.722272464593481,0.7887854613726629,0.008497372595202455
latent_ode_seed29,query_s,0.0199999995529651,1200,4.136889448933182,-2.123728712805155,-2.966463759707134,-0.025504574951286958,0.27492029677256197,33.49590046148285,0.92,0.4504016681403421,7.21011909895887,0.7189850418922868,0.7189850418922868,0.7852492995413449,0.008351959985323633
latent_ode_seed29,query_s,0.050000000745058,1200,12.69629754588134,-2.1058426201103075,-2.8092078823269775,-0.017316960793086835,0.30537271546024447,43.00096277393364,0.9083333333333333,0.4486523860173323,7.231028234275679,0.8938924656535256,0.8938924656535256,0.9699407334502307,0.05994172192708083
latent_ode_seed29,query_s,0.1000000014901161,1200,12.193674879358001,-2.061564595953522,-2.752984162804219,-0.012158843873887654,0.538666244810518,42.36295763293019,0.9066666666666666,0.4445764497478679,7.319503997446348,0.8664570291817365,0.8664570291817365,0.9659895496376173,0.053390863886138853
latent_ode_seed29,query_s,0.2000000029802322,1200,12.836232723515032,-1.9225600873421147,-2.6085109438018526,-0.009030019978370557,0.8866354153899553,41.073440755321464,0.9091666666666667,0.43112557015490743,7.406999617740512,0.5553151949592019,0.5553151949592019,0.9699824533073805,0.06190457301271997
latent_ode_seed29,query_s,0.5,1200,23.992654097036414,-1.2612301239172155,-1.87173445691702,0.06336495154913294,1.5277330598851881,51.54966787170249,0.835,0.3666987634753847,7.4847427229575505,0.47481029993306656,0.47481029993306656,0.9974030619928314,0.8079135085935343
latent_ode_seed29,query_los,False,664,27.447348510655864,-0.05389029745189959,0.050859470079423444,0.515406614858505,37.563712727271685,51.54966787170249,0.29518072289156627,0.05396569237152366,17.90115241688418,0.3873145897564864,0.3873145897564864,0.9563940074023473,0.9904239744143225
latent_ode_seed29,query_los,True,6536,-2.630449597506337,-1.9217100630591175,-3.309264226637234,-0.07859717321262616,0.09939233940914718,1.520734610278152,0.9608323133414932,0.4703196305165306,6.2326498828163475,0.0003979297208590726,0.0025719131340611115,0.01982956945772266,0.009576025585677486
latent_ode_seed29,los_transition,False,7136,9.79970375286352,-1.9218486574445495,-2.660277260708153,-0.0028047441384427287,0.3892216989843762,43.00096277393364,0.9024663677130045,0.4338092211036757,7.206941879104751,0.29286741959964147,0.8896863310937554,0.9399241271321364,0.18295464098452377
latent_ode_seed29,los_transition,True,64,36.77147979475879,-0.2111360421988882,-0.10149646890188609,20.30119840944196,51.356658931254735,51.54966787170249,0.5625,0.22155817179540804,18.659806087613106,0.46950349953337905,0.46950349953337905,0.46950349953337905,0.8170453590154763
latent_ode_seed43,scenario,climb_descent,1188,-3.6052082086793935,-3.6056106818803153,-4.913048357912116,-0.3052070808889401,-0.18123771733280034,0.07038312648820673,0.9991582491582491,0.5767169969790593,4.576373780315572,0.0019621973862373235,0.0019621973862373235,0.02254745008911416,0.0012599461311162542
latent_ode_seed43,scenario,cruise,1206,-3.679532135753687,-3.747199532393954,-4.25417055909789,-1.0246824310398241,-0.21774141868899233,-0.11608334412559582,1.0,0.5822167685178185,3.796529855647095,0.0018836385558647676,0.0018836385558647676,0.02222376367988137,0.0012573333981804832
latent_ode_seed43,scenario,highspeed,1206,-1.5209890023996662,-1.4120664607064015,-0.9461951887366004,-0.0014687593179347545,0.29900154021507847,1.3921826511599547,0.9021558872305141,0.3088609221007359,8.062667567169395,0.001621697538640315,0.001621697538640315,0.016917008156781883,0.0020668300398995173
latent_ode_seed43,scenario,occlusion,1188,25.355919482527625,-1.5531772499507015,-0.1128322809350575,0.2596452583995091,29.295921633173492,52.33504592716954,0.5917508417508418,0.216353023410417,13.947431633970151,0.4198519782427085,0.4198519782427085,0.9905890925042274,0.9918928196839055
latent_ode_seed43,scenario,sweep_turn,1206,-1.572091282483401,-0.8292180885493692,-0.31677403702652707,-0.028908897951122475,0.11978694626100635,0.21028658024418573,0.9253731343283582,0.3156404929518664,9.680039974233788,0.0012499437763403645,0.0012499437763403645,0.01480228257172434,0.0020426527218757587
latent_ode_seed43,scenario,uturn,1206,-2.970193010555124,-2.4382914237207927,-4.255718746693272,-0.20556173884926315,-0.08721665002522401,0.996851736404583,0.9958540630182421,0.5088081160547895,4.923325297315365,0.0020670794378956623,0.0020670794378956623,0.02007174385032094,0.0014804180250224484
latent_ode_seed43,query_s,0.0099999997764825,1200,3.7319350545331416,-2.0962293344719285,-2.7576950549943287,-0.05266421743011424,0.20447570483366403,32.923627092980496,0.9175,0.433431242264384,7.367546390046676,0.6918117879595368,0.6918117879595368,0.7568768206493645,0.006893362369162131
latent_ode_seed43,query_s,0.0199999995529651,1200,3.6385843098687394,-2.0976540256009635,-2.7595872941560002,-0.05749856820666846,0.3476149805800427,32.803496366474484,0.9183333333333333,0.4341284113859183,7.380122722579787,0.6875589815513762,0.6875589815513762,0.7517368870870569,0.006746772010377772
latent_ode_seed43,query_s,0.050000000745058,1200,11.92925221425556,-2.0847667154640974,-2.6897260855493395,-0.03433823871495383,0.39491655740869,42.20364883146611,0.9075,0.4328358860450377,7.404731262139976,0.8876840483071322,0.8876840483071322,0.9630597662547987,0.04551586755233996
latent_ode_seed43,query_s,0.1000000014901161,1200,11.349534029584971,-2.049623306893817,-2.6000736919717946,-0.012818370714952503,0.5689625574750866,41.45768266879605,0.905,0.4302676666933288,7.501790085904456,0.8543456605464373,0.8543456605464373,0.9575145478372934,0.03982823000873291
latent_ode_seed43,query_s,0.2000000029802322,1200,12.214416293547183,-1.9248653268476235,-2.3890695051071207,-0.013653534330383738,0.7980468944405229,39.825274382030926,0.9133333333333333,0.4187722485866887,7.599122290952752,0.48073369451956094,0.48073369451956094,0.9645078849915026,0.048604808113020335
latent_ode_seed43,query_s,0.5,1200,24.654114214929862,-1.2871319458801773,-1.748296638555227,0.0444034682367027,1.4000286221461375,52.33504592716954,0.8558333333333333,0.35980779633356025,7.680130116356692,0.4885532708017134,0.4885532708017134,0.9977447501459352,0.852410959946367
latent_ode_seed43,query_los,False,664,27.8787705585299,-0.06936752762073178,0.049640960961042466,0.5026673840251269,36.79838669962298,52.33504592716954,0.2876506024096386,0.05901613274090363,17.77224748016122,0.4202032987903223,0.4202032987903223,0.9689062649366784,0.9910635250791541
latent_ode_seed43,query_los,True,6536,-2.502021601332344,-1.9132688422524762,-3.1852393415020144,-0.16224645713405636,0.07685088035796057,1.3921826511599547,0.965422276621787,0.4546978564000522,6.444210390873525,0.0003750665914894824,0.0024677889965382493,0.01896242394299157,0.008936474920845892
latent_ode_seed43,los_transition,False,7136,8.86935384321536,-1.913368072346961,-2.4800891927508046,-0.006937411982379248,0.39406868207657886,42.20364883146611,0.906109865470852,0.41986281368575995,7.389283153973676,0.3019775501208465,0.8764950105065292,0.9236266595118172,0.13379706390393417
latent_ode_seed43,los_transition,True,64,37.45383319988659,-0.23914496243824807,-0.1543392488616816,21.13576737681853,52.056716850802104,52.33504592716954,0.546875,0.23360723607997613,18.59698210656643,0.4807743603663332,0.4807743603663332,0.4807743603663332,0.8662029360960658
linear,scenario,climb_descent,1188,-12.31471377649944,-11.19479232555529,-15.969115840343132,-8.669462058946538,-2.6354827245265295,0.6182216674991573,0.9991582491582491,0.9630500391777919,0.46676012983940374,0.016537775944034255,0.016537775944034255,0.12551258860015085,1.3695233569611408e-06
linear,scenario,cruise,1206,-14.053097985800635,-12.957114119131724,-20.037262584289103,-9.68193759131698,-5.0163063480728995,0.6854327906064199,0.9991708126036484,0.9739306110450087,0.4387064303734238,0.02468912905528699,0.02468912905528699,0.1290182710631849,9.316695245390446e-07
linear,scenario,highspeed,1206,-5.19572259805418,-3.500696780546072,-13.285027513072212,-2.0256123813014835,7.446557593684409,9.816071560396244,0.9295190713101161,0.8949830164838295,0.9693707264541113,0.02629251364889421,0.02629251364889421,0.25641820990661945,7.161424677658166e-06
linear,scenario,occlusion,1188,46.31952767388423,-3.720519059348915,-0.792320476430018,5.790152375962369,48.875711635455936,71.7190981296726,0.5580808080808081,0.6747741317361949,5.144137070740233,0.2918371697986105,0.2918371697986105,0.9953398535108535,0.9999852370881938
linear,scenario,sweep_turn,1206,-10.66501570212456,-8.037284184954062,-17.242275686654757,-7.957146916770301,-1.895747038255987,9.615701083052127,0.9933665008291874,0.9537459239156764,0.4597878148713512,0.08845540406801787,0.08845540406801787,0.331309434228189,2.0326851671540085e-06
linear,scenario,uturn,1206,-8.603415940734589,-8.286392987349776,-13.895068352859424,-5.1782531750424745,1.5795426120907545,7.323415322209685,0.9800995024875622,0.9234209887182979,0.6743882712240101,0.03245905101582023,0.03245905101582023,0.21511405748793783,3.2676090799707365e-06
linear,query_s,0.0099999997764825,1200,17.84136841371716,-14.863028706531447,-17.24391615929811,-6.6383282207087095,3.6178102955019584,46.87646582963707,0.9475,0.9382716522232143,0.8279110309009048,0.6673113252776118,0.6673113252776118,0.998137186214115,0.001433977932057473
linear,query_s,0.0199999995529651,1200,18.680773681516307,-14.62521476151766,-16.87246761338868,-6.389335479240406,4.101748958313483,47.721568721065935,0.9425,0.9380247010847029,0.8529686700908496,0.6681873630941196,0.6681873630941196,0.998327510165762,0.0017397345752646963
linear,query_s,0.050000000745058,1200,30.5975239024103,-13.532513204272716,-16.494924205570626,-5.332936348114467,5.5670105378598675,59.66145664846947,0.9325,0.9297355966780378,0.90769493435461,0.6717567337875333,0.6717567337875333,0.9998665802965809,0.027049423703269636
linear,query_s,0.1000000014901161,1200,33.23130422497257,-11.519167539262781,-14.976785634254007,-3.92778641642678,6.757967707818262,62.283054105755795,0.9241666666666667,0.9190767173568747,1.0976235864992971,0.6698749567792183,0.6698749567792183,0.9999085903713814,0.04960621017780015
linear,query_s,0.2000000029802322,1200,36.94692775116026,-7.844893345658662,-12.684984129519872,-0.5805450085711866,7.807669511540565,65.86198797425477,0.9091666666666667,0.888541909113604,1.4603373223394738,0.6491196799970039,0.6491196799970039,0.9999468746819343,0.11670740205549926
linear,query_s,0.5,1200,45.32560391470702,-0.30459687492888626,-6.293569452521083,3.3019054700908734,17.827282234324272,71.7190981296726,0.8075,0.7726062956120396,2.9632171935262157,0.363218679718087,0.363218679718087,0.9999695734569194,0.8034632515561088
linear,query_los,False,664,48.84599742976871,3.3221828709710537,1.631044701927514,8.336695855071065,61.55261753469076,71.7190981296726,0.2680722891566265,0.48593608348044737,7.927636714372363,0.29183810095507984,0.29183810095507984,0.9232435280722451,0.9999820464742208
linear,query_los,True,6536,-8.5438667436304,-6.699666905608669,-15.282889784623926,-5.9936777367618586,2.5953330764743567,9.816071560396244,0.9758261933904528,0.9395420267826119,0.6835606650719663,0.01048773697154864,0.06625603174095225,0.32459949283221573,1.7953525779074876e-05
linear,los_transition,False,7136,36.480519683564864,-6.664040078911696,-14.509223926708358,-1.0303094793533243,7.673473375541065,71.7190981296726,0.9152186098654709,0.9007307042433238,1.2300215532193806,0.468169377208296,0.9804066030769225,0.9999462842531224,0.623348889610031
linear,los_transition,True,64,54.765348976447335,-0.46405839207424465,0.819283552181101,39.0942185058524,68.99141548484268,70.87583811448998,0.390625,0.5608428281532696,14.9104606481269,0.6380709018729269,0.6380709018729269,0.6380709018729269,0.37665111038996907
neural_flow_seed17,scenario,climb_descent,1188,-0.8885935026694075,-1.0428955249574363,-0.6502571118755422,-0.07221922920418218,-0.0005410763281474318,0.2369529164258618,0.98989898989899,0.2008194579378659,11.00227955977122,0.0010907825993464004,0.0010907825993464004,0.012672317595270897,0.02312131968912617
neural_flow_seed17,scenario,cruise,1206,-0.9441545265768572,-0.7566033086048753,-0.793245899533878,-0.07645223587639075,0.00841529101650144,0.09857465886504461,0.9859038142620232,0.21438618493172287,10.895471546385023,0.0010542063084559056,0.0010542063084559056,0.012498932270820348,0.023173273284123472
neural_flow_seed17,scenario,highspeed,1206,-0.26214226013661796,-0.22417531683876085,-0.0894913052014851,-0.0036623374019978706,0.1166723846716445,0.3739516196423618,0.9228855721393034,0.07199859748634868,18.402988520427723,0.0009599797679709365,0.0009599797679709365,0.011089207021073091,0.027113688980245507
neural_flow_seed17,scenario,occlusion,1188,14.878629949103033,-0.5083387392155126,-0.020271035847105004,0.05504979005074657,25.02163283736469,39.58463184893872,0.6304713804713805,0.09341837787171395,22.45657192841674,0.24876183362375312,0.24876183362375312,0.9495003291357145,0.8724387839475312
neural_flow_seed17,scenario,sweep_turn,1206,-0.16026236624149717,-0.09173028942160948,-0.07823370182820068,0.04136925031719459,0.10215023045802007,0.11103568996090277,0.7844112769485904,0.06646627516869881,19.498511423519002,0.0008826377494668889,0.0008826377494668889,0.010578238113003272,0.02775726037950721
neural_flow_seed17,scenario,uturn,1206,-0.3787008463728517,-0.3300249332700844,-0.281814845795841,-0.03475770514499993,0.10251286674453805,0.2960181537123828,0.9626865671641791,0.11492859178192026,15.14538943036081,0.000968555679683123,0.000968555679683123,0.01133949256467801,0.02639567371946644
neural_flow_seed17,query_s,0.0099999997764825,1200,1.565514889556932,-0.4345043281027471,-0.2524505794626648,0.0033439559756292623,0.08983435204373416,27.815988880763257,0.8891666666666667,0.13108181229214394,15.712550248404344,0.3514521084258989,0.3514521084258989,0.3852826940305611,0.041094931719108066
neural_flow_seed17,query_s,0.0199999995529651,1200,1.5414134777223394,-0.43335739759797887,-0.2520547063456942,0.0027917325511865707,0.09248503654714257,27.752771244466487,0.8858333333333334,0.13126991032079025,15.751878586014112,0.34830084703805786,0.34830084703805786,0.3817851690785412,0.04086750477157143
neural_flow_seed17,query_s,0.050000000745058,1200,7.595416222497121,-0.4291104628967895,-0.24770522254295396,0.0031040676541327574,0.0972092527704709,37.33264052314857,0.8875,0.13081394554064515,15.8578284740448,0.7844065003920022,0.7844065003920022,0.8464792534322346,0.16473216131259671
neural_flow_seed17,query_s,0.1000000014901161,1200,7.214318614589744,-0.41743766446992764,-0.2467029884783498,0.003581089397164429,0.13144505061264697,36.83653531170575,0.885,0.12986327355009655,16.056117219366133,0.7639068839010436,0.7639068839010436,0.832054830756725,0.1508928410722086
neural_flow_seed17,query_s,0.2000000029802322,1200,6.974650357904056,-0.39428874163232897,-0.2340133412492418,0.006621963946615259,0.1503414891138147,35.95586471589408,0.8766666666666667,0.12643939108418858,16.442273385226727,0.6590831212613829,0.6590831212613829,0.8215872228469185,0.14279132055077573
neural_flow_seed17,query_s,0.5,1200,12.051633163923485,-0.3074271902863807,-0.1757627846254085,0.018070468250954968,0.3821736651230017,39.58463184893872,0.8541666666666666,0.11194567227915357,17.565687785545986,0.4721919973679851,0.4721919973679851,0.9435435285258451,0.4596212405737395
neural_flow_seed17,query_los,False,664,17.350493941172488,-0.02314470396921072,0.012228126206081123,0.09160816525223073,28.88757470538667,39.58463184893872,0.34036144578313254,0.015654035897857937,25.74874169323369,0.25191017604528854,0.25191017604528854,0.8900424116472176,0.8615351512447341
neural_flow_seed17,query_los,True,6536,-0.5202803606276062,-0.4025317412576718,-0.27216098895800683,-0.010316801083862731,0.0905078975323749,0.3739516196423618,0.934516523867809,0.1382041808819223,15.26414295502071,0.00018797978757841477,0.0012960298605822962,0.011593865949124134,0.13846484875526593
neural_flow_seed17,los_transition,False,7136,5.443156981528682,-0.40257019131764216,-0.24202575878543217,0.0048410832103456146,0.11601542647323368,37.33264052314857,0.8814461883408071,0.12735626515464582,16.144806081009403,0.2165177537064661,0.7058868285100975,0.7468372989963602,0.5967962254605905
neural_flow_seed17,los_transition,True,64,24.21289086880694,-0.05253191053735663,-0.0050925542695181,11.867674761625004,38.51406099532409,39.58463184893872,0.6875,0.076289030263581,25.847916316241026,0.538262499817081,0.538262499817081,0.538262499817081,0.4032037745394094
neural_flow_seed29,scenario,climb_descent,1188,-0.848287574230395,-1.006623537008641,-0.289094628623177,-0.06162235438694569,0.0068496658926209385,0.5991762564768867,0.9856902356902357,0.20284974482454327,12.994009332223373,0.0011747080433573832,0.0011747080433573832,0.012595868301937756,0.005306679799483152
neural_flow_seed29,scenario,cruise,1206,-0.7160340235516361,-0.5435243081864715,-0.6983884556098741,-0.06369254656923161,-0.03992137844948422,0.039905697033359035,0.9991708126036484,0.1860587825067341,12.989008412432314,0.0009868398173978525,0.0009868398173978525,0.011662711782325141,0.005553657664383581
neural_flow_seed29,scenario,highspeed,1206,-0.15815026772765883,-0.14724042603668716,-0.08203188468084466,-0.013138084518555316,0.2057690596051343,0.4022267440767919,0.9427860696517413,0.05905527373212419,20.635238930558288,0.000943388099282865,0.000943388099282865,0.0110606249265527,0.00631491459330544
neural_flow_seed29,scenario,occlusion,1188,21.77258815658663,-0.4926350045008058,-0.019409116864354634,0.06484592018510289,26.81001639801945,49.8912159497857,0.57996632996633,0.0919304049087065,20.470024256386893,0.5458160958750385,0.5458160958750385,0.9859662010867808,0.9703098867434847
neural_flow_seed29,scenario,sweep_turn,1206,-0.17057636651341807,-0.10039471720030055,-0.07955607709942861,0.02008036392423152,0.06499531025180161,0.11501707206971934,0.7868988391376451,0.06899956773626131,19.773490029583325,0.000885547856270546,0.000885547856270546,0.010553397763928994,0.006296872089106363
neural_flow_seed29,scenario,uturn,1206,-0.22532550930624456,-0.20070112151605754,-0.24139096944076105,-0.022054186892729952,-0.005010024468594961,0.17523834283789605,0.9933665008291874,0.07804165527818775,18.805286928591247,0.0009093039494796676,0.0009093039494796676,0.010609355642021884,0.006217989110236693
neural_flow_seed29,query_s,0.0099999997764825,1200,2.1864962015295153,-0.36340513713281897,-0.2520135573644431,0.005133672629161255,0.08896853029136989,29.168272990147894,0.8875,0.11834873911775347,17.0528295926253,0.4159071943227669,0.4159071943227669,0.4560688413339752,0.010781174277039661
neural_flow_seed29,query_s,0.0199999995529651,1200,2.179279522180602,-0.36317753832718297,-0.25134590104846266,0.00823402285498903,0.09042622756850671,29.15727332064122,0.8883333333333333,0.11857233816889755,17.093666634956996,0.4155450695821606,0.4155450695821606,0.4550846570517422,0.01076327405655851
neural_flow_seed29,query_s,0.050000000745058,1200,8.890399975122875,-0.3577543087167128,-0.24783402947489933,0.007417757335297436,0.10398345441184928,38.80774694664387,0.88,0.11790148339692522,17.204870116710662,0.8176236613692143,0.8176236613692143,0.8836548013606094,0.050472689096587746
neural_flow_seed29,query_s,0.1000000014901161,1200,8.736258798394472,-0.34873538368773943,-0.24229426195931672,0.00666517912711737,0.20618902816507576,38.466056357119996,0.88,0.11700318784694062,17.435392412344616,0.7830662562388306,0.7830662562388306,0.8792200695215915,0.04871271393516662
neural_flow_seed29,query_s,0.2000000029802322,1200,10.300123135168459,-0.3275115430307443,-0.22865664660576124,0.003398584717951964,0.40228743303337045,37.816394108451014,0.8858333333333334,0.11379019029276355,17.845164963404336,0.4703767545391634,0.4703767545391634,0.9153725770239608,0.06982786438833949
neural_flow_seed29,query_s,0.5,1200,20.941694413572147,-0.2515700412514523,-0.15780313911718818,0.00750959809574437,0.5997636085068707,49.8912159497857,0.8691666666666666,0.1003324650622107,19.06150895535325,0.6542909414034548,0.6542909414034548,0.9925913807864429,0.8094422842463079
neural_flow_seed29,query_los,False,664,24.28793055408841,-0.006924178892902878,0.016225522803515663,0.1374893894372615,36.5127909889991,49.8912159497857,0.24246987951807228,0.013326961457204663,23.433628634863858,0.5472181080110022,0.5472181080110022,0.9496576426864348,0.9678238830514568
neural_flow_seed29,query_los,True,6536,-0.42613612006025864,-0.33523339716642053,-0.2540142606371803,-0.014527661629424631,0.05150195395653191,0.5991762564768867,0.9467564259485924,0.12458521760327503,17.02450884285872,0.0001937399548225243,0.0012900359774838316,0.011331639144906612,0.03217611694854313
neural_flow_seed29,los_transition,False,7136,6.909197965914999,-0.3352127562889524,-0.23358021915377658,0.005281149254455494,0.13814087580353873,38.80774694664387,0.8843890134529148,0.11470941859217947,17.566823083421866,0.21697018370937546,0.7720130525815401,0.8157155570252053,0.19019970464503452
neural_flow_seed29,los_transition,True,64,33.67362756606381,-0.06071277933571057,-0.005917549729376179,11.786730116978099,47.84982994892588,49.8912159497857,0.59375,0.07143239982494973,23.051088862121105,0.654001680672556,0.654001680672556,0.654001680672556,0.8098002953549654
neural_flow_seed43,scenario,climb_descent,1188,-0.8277157686531267,-0.9749841917280768,-0.32180137420910604,-0.0453209601148868,0.01928826898070504,0.8011457058459912,0.9797979797979798,0.2024440785631295,12.690769752468725,0.0012248127731035873,0.0012248127731035873,0.012985377897865828,0.033410344278286166
neural_flow_seed43,scenario,cruise,1206,-0.7792000047588733,-0.6115758680363952,-0.7107549133694462,-0.028232071972861233,0.11836384413601776,0.6631875633392382,0.9436152570480929,0.1883559730724895,12.311119515306716,0.0011558233104738758,0.0011558233104738758,0.012746412267965513,0.0342975734166773
neural_flow_seed43,scenario,highspeed,1206,-0.14736249244275224,-0.13716963568109028,-0.03409666468484502,0.031015825142701615,0.3930362238937056,1.7323856117423815,0.7446102819237148,0.054362081102329596,19.09094998373914,0.0012782844404113432,0.0012782844404113432,0.012713832349756671,0.03966862486244912
neural_flow_seed43,scenario,occlusion,1188,13.051810354192765,-0.24234358601972897,-0.03396608619708155,0.08545017950606097,22.9445138017623,37.63475813632019,0.6296296296296297,0.10774270872926066,24.357757122127296,0.24181227199427405,0.24181227199427405,0.9317889662242993,0.8162694883658402
neural_flow_seed43,scenario,sweep_turn,1206,-0.26308358082305705,-0.13751148795365228,-0.04387157857622871,0.04639804103134876,0.1828393892465133,0.2056569495369255,0.7313432835820896,0.07445939253768774,15.976107315044498,0.0009236910704943796,0.0009236910704943796,0.011050869562281745,0.038625582043827184
neural_flow_seed43,scenario,uturn,1206,-0.36515156286306033,-0.29805782610009224,-0.3636629804368725,-0.013308284469201051,0.17919523285520778,0.6056432927147952,0.9419568822553898,0.09883506539339178,13.820448319908003,0.0010368887863954654,0.0010368887863954654,0.01172869499330402,0.03772838703292001
neural_flow_seed43,query_s,0.0099999997764825,1200,0.834451177260585,-0.3940112083705982,-0.23655024698490418,0.0180220044311761,0.1510660892501957,25.27148964966985,0.845,0.12402182914051797,15.817008259097735,0.23148486503146048,0.23148486503146048,0.260832218971158,0.04948373253916934
neural_flow_seed43,query_s,0.0199999995529651,1200,0.8108687738317852,-0.39303469175176564,-0.2350227612145877,0.015579449350207357,0.17218978672467047,25.178452020620277,0.8466666666666667,0.12470437475412983,15.860524285634359,0.22781225274104228,0.22781225274104228,0.2568806534695404,0.04921576164982264
neural_flow_seed43,query_s,0.050000000745058,1200,5.551102383624128,-0.3850284721908792,-0.2201259328612546,0.014207546378711453,0.15448090637314094,34.70928194969144,0.845,0.1243826635129433,15.973817395965257,0.6864939442489081,0.6864939442489081,0.7503474419925885,0.14659784004079718
neural_flow_seed43,query_s,0.1000000014901161,1200,5.124051135435938,-0.3730255371925251,-0.19977459127780092,0.01770006720210762,0.19231348613740312,34.06697656810259,0.8375,0.12384145105368433,16.18606031457583,0.6532979527236716,0.6532979527236716,0.724114644675782,0.13286862682844236
neural_flow_seed43,query_s,0.2000000029802322,1200,4.814595766000016,-0.3407101474285554,-0.1657348150493138,0.020179306373343878,0.3812845604740484,32.92952355557898,0.8333333333333334,0.12089147556667963,16.595002759198348,0.5398977690679788,0.5398977690679788,0.7025454903449116,0.12373054039976902
neural_flow_seed43,query_s,0.5,1200,10.863022589735545,-0.2388218335793749,-0.09414921099369962,0.04362195830143434,1.4024980952629087,37.63475813632019,0.7641666666666667,0.10733570005793917,17.75024685104688,0.3962710162026784,0.3962710162026784,0.9249577753902993,0.4981034985419995
neural_flow_seed43,query_los,False,664,15.48829070434431,0.00015003087864693185,0.014589648645399364,0.14471634456296026,27.230421728899024,37.63475813632019,0.34186746987951805,0.02369774898307741,24.60523572474359,0.24687588158847007,0.24687588158847007,0.8868686144865132,0.7995271886071756
neural_flow_seed43,query_los,True,6536,-0.45092649728585477,-0.353672463307952,-0.25407518933021817,0.0053775855036290515,0.18386517729451812,1.7323856117423815,0.8780599755201959,0.13073404032715877,15.526517031424778,0.0002529409628262353,0.0015465982741292336,0.012180682070235892,0.20047281139282436
neural_flow_seed43,los_transition,False,7136,3.6804238528288518,-0.35371780409389,-0.1931980513559286,0.020374092732863103,0.20725107969159268,34.70928194969144,0.8312780269058296,0.12138567436373932,16.292759012798424,0.17759509561007372,0.5724491891742458,0.6146448964858626,0.5666740350135482
neural_flow_seed43,los_transition,True,64,22.98798651763438,-0.022339491647216846,-0.004586048939275165,9.435783627820534,37.53822626780193,37.63475813632019,0.53125,0.0625753225535845,24.28224255144596,0.455509236672487,0.455509236672487,0.455509236672487,0.43332596498645176
tpatchgnn_seed17,scenario,climb_descent,1188,-0.14447951779852547,-0.1635867358523277,-0.13241342881356355,-0.04469304200678786,0.038192977640534094,0.07857922101157606,0.9343434343434344,0.05338688163236595,19.634516603617556,0.0008861136634776293,0.0008861136634776293,0.01057789768013591,0.004695814197796742
tpatchgnn_seed17,scenario,cruise,1206,-0.13832595879818732,-0.110655215093291,-0.15655642146050394,-0.009366446890028064,0.10667185312662575,0.11439889330471797,0.9295190713101161,0.051051965707802564,19.66202329600826,0.0008788710871393931,0.0008788710871393931,0.010538205189081528,0.004773722039346814
tpatchgnn_seed17,scenario,highspeed,1206,-0.041581899204196145,-0.03065539116414121,-0.0033337093071029718,0.028016936913323867,0.14182654449118123,0.16767711854552075,0.5679933665008292,0.020505320202060917,19.508758429468767,0.0008701188836281847,0.0008701188836281847,0.010427201424658191,0.00488125542166985
tpatchgnn_seed17,scenario,occlusion,1188,23.032538257666346,-0.13517458224324982,-0.03871470102023003,0.1688942830279725,33.13222426292703,48.264065243650336,0.5732323232323232,0.04136403108238593,20.621343188815647,0.28076066212767326,0.28076066212767326,0.9758119866725394,0.9759165480111456
tpatchgnn_seed17,scenario,sweep_turn,1206,-0.011128482024467305,0.0023493642974150427,0.01342491870257429,0.12079752295654281,0.15703074101234837,0.16602406953224347,0.44527363184079605,0.015527116345739687,19.64033709315716,0.0008637099989667589,0.0008637099989667589,0.01035353579248029,0.00491560384563872
tpatchgnn_seed17,scenario,uturn,1206,-0.09907984673097948,-0.08838677932122238,-0.10442032130568399,-0.002385658814315743,0.006570063807441383,0.01409221248597399,0.9361525704809287,0.029572685942429056,19.473846603191117,0.0008510790460430616,0.0008510790460430616,0.010204057897533765,0.004817056484402259
tpatchgnn_seed17,query_s,0.0099999997764825,1200,5.445692233972615,-0.0643719692318471,-0.0942485441520817,0.05387453943052026,0.21175530474934218,34.43085357462202,0.7241666666666666,0.03529493732582007,19.12648687442144,0.6596823856368403,0.6596823856368403,0.7229752529985417,0.0171827584579553
tpatchgnn_seed17,query_s,0.0199999995529651,1200,5.438583912225888,-0.06484452869329135,-0.09389222509582061,0.05488620350213799,0.23151619259069087,34.421023411742745,0.7341666666666666,0.03554617994007001,19.13876500328382,0.6592690743506376,0.6592690743506376,0.7225080304832808,0.01715465755446149
tpatchgnn_seed17,query_s,0.050000000745058,1200,13.89059593347164,-0.06479253369208975,-0.09422949740504566,0.053639471591875224,0.21526610130440926,44.132833558973026,0.725,0.03552567600180884,19.24278008381526,0.88113513003367,0.88113513003367,0.9603616261960723,0.12011113063526693
tpatchgnn_seed17,query_s,0.1000000014901161,1200,13.83331742561193,-0.06513412239838859,-0.09424550195771347,0.049664454142104755,0.2422455325486324,44.0326074169848,0.7216666666666667,0.035457948048089584,19.429375706911088,0.8724644764000609,0.8724644764000609,0.9598300959089712,0.1185374019469167
tpatchgnn_seed17,query_s,0.2000000029802322,1200,14.005790249342349,-0.06415824225596478,-0.08921319191021998,0.04525861689906785,0.5481227456671938,43.561834053466875,0.7175,0.03508939281317258,19.854495824575423,0.752355559230067,0.752355559230067,0.9613535601494531,0.12333964289946572
tpatchgnn_seed17,query_s,0.5,1200,20.902791034900645,-0.05774683886468741,-0.08000680211692932,0.026323903000407767,0.6428493115382408,48.264065243650336,0.7633333333333333,0.03412964309766565,21.737787950436275,0.45388535995603524,0.45388535995603524,0.9920808352507471,0.6036744085059339
tpatchgnn_seed17,query_los,False,664,25.549839901374302,0.05601728849858839,0.04813411209595921,0.2985349373793729,37.386662380653036,48.264065243650336,0.21987951807228914,0.015111521099470638,20.311300477349615,0.28135488169827333,0.28135488169827333,0.9190521566374424,0.9738554189893197
tpatchgnn_seed17,query_los,True,6536,-0.09272772958332309,-0.0636651782886388,-0.09969563675878199,0.030081979875390723,0.139440848073246,0.16767711854552075,0.7828947368421053,0.03721213015023005,19.6984281234963,0.0001624532638894597,0.001136824885529674,0.010524186289780187,0.02614458101068024
tpatchgnn_seed17,los_transition,False,7136,11.835229731717625,-0.0635864924658707,-0.09139391917523629,0.04875309171779656,0.2294184995312224,44.132833558973026,0.7334641255605381,0.035034078008782596,19.710862394940158,0.23785130652566758,0.8799669077936075,0.9363351333350421,0.444959240530285
tpatchgnn_seed17,los_transition,True,64,33.26802487051366,-0.0033110791735516806,0.004302963012757537,17.124496601709023,47.781324684376386,48.264065243650336,0.453125,0.05077112501999177,24.670557528734207,0.4936555947039648,0.4936555947039648,0.4936555947039648,0.555040759469715
tpatchgnn_seed29,scenario,climb_descent,1188,-10.472548837960892,-9.993709754477456,-12.158700899112791,-7.472461082643794,-3.728027529463125,-1.2819174349114435,1.0,0.927306130127072,1.2247464458853232,0.006986291455442294,0.006986291455442294,0.05815615980000339,3.740002574549239e-05
tpatchgnn_seed29,scenario,cruise,1206,-11.164105668673553,-10.62495050138423,-13.382265093074736,-7.310440552151688,-4.830762448132257,-3.952983326802118,1.0,0.933636541686841,1.0249974860058353,0.004362796201911594,0.004362796201911594,0.04674479947612008,3.237778130068532e-05
tpatchgnn_seed29,scenario,highspeed,1206,-7.81145354825224,-6.6496985439104925,-10.3910821491029,-3.9130248635876557,1.3073135215816887,1.6571350555936981,0.9776119402985075,0.8530439688768519,1.3958965117667044,0.0073368823085234736,0.0073368823085234736,0.0851654418923485,7.006680223908396e-05
tpatchgnn_seed29,scenario,occlusion,1188,33.79767574277159,-6.596056933616343,-1.2570503291778512,1.3056982271220339,36.9699065503666,62.97866692417182,0.6557239057239057,0.547793016782006,8.11165572023364,0.6970800882331801,0.6970800882331801,0.9908704054810443,0.9997567827295603
tpatchgnn_seed29,scenario,sweep_turn,1206,-9.254880705780275,-7.987062466491897,-11.313517347371567,-6.368237639995822,-2.113746394488972,2.2863486826907096,0.9966832504145937,0.8972145303756394,1.3910388858976526,0.01182430520456543,0.01182430520456543,0.08693576539362004,5.025387805093078e-05
tpatchgnn_seed29,scenario,uturn,1206,-9.01409534880454,-9.075625938878908,-11.07688854777766,-5.514339978917334,-2.648553797891546,1.2411506698156571,0.9975124378109452,0.8884829345744591,1.0779797193377276,0.008793814375415272,0.008793814375415272,0.06403103926156863,5.311878310349826e-05
tpatchgnn_seed29,query_s,0.0099999997764825,1200,7.533950752430925,-11.260684583765366,-12.361957893546787,-5.416473954513011,1.3544694385514875,36.592638528884734,0.955,0.8794290610827011,1.4349098180263535,0.6709459436244591,0.6709459436244591,0.9763046536367304,0.002387188235979997
tpatchgnn_seed29,query_s,0.0199999995529651,1200,7.46169638731004,-11.311468174762345,-12.369624365093717,-5.464045810987192,1.6525116244426754,36.56935934869332,0.9525,0.8799439454505773,1.4827028933578792,0.678554992352463,0.678554992352463,0.975333281901817,0.0023478007071394513
tpatchgnn_seed29,query_s,0.050000000745058,1200,16.877816850651516,-11.148721524847993,-12.22266695178938,-4.751813800822873,1.9605034953720488,46.23375860392389,0.9416666666666667,0.8767132343641424,1.668355243479018,0.7184770980881289,0.7184770980881289,0.9969397976382567,0.020524532581056406
tpatchgnn_seed29,query_s,0.1000000014901161,1200,16.5137336342612,-10.41503215920632,-11.828048171303319,-4.1177999468890345,2.0647303658211054,45.92948807393316,0.9383333333333334,0.8721903486905406,2.0447337204994014,0.7284406914170972,0.7284406914170972,0.9963995990490364,0.01887404359259452
tpatchgnn_seed29,query_s,0.2000000029802322,1200,17.926248054470943,-8.27213987303536,-10.379212608680412,-2.750396823717167,2.1255274443626697,45.2930129573363,0.9341666666666667,0.8450058062658354,2.6859675857968006,0.45445956060257825,0.45445956060257825,0.996941879835773,0.026128615368508887
tpatchgnn_seed29,query_s,0.5,1200,33.43868907021409,-3.533518827417748,-6.04468669256792,-0.06034532466438328,5.49010715365724,62.97866692417182,0.9091666666666667,0.6973056249775506,4.840731049321281,0.7495774956004226,0.7495774956004226,0.9998306075971944,0.9297378195147208
tpatchgnn_seed29,query_los,False,664,36.324022990934715,-0.541394122054371,0.1848248350541259,2.0537111141792046,43.281389126183626,62.97866692417182,0.39457831325301207,0.26244796367715695,12.331307230539709,0.6971019762721999,0.6971019762721999,0.9680514584093618,0.9997253917477303
tpatchgnn_seed29,query_los,True,6536,-9.219088037289215,-8.186276566258696,-11.536814180094977,-6.062097569297578,-1.0252917305540008,2.2863486826907096,0.9937270501835985,0.9006181421536085,1.3465257606331875,0.0021638723049142994,0.013804404172615756,0.09469640641160933,0.00027460825226965105
tpatchgnn_seed29,los_transition,False,7136,14.228050689662021,-8.183243025034763,-11.150737383215748,-2.592536522933952,1.660560042350181,46.23375860392389,0.9419843049327354,0.8444599271041711,2.221244443152708,0.22239035600122853,0.9097290365942509,0.993058434841869,0.06630866047253954
tpatchgnn_seed29,los_transition,True,64,46.187130122227074,-1.3996549596675507,-0.2197659428386162,32.05884848265145,59.91012137960415,62.97866692417182,0.546875,0.5412435184726849,17.782500409986824,0.746403567017712,0.746403567017712,0.746403567017712,0.9336913395274604
tpatchgnn_seed43,scenario,climb_descent,1188,-12.357667730818038,-11.64601035275286,-14.375994891432653,-9.04922824767886,-4.6787713018621115,-1.669944703863198,1.0,0.9518642609669303,0.6541970681617827,0.00986179253774533,0.00986179253774533,0.07654067957277365,2.8131019449339375e-05
tpatchgnn_seed43,scenario,cruise,1206,-13.47810631982783,-12.886365020754788,-16.626979550931658,-9.231889591713921,-6.192816816329073,-5.213137674362378,1.0,0.9597575251340471,0.5422013008793384,0.005560957253873792,0.005560957253873792,0.05717417735319065,2.20634020634778e-05
tpatchgnn_seed43,scenario,highspeed,1206,-8.856808190964736,-7.417447051624464,-12.382020406902061,-5.096176034540413,1.6500774555189521,2.500615158071118,0.9776119402985075,0.8864089071818188,0.7010130106558018,0.011334308445166169,0.011334308445166169,0.12289964931530038,6.394436694011428e-05
tpatchgnn_seed43,scenario,occlusion,1188,33.14961236929477,-6.827613185875529,-1.0692366996718663,0.9565113032034043,31.94726772904117,62.001664175608354,0.6565656565656566,0.5377748719276296,9.211372968157704,0.6462324173198511,0.6462324173198511,0.9959488127920693,0.999800802490549
tpatchgnn_seed43,scenario,sweep_turn,1206,-11.243748059058765,-9.482700755602965,-14.019343549028001,-7.7269040792964505,-2.7097275496280337,2.7975879602261666,0.9966832504145937,0.9350023671556464,0.7762279129775541,0.02102743475625041,0.02102743475625041,0.14178949244661573,3.69069626501597e-05
tpatchgnn_seed43,scenario,uturn,1206,-10.08870960439811,-10.333476195527052,-13.125155643751548,-5.918809921904607,-2.936400526216155,1.4845562174037639,0.9975124378109452,0.9141314122578744,0.6995328277721885,0.011911851603219397,0.011911851603219397,0.07796833221208263,4.815175834792722e-05
tpatchgnn_seed43,query_s,0.0099999997764825,1200,0.10950837505073739,-13.046797124480884,-14.515668703553324,-4.657483942797764,0.9692027408467896,29.850864892750472,0.9608333333333333,0.8975724058599857,1.493039737292129,0.7851532012065645,0.7851532012065645,0.8900206505887411,0.0005014964776027188
tpatchgnn_seed43,query_s,0.0199999995529651,1200,0.07798220130067599,-13.239439298735498,-14.380683880928158,-5.1842050481962225,1.194884164558067,29.79040773111384,0.955,0.8976598433810917,1.5058965990314996,0.7799402025679252,0.7799402025679252,0.8878772454974256,0.000497869210932608
tpatchgnn_seed43,query_s,0.050000000745058,1200,8.936142101101128,-13.3122258790584,-14.572205348599198,-4.61209435434346,1.470302707429429,39.0996556215389,0.9433333333333334,0.8953826678162841,1.5487154016885325,0.8653067788229126,0.8653067788229126,0.9843009604884051,0.003827641543621877
tpatchgnn_seed43,query_s,0.1000000014901161,1200,9.72492652344179,-12.549428257579613,-14.414923025459379,-4.132300482806597,1.8080135115858393,38.5019745167638,0.9375,0.8919541980642922,1.7449698244138563,0.6288159560469592,0.6288159560469592,0.9859526783787077,0.004589968465607146
tpatchgnn_seed43,query_s,0.2000000029802322,1200,16.832157571747587,-9.856333311314941,-12.795082643568652,-2.580660165842112,1.8019664778976292,46.161394144847705,0.9308333333333333,0.8686261567103915,2.1631962829997793,0.7140726696755876,0.7140726696755876,0.9967976575182483,0.023579403082941427
tpatchgnn_seed43,query_s,0.5,1200,32.96111050948558,-4.123362892053796,-7.276150785647047,-0.014809110979601832,7.158521751332635,62.001664175608354,0.9041666666666667,0.737324182521603,4.043666418076803,0.6681502274180967,0.6681502274180967,0.9998350147005429,0.9670036212192942
tpatchgnn_seed43,query_los,False,664,35.67594330031453,-0.6357793420380385,0.07353718384676396,1.7905629236619771,38.614335999241256,62.001664175608354,0.4006024096385542,0.24530605013183254,14.536845896191087,0.6462551368422235,0.6462551368422235,0.9868994581881129,0.9997656538388708
tpatchgnn_seed43,query_los,True,6536,-10.555900033024548,-9.385805302911903,-13.753285862623216,-6.87369099970767,-1.1735403237301179,2.7975879602261666,0.9932680538555692,0.9276836181053918,0.818071517921089,0.0033115914740755323,0.02150724009006825,0.135413198025324,0.00023434616112914393
tpatchgnn_seed43,los_transition,False,7136,7.241559424750577,-9.380534755634104,-13.237217065015559,-2.9971640755741884,1.5805413757597542,39.0996556215389,0.9424047085201793,0.8677670760486667,1.944524992114199,0.21495857692749998,0.882597145119505,0.9712671986098805,0.015408011264036644
tpatchgnn_seed43,los_transition,True,64,45.769405203435355,-1.64843199864763,-0.011612424977548153,34.04505621038078,59.434785710269466,62.001664175608354,0.515625,0.5287107897045686,17.550793319940567,0.6562146521842758,0.6562146521842758,0.6562146521842758,0.9845919887359633
