family,model,query_ms,seeds,predictions_including_seeds,nmse_db,mean_signed_gain_error_db,mean_absolute_gain_error_db,fraction_predicted_gain_below_target_by_10db,mean_phase_invariant_squared_correlation,mean_amplitude_nmse
cruise,hold,all,1,3600,-12.375116492411486,-0.05990195401709202,0.0931705221456588,0.0,0.944587678561608,0.007831978071145438
cruise,hold,10,1,600,-23.185643091520728,-0.003339355206007882,0.015547806293579875,0.0,0.995284164349238,0.002353745626896803
cruise,hold,20,1,600,-20.147801250286832,-0.010016860726971858,0.021100898431221395,0.0,0.9905536458889643,0.004646172843301075
cruise,hold,50,1,600,-16.635464242003927,-0.022935589195553028,0.041405752093273,0.0,0.9788370023171107,0.0097083940521406
cruise,hold,100,1,600,-15.545379526534632,-0.04491660710618209,0.06719903972504346,0.0,0.9726707720756531,0.00950699025699573
cruise,hold,200,1,600,-12.73807378885725,-0.08549747132434275,0.12471073278099837,0.0,0.9477591425180435,0.009179709010786562
cruise,hold,500,1,600,-6.383565104041653,-0.19270584054349457,0.28905890354983665,0.0,0.7824213442206382,0.011596856636751859
cruise,linear,all,1,3600,-14.000847687987267,0.4320673416107747,0.4357007297335998,0.0,0.9734099478688505,0.022723489385142636
cruise,linear,10,1,600,-19.93872963939606,0.08376551194543327,0.09212969347330116,0.0,0.9902585437893867,0.0051481541140673895
cruise,linear,20,1,600,-18.9652506839304,0.09831110580931027,0.1055499629725818,0.0,0.987874131500721,0.00644931860481539
cruise,linear,50,1,600,-17.358231849202127,0.15304738733813622,0.15783777257415008,0.0,0.9828561163942019,0.009441028554623043
cruise,linear,100,1,600,-16.516677437255947,0.2563550000115841,0.2577619048213819,0.0,0.9801741857330004,0.011831375782009322
cruise,linear,200,1,600,-14.86710085042655,0.5074818227626383,0.5074818227626383,0.0,0.974867563645045,0.018733627494463338
cruise,linear,500,1,600,-8.455592362449902,1.4934432217975457,1.4934432217975457,0.0,0.9244291461507479,0.08473743176087732
cruise,kalman,all,1,3600,-14.201400001736156,0.3805842645686145,0.3860507841358789,0.0,0.9738294743001461,0.02122661059327781
cruise,kalman,10,1,600,-20.42533425524256,0.05399777941005593,0.06640395736833545,0.0,0.9911912720402082,0.004517782884965175
cruise,kalman,20,1,600,-19.298996660390028,0.06620678896224033,0.07641042167322813,0.0,0.9886336449782054,0.005868648114289147
cruise,kalman,50,1,600,-17.489652002861636,0.11420849299226873,0.12149402577508828,0.0,0.9830967879295349,0.008982244085830898
cruise,kalman,100,1,600,-16.69336020411047,0.20723296534861826,0.21013673930011767,0.0,0.980494452615579,0.01104428616415433
cruise,kalman,200,1,600,-15.043059809104722,0.441344679335986,0.441344679335986,0.0,0.9748507340749105,0.01729331027211927
cruise,kalman,500,1,600,-8.643171950782708,1.4005148813625177,1.4005148813625177,0.0,0.9247099541624387,0.07965339203830804
cruise,harmonic,all,1,3600,-6.10320966621786,0.5496146975592799,0.5943448221360328,0.0,0.9211527090204051,0.12257689180272184
cruise,harmonic,10,1,600,-4.456479013154969,0.48966193290199345,0.5360065548025401,0.0,0.9355519285798073,0.20264994033102993
cruise,harmonic,20,1,600,-8.704173360851565,0.27367284159665967,0.31116067098507,0.0,0.9546976451172183,0.06967561934880596
cruise,harmonic,50,1,600,-4.963042581314362,0.48064117568622655,0.5179757031790602,0.0,0.9310779139772057,0.17339435236285983
cruise,harmonic,100,1,600,-8.934865609644334,0.3382334010171811,0.37777882293014653,0.0,0.9423030297954877,0.061063299935097605
cruise,harmonic,200,1,600,-6.285249030861281,0.5488636495235065,0.5926406617276371,0.0,0.9197806235899528,0.11411655491198563
cruise,harmonic,500,1,600,-5.277731431448966,1.166615184630112,1.2305065191917433,0.0,0.8435051130627592,0.11456158392655193
cruise,cru,all,3,10800,-5.234129520145299,-1.4402635316368575,1.4805063413914834,0.0,0.7120625795996576,0.10765270629095737
cruise,cru,10,3,1800,-5.846488766836409,-1.4012208345649155,1.4538980027283348,0.0,0.7478914295923379,0.10666002217421512
cruise,cru,20,3,1800,-5.829077691220201,-1.4066693259188066,1.4578054315272473,0.0,0.7469533658607138,0.10687216896149844
cruise,cru,50,3,1800,-5.769168883375471,-1.4158827500611855,1.4634729919170624,0.0,0.7434329010960129,0.10727738284868081
cruise,cru,100,3,1800,-5.634667297938173,-1.4316259250394625,1.4727669727785875,0.0,0.7354437995619244,0.10792751658500893
cruise,cru,200,3,1800,-5.268440438335777,-1.4594976318589599,1.4918256308004654,0.0,0.712930314068993,0.1079364574441893
cruise,cru,500,3,1800,-3.5567736828020875,-1.5266847223778153,1.5432690185972024,0.0,0.5857236674179633,0.10924268973215169
cruise,latent_ode,all,3,10800,-4.634757337567032,-2.2206915387705104,2.2247513137628925,0.002037037037037037,0.6653722403512371,0.1268850642795398
cruise,latent_ode,10,3,1800,-5.368305201743093,-2.374271606709808,2.374923250406929,0.0038888888888888888,0.7151397070868147,0.131225649036674
cruise,latent_ode,20,3,1800,-5.340001612817945,-2.366698700806333,2.3674030651452225,0.0038888888888888888,0.7131274308698873,0.1309525094962575
cruise,latent_ode,50,3,1800,-5.249983475917434,-2.3365265720350563,2.3371088196060414,0.002777777777777778,0.7064617787011795,0.12989299421767805
cruise,latent_ode,100,3,1800,-5.066426263418541,-2.2855359855739517,2.286275688744208,0.0016666666666666668,0.6928528676802913,0.12834338328956313
cruise,latent_ode,200,3,1800,-4.606896872551707,-2.174624495241636,2.1758812394109555,0.0,0.6580630427743825,0.12458657128425933
cruise,latent_ode,500,3,1800,-2.8004507297800303,-1.7864918722562773,1.8069158192639994,0.0,0.506588614994867,0.11630927835280694
cruise,neural_flow,all,3,10800,-1.2055173261807737,-7.206418925601024,7.206418925601024,0.3037962962962963,0.2717999358377215,0.393736551012154
cruise,neural_flow,10,3,1800,-1.341641449256111,-7.104889526367187,7.104889526367187,0.29888888888888887,0.28928692532494904,0.388958968412545
cruise,neural_flow,20,3,1800,-1.3337018657527144,-7.115256872640716,7.115256872640716,0.3005555555555556,0.28827788799916665,0.3894614169125756
cruise,neural_flow,50,3,1800,-1.3095470249669172,-7.1372128555509775,7.1372128555509775,0.3005555555555556,0.2851109873911459,0.3904731952978505
cruise,neural_flow,100,3,1800,-1.2665865498930562,-7.1749747727976905,7.1749747727976905,0.30333333333333334,0.27947821669059625,0.3922536534567674
cruise,neural_flow,200,3,1800,-1.1701431680339744,-7.248088138765759,7.248088138765759,0.3061111111111111,0.2667962529799479,0.3955933582203256
cruise,neural_flow,500,3,1800,-0.8336602954838293,-7.458091387483809,7.458091387483809,0.31333333333333335,0.22184934464052328,0.40567871377285986
cruise,tpatchgnn,all,3,10800,-4.40301685678502,-6.865503723893597,6.93917615832706,0.3333333333333333,0.6477689497061938,0.29001613075651994
cruise,tpatchgnn,10,3,1800,-4.5897706162564225,-6.585360816968217,6.730222515175863,0.3333333333333333,0.6623026862854345,0.28429031694657164
cruise,tpatchgnn,20,3,1800,-4.579904539028376,-6.604438040103171,6.735471814722291,0.3333333333333333,0.6615944374384708,0.28532051462149766
cruise,tpatchgnn,50,3,1800,-4.567810998617925,-6.688584983840839,6.789507847793389,0.3333333333333333,0.6609146557251936,0.2881193517299835
cruise,tpatchgnn,100,3,1800,-4.587777568178614,-6.826826988291331,6.882444443025367,0.3333333333333333,0.662846372865121,0.2898642276460305
cruise,tpatchgnn,200,3,1800,-4.536085987946194,-7.061471850824665,7.071070665912088,0.3333333333333333,0.6598328402519635,0.29242688702697506
cruise,tpatchgnn,500,3,1800,-3.643672290304244,-7.426339663333363,7.426339663333363,0.3333333333333333,0.5791227056709795,0.30007548656806143
cruise,observed_state_flow,all,3,10800,-14.440015532471406,-0.43869730217431424,0.4402578166449496,0.0,0.9673294236648966,0.01438569245152591
cruise,observed_state_flow,10,3,1800,-23.238155985932494,-0.028472612650980868,0.03435695675172606,0.0,0.9953391118513213,0.002359356820872714
cruise,observed_state_flow,20,3,1800,-20.225378646175454,-0.05999857357934763,0.061953115539068224,0.0,0.9907166201207372,0.004707354490003277
cruise,observed_state_flow,50,3,1800,-16.847589103648676,-0.14844794872929923,0.14975731442671128,0.0,0.9798639997177654,0.010108279056471927
cruise,observed_state_flow,100,3,1800,-16.247520371987616,-0.29908367982962064,0.29929851489555503,0.0,0.9773237927092446,0.011083999498579087
cruise,observed_state_flow,200,3,1800,-14.487818901738637,-0.6035626462350289,0.6035626462350289,0.0,0.9678999963071612,0.014901314901653629
cruise,observed_state_flow,500,3,1800,-9.149358506190344,-1.492618352021608,1.492618352021608,0.0,0.8928330212831497,0.04315384994157482
cruise,local_dynamics,all,3,10800,-13.829949151847657,0.039324090276659264,0.08435191719338739,0.0,0.9612462898205828,0.009172259171527529
cruise,local_dynamics,10,3,1800,-23.232046606899775,0.000541480688392159,0.014650806081100249,0.0,0.9953363941113154,0.0023443818430839416
cruise,local_dynamics,20,3,1800,-20.212110509848216,-0.001660572391493692,0.01927878746001317,0.0,0.9906990831096967,0.004646503088709578
cruise,local_dynamics,50,3,1800,-16.818934669322715,-0.0003679764542246481,0.03668603015697242,0.0,0.9797598314285278,0.009713390042541256
cruise,local_dynamics,100,3,1800,-16.064982466541537,0.004023372178857643,0.05505799757595211,0.0,0.975921018520991,0.00977759398827195
cruise,local_dynamics,200,3,1800,-13.998833698495607,0.026823931002638548,0.09347729200399445,0.0,0.9614936584565374,0.01007073815779419
cruise,local_dynamics,500,3,1800,-8.27516823647721,0.20658430663578556,0.28696058988229195,0.0,0.8642677532964282,0.018480947908764245
highspeed,hold,all,1,3600,-7.945273353110284,0.06788724555067599,0.37034604023798895,0.0,0.8782509379221932,0.022259351502980234
highspeed,hold,10,1,600,-14.30682218191758,0.005390820843843655,0.0444697572897257,0.0,0.9640221335490544,0.018279275048171215
highspeed,hold,20,1,600,-14.070483080959221,0.013252167230117866,0.06850091846181987,0.0,0.9621627947688103,0.01886999721628546
highspeed,hold,50,1,600,-14.14183567678138,0.021872440038326498,0.13449276757659387,0.0,0.9629143724838892,0.01538381276378151
highspeed,hold,100,1,600,-11.609671482016306,0.039949088711679605,0.2534505053986019,0.0,0.9347062056263288,0.01941219300560377
highspeed,hold,200,1,600,-8.080854980080119,0.07826607588445768,0.49683520923291025,0.0,0.8603815626601378,0.020541931911914873
highspeed,hold,500,1,600,-2.050917887570881,0.24859288059563064,1.224327083468282,0.0,0.585318558444939,0.041068899072124576
highspeed,linear,all,1,3600,-5.060364024100744,0.979207248934682,0.9900784023947118,0.0,0.8987570470785631,0.1370219749427002
highspeed,linear,10,1,600,-14.83813560035169,0.23405192322932028,0.2562018949447277,0.0,0.9715918332338334,0.016503772953589416
highspeed,linear,20,1,600,-14.434425704964962,0.2834517384308371,0.2992724137365682,0.0,0.9697030553221703,0.01812817386127786
highspeed,linear,50,1,600,-13.305120272027992,0.4228980023103456,0.4349846459257727,0.0,0.9647473020354906,0.023606580726673154
highspeed,linear,100,1,600,-10.781135912986105,0.6759109631024572,0.6841112137724606,0.0,0.9459845654169718,0.04130508384366593
highspeed,linear,200,1,600,-6.511376491706846,1.2255465044391651,1.2318283560996255,0.0,0.8899440695345402,0.10228712930350103
highspeed,linear,500,1,600,1.610050967683398,3.033384362095967,3.034071889889116,0.0,0.6505714569283718,0.6203011089674935
highspeed,kalman,all,1,3600,-5.594308846833826,0.8718517624173344,0.8848816089089693,0.0,0.9049747507110543,0.11918425480790926
highspeed,kalman,10,1,600,-15.259529067911014,0.16251225340456585,0.1896064982714112,0.0,0.9729247016708056,0.014504246323607077
highspeed,kalman,20,1,600,-14.896287653642304,0.20668855537204459,0.22647690934643228,0.0,0.971202278137207,0.01577738859618265
highspeed,kalman,50,1,600,-14.031086997700701,0.3319614004447067,0.3466966087016529,0.0,0.9679752960801125,0.019328664049959674
highspeed,kalman,100,1,600,-11.571958290911834,0.5658466851161453,0.5752676580286789,0.0,0.9512483946482341,0.03374756407791812
highspeed,kalman,200,1,600,-7.342851910290483,1.0901889669205895,1.096607198050333,0.0,0.9023038403193155,0.08390411758316375
highspeed,kalman,500,1,600,1.1360591336517858,2.8739127132459545,2.8746347810553075,0.0,0.664193993410651,0.5478435482166242
highspeed,harmonic,all,1,3600,0.06213851812699452,1.3130148982443917,1.4322536176874938,0.0,0.8447014714502105,0.6293084170019286
highspeed,harmonic,10,1,600,1.4691990970817574,0.9007473260058577,1.003221803078286,0.0,0.9142192329776784,1.0413029330330785
highspeed,harmonic,20,1,600,-3.233883796572976,0.6755883442696844,0.7463002313316489,0.0,0.921731686356167,0.32562391164097787
highspeed,harmonic,50,1,600,0.22046715143795373,0.9714967613933186,1.0571375469927322,0.0,0.9082624000279854,0.7411485173174576
highspeed,harmonic,100,1,600,-3.8237468056512594,0.9483841392793693,1.0565366959564078,0.0,0.9020127505498627,0.26679842664817743
highspeed,harmonic,200,1,600,-0.5775661345307115,1.4757848745351658,1.6116746185114608,0.0,0.8324737004190683,0.5333797134388685
highspeed,harmonic,500,1,600,2.711102976536405,2.906087943982954,3.1186508102544273,0.0,0.589509058370501,0.8675969999330119
highspeed,cru,all,3,10800,-2.4370228181092344,-2.4398174951877727,2.7047754040265124,0.024907407407407406,0.5028793540450621,0.1847279173846322
highspeed,cru,10,3,1800,-2.8171542161226037,-2.4993393525197947,2.621801728814349,0.022222222222222223,0.5273871893627013,0.17947379937240232
highspeed,cru,20,3,1800,-2.8228920155648836,-2.491806764975287,2.618458103830247,0.02277777777777778,0.5285052833559591,0.1795076717260397
highspeed,cru,50,3,1800,-2.823569001364423,-2.4841349805852952,2.6258670558089943,0.023333333333333334,0.53002894552432,0.18020039671048935
highspeed,cru,100,3,1800,-2.7673365228482574,-2.467511116768308,2.6390544107457874,0.02388888888888889,0.5269156989264381,0.18212418688771626
highspeed,cru,200,3,1800,-2.5122295760123143,-2.4316128787832954,2.7078815717219062,0.027777777777777776,0.5062685930067833,0.18545212295320299
highspeed,cru,500,3,1800,-1.1517744240176595,-2.2644998774946563,3.015589553237789,0.029444444444444443,0.39817041409417064,0.2016093266579426
highspeed,latent_ode,all,3,10800,-2.2251839197068546,-4.366608831174801,4.414945252097117,0.08814814814814814,0.43780127230894844,0.24991055811945073
highspeed,latent_ode,10,3,1800,-2.5712057288958046,-4.612977355893236,4.616299068254367,0.09666666666666666,0.46772520160274944,0.254857386023634
highspeed,latent_ode,20,3,1800,-2.5662435746573915,-4.59340610768646,4.596930658970442,0.0961111111111111,0.46734173634001486,0.25405698529444637
highspeed,latent_ode,50,3,1800,-2.537852381693866,-4.549284899889802,4.553654133624708,0.09388888888888888,0.46445607516894233,0.2527714424756252
highspeed,latent_ode,100,3,1800,-2.461170739590225,-4.469281746328084,4.476569935539738,0.09222222222222222,0.4563360620863423,0.2509391542710364
highspeed,latent_ode,200,3,1800,-2.2287036730640946,-4.299425184485606,4.3181284105436255,0.08666666666666667,0.4314001789348381,0.24680698347898822
highspeed,latent_ode,500,3,1800,-1.1691531391640255,-3.6752776927656186,3.928089305649822,0.06333333333333334,0.3395483797208039,0.24003139717297423
highspeed,neural_flow,all,3,10800,-0.4724660382156087,-10.499681724039398,10.518750726171083,0.721574074074074,0.13725049630376995,0.5615916967988704
highspeed,neural_flow,10,3,1800,-0.5223936721697928,-10.507300487606424,10.512576177917783,0.7233333333333334,0.14403242051095333,0.5616404239398738
highspeed,neural_flow,20,3,1800,-0.5207543485722305,-10.503780916681086,10.509470867287147,0.7227777777777777,0.14378507262758705,0.56139674121307
highspeed,neural_flow,50,3,1800,-0.5122973902311021,-10.508404607489291,10.515974759759589,0.725,0.14261871485891023,0.5615788109455672
highspeed,neural_flow,100,3,1800,-0.4967598849724738,-10.512777555430722,10.523794010077706,0.7261111111111112,0.14031715802838376,0.5619626430587636
highspeed,neural_flow,200,3,1800,-0.4609768268623992,-10.513830257642807,10.533056674006705,0.7266666666666667,0.13504928133433597,0.5621185051091016
highspeed,neural_flow,500,3,1800,-0.32496597635678215,-10.45199651938606,10.517631867977567,0.7055555555555556,0.11770033046244929,0.5608530565268464
highspeed,tpatchgnn,all,3,10800,-3.7341141455439213,-5.349599175414014,5.3811413496901785,0.3333333333333333,0.6002790563134006,0.270991538791762
highspeed,tpatchgnn,10,3,1800,-4.239677467891152,-4.907489903340821,4.971599110637746,0.3333333333333333,0.6372083483192718,0.2577191672185694
highspeed,tpatchgnn,20,3,1800,-4.246788097716391,-4.9292526337251505,4.991648953354161,0.3333333333333333,0.6381893041934733,0.25845921299420294
highspeed,tpatchgnn,50,3,1800,-4.292703666576507,-5.028033086884211,5.064784741221034,0.3333333333333333,0.64340042496319,0.2589028209305575
highspeed,tpatchgnn,100,3,1800,-4.198219405139689,-5.189047306363128,5.208207801993283,0.3333333333333333,0.6374390541371106,0.26382339906516583
highspeed,tpatchgnn,200,3,1800,-3.8234217400457955,-5.506417339491762,5.512793430278284,0.3333333333333333,0.6068341151997809,0.27192556788847366
highspeed,tpatchgnn,500,3,1800,-2.079788364914511,-6.537354782679015,6.537814060656561,0.3333333333333333,0.43860309106757694,0.31511906465360273
highspeed,observed_state_flow,all,3,10800,-8.920848231559205,-0.6501812591254431,0.6734188029673169,0.0,0.8948796314902416,0.034003678570177144
highspeed,observed_state_flow,10,3,1800,-14.295079942719962,-0.03371459817361025,0.056189636116905556,0.0,0.963802665968736,0.018396076419226578
highspeed,observed_state_flow,20,3,1800,-14.066794664995026,-0.06499607833833172,0.09126419883413793,0.0,0.9618959203031328,0.01914665976450321
highspeed,observed_state_flow,50,3,1800,-14.321361781503086,-0.17923422903246924,0.19544311147618929,0.0,0.9641271602776316,0.01626187839622915
highspeed,observed_state_flow,100,3,1800,-12.119809146403576,-0.3827633546873565,0.39604725519958367,0.0,0.9413599371910095,0.022238962568484923
highspeed,observed_state_flow,200,3,1800,-9.080512557351213,-0.8407648037768538,0.8578410923916898,0.0,0.8871144779523213,0.030441435981904005
highspeed,observed_state_flow,500,3,1800,-3.270537279302017,-2.399614490744037,2.443727523785395,0.0,0.6509776272486182,0.09753705829071499
highspeed,local_dynamics,all,3,10800,-8.202415769825407,0.14458503104353726,0.33977178786587586,0.0,0.8888233512467005,0.026459675578482843
highspeed,local_dynamics,10,3,1800,-14.259267830676524,0.010200274994107923,0.04162820115994585,0.0,0.9636697577436765,0.01853097545349248
highspeed,local_dynamics,20,3,1800,-13.992111194707682,0.023835615802397805,0.06145833837148929,0.0,0.9615771364834573,0.019416443258117654
highspeed,local_dynamics,50,3,1800,-14.141251225367276,0.05004709994713871,0.11497973011527693,0.0,0.9631496837735176,0.016537364656978706
highspeed,local_dynamics,100,3,1800,-11.80404468112699,0.0979183272518114,0.21524570278574376,0.0,0.9383586893810166,0.02210831751484264
highspeed,local_dynamics,200,3,1800,-8.578596091396674,0.1947471186492799,0.43590799510660067,0.0,0.8780939795076848,0.02548641547573622
highspeed,local_dynamics,500,3,1800,-2.3137667732180462,0.4907617496164878,1.1694107596561985,0.0,0.6280908605908503,0.056678537111729335
sweep_turn,hold,all,1,3600,-10.505404956935138,-0.06175683327831596,0.18413527731740942,0.0,0.9224621091353523,0.015097973564550308
sweep_turn,hold,10,1,600,-15.137646619565242,-0.005658057950301245,0.04255030562567597,0.0,0.9702707746624947,0.015164014406339708
sweep_turn,hold,20,1,600,-16.27602998518118,-0.0065981173868446255,0.047629031922260714,0.0,0.9769767333070437,0.01150158784848216
sweep_turn,hold,50,1,600,-15.048096024393987,-0.020507914743690576,0.07226764683602592,0.0,0.9694528153538704,0.013969421572134356
sweep_turn,hold,100,1,600,-13.7204701977025,-0.04116920967557233,0.1302322922527673,0.0,0.9586575388908386,0.014653942638166531
sweep_turn,hold,200,1,600,-10.910410587320687,-0.08263041693450456,0.2404872009982258,0.0,0.9231329525013765,0.014620817884788216
sweep_turn,hold,500,1,600,-4.8804061409407264,-0.21397728297898236,0.5716451862695006,0.0,0.7362818400964898,0.020678057037390875
sweep_turn,linear,all,1,3600,-10.468778177053874,0.41833922368904847,0.477496827618998,0.0,0.9528405203894686,0.0360398221427759
sweep_turn,linear,10,1,600,-16.918614974646346,0.0688797520340692,0.1192757079461686,0.0,0.9805590996146202,0.010047217210061065
sweep_turn,linear,20,1,600,-17.256109472867543,0.09056141128375506,0.13396938580088313,0.0,0.9822301757335663,0.009254614634276806
sweep_turn,linear,50,1,600,-16.196356479563715,0.14840153778692486,0.19114142308421833,0.0,0.9781092025836309,0.011781860680354486
sweep_turn,linear,100,1,600,-14.993523510561799,0.25903304825527207,0.3030515927607,0.0,0.9734736182292303,0.015102415600376796
sweep_turn,linear,200,1,600,-11.828586880652296,0.5154559609955565,0.5701905033176687,0.0,0.9549565253903468,0.028973589923698407
sweep_turn,linear,500,1,600,-4.223308319041816,1.4277036317787133,1.5473523528043491,0.0,0.8477145007854172,0.14107923480788784
sweep_turn,kalman,all,1,3600,-10.777725411462317,0.3672817304807116,0.42356657204860715,0.0,0.9543887761685383,0.033156632578121445
sweep_turn,kalman,10,1,600,-16.986945612050963,0.03598443494351764,0.09122937931629466,0.0,0.9805781442920367,0.009798064095945497
sweep_turn,kalman,20,1,600,-17.439675041491867,0.05529035365199282,0.10228167250665132,0.0,0.9826210708419482,0.008765406932428306
sweep_turn,kalman,50,1,600,-16.46155612173595,0.10646845236071385,0.14880330814553108,0.0,0.9788104849060376,0.010936171437175846
sweep_turn,kalman,100,1,600,-15.330091466230762,0.20749148091272218,0.2479458714291104,0.0,0.9743559020757675,0.013815407432163385
sweep_turn,kalman,200,1,600,-12.345356375172713,0.44976812860996385,0.49758784554268154,0.0,0.9578442445397377,0.025506524596518483
sweep_turn,kalman,500,1,600,-4.517173867771066,1.3486875324053593,1.4535513553513737,0.0,0.8521228103557026,0.13011822097449713
sweep_turn,harmonic,all,1,3600,-4.7779482731490495,0.503820604861604,0.7715328441558005,0.0,0.9049037625130344,0.16740400836619504
sweep_turn,harmonic,10,1,600,-4.518815314543718,0.3588654033144121,0.5290031910609104,0.0,0.935192887224257,0.20421191417767962
sweep_turn,harmonic,20,1,600,-7.277968631412238,0.2559185900595427,0.42447723661452375,0.0,0.9427425959457953,0.10012500533258083
sweep_turn,harmonic,50,1,600,-4.603602730554525,0.3897471410013774,0.58043646729949,0.0,0.9332779775373637,0.20397529328788855
sweep_turn,harmonic,100,1,600,-7.285623883610909,0.346532800795782,0.5749963331375815,0.0,0.9337308709075054,0.10054276348442723
sweep_turn,harmonic,200,1,600,-4.468098078666132,0.5708088918261153,0.864544046864418,0.0,0.9036983023087184,0.18184713886723328
sweep_turn,harmonic,500,1,600,-2.4736742638413007,1.1010508021723944,1.6557397899578792,0.0,0.7807799411545663,0.2137219350473606
sweep_turn,cru,all,3,10800,-0.44360074163369845,-1.8264749554628725,1.8578215588312512,0.0,0.3557889333838218,0.18271352788847353
sweep_turn,cru,10,3,1800,-0.4094814345166558,-1.7951306046034976,1.809837895591344,0.0,0.35580835562070506,0.18064591184465423
sweep_turn,cru,20,3,1800,-0.41909156699261285,-1.7943223257574976,1.808891184188736,0.0,0.356680418682424,0.18047983256686065
sweep_turn,cru,50,3,1800,-0.44315317473232535,-1.8029651345503388,1.8171540323381647,0.0,0.3584870458585374,0.180945664960891
sweep_turn,cru,100,3,1800,-0.47625918541679163,-1.8147742974573178,1.8282908298539566,0.0,0.36067509286357463,0.1815164294631945
sweep_turn,cru,200,3,1800,-0.5158586520080444,-1.8382517549770678,1.8617385239384343,0.0,0.36229185922432194,0.18297719398099516
sweep_turn,cru,500,3,1800,-0.39891508603369646,-1.9134056154315153,2.021016887076872,0.0,0.3407908280533677,0.1897161345142457
sweep_turn,latent_ode,all,3,10800,-0.9699862026501318,-4.4834572487276345,4.496247119492375,0.005,0.29644999642547665,0.26828766678183996
sweep_turn,latent_ode,10,3,1800,-1.0015834420498944,-4.667808225883378,4.667808225883378,0.006666666666666667,0.2987300509181946,0.27456980412825943
sweep_turn,latent_ode,20,3,1800,-1.0054181985916777,-4.652359547482597,4.652359547482597,0.007222222222222222,0.29933153879953855,0.2738731078286138
sweep_turn,latent_ode,50,3,1800,-1.0126774922272173,-4.617070930169688,4.617070930169688,0.006111111111111111,0.30025613258630635,0.27259718210746847
sweep_turn,latent_ode,100,3,1800,-1.018554508227128,-4.553648740450541,4.553648740450541,0.005555555555555556,0.301204582555544,0.27024908524834446
sweep_turn,latent_ode,200,3,1800,-1.0081869801545273,-4.421691889572086,4.422068260134482,0.0044444444444444444,0.30054238508022396,0.26537963131235703
sweep_turn,latent_ode,500,3,1800,-0.7786787490721272,-3.9881641588075176,4.064527012833569,0.0,0.27863528861305226,0.25305719006599653
sweep_turn,neural_flow,all,3,10800,-0.12065755692288611,-9.442835479886444,9.442835479886444,0.5198148148148148,0.07884608035094356,0.5160016397862799
sweep_turn,neural_flow,10,3,1800,-0.12021277933858404,-9.363227705293232,9.363227705293232,0.4961111111111111,0.07850707425312317,0.5129078560984797
sweep_turn,neural_flow,20,3,1800,-0.12128348270522535,-9.366158483955596,9.366158483955596,0.4961111111111111,0.07865064605218149,0.5130675066593621
sweep_turn,neural_flow,50,3,1800,-0.12273189617521288,-9.385498596959645,9.385498596959645,0.49777777777777776,0.07886495126055844,0.5137994467880991
sweep_turn,neural_flow,100,3,1800,-0.12449830346690854,-9.413867941697438,9.413867941697438,0.5105555555555555,0.07914309329672951,0.5149836261653238
sweep_turn,neural_flow,200,3,1800,-0.1265522221535051,-9.472550516260995,9.472550516260995,0.5322222222222223,0.07975900261318622,0.5171158666950133
sweep_turn,neural_flow,500,3,1800,-0.10868942313081402,-9.655709635151757,9.655709635151757,0.5861111111111111,0.07815171462988256,0.5241355363114013
sweep_turn,tpatchgnn,all,3,10800,-3.496308576592064,-4.6279157738542525,4.6786082769034145,0.3326851851851852,0.5770409028728805,0.2615511363257085
sweep_turn,tpatchgnn,10,3,1800,-3.930572588220821,-4.419878906167724,4.489903655910441,0.3333333333333333,0.6141258752349575,0.2581612034912945
sweep_turn,tpatchgnn,20,3,1800,-3.9386993875521807,-4.436845395678861,4.504135827774492,0.3333333333333333,0.6148689541746353,0.2575830655529474
sweep_turn,tpatchgnn,50,3,1800,-3.8838184267387126,-4.489317680426878,4.540992814224131,0.3333333333333333,0.6098387062746421,0.25843915336429035
sweep_turn,tpatchgnn,100,3,1800,-3.7716876736222016,-4.569812189866421,4.609110192751093,0.3333333333333333,0.5997582516258421,0.2598615883834039
sweep_turn,tpatchgnn,200,3,1800,-3.460369606927963,-4.7250327728880155,4.755250788405279,0.3333333333333333,0.5706189958473129,0.26287634978329555
sweep_turn,tpatchgnn,500,3,1800,-2.2561700119427748,-5.126607698097618,5.1722563823550525,0.32944444444444443,0.4530346340798931,0.27238545737901904
sweep_turn,observed_state_flow,all,3,10800,-11.294536935396614,-0.3003434811062885,0.3174010477285834,0.0,0.9356956423255097,0.018020196115449888
sweep_turn,observed_state_flow,10,3,1800,-15.15936362841362,-0.019905721709245757,0.0450413152379183,0.0,0.9703774869110849,0.015108913584256957
sweep_turn,observed_state_flow,20,3,1800,-16.355013470644593,-0.03437949955657028,0.052964834077764714,0.0,0.9773284081286854,0.011403733006118225
sweep_turn,observed_state_flow,50,3,1800,-15.224912970521135,-0.09005640206203676,0.09879646252939384,0.0,0.970562315583229,0.013959667845115748
sweep_turn,observed_state_flow,100,3,1800,-14.194752151384325,-0.18413340266502928,0.19567372046314024,0.0,0.9628584023316701,0.01487532916632411
sweep_turn,observed_state_flow,200,3,1800,-11.783321762990184,-0.38595570270360136,0.39908446998568253,0.0,0.937503660933839,0.016577895676600698
sweep_turn,observed_state_flow,500,3,1800,-5.895599918355151,-1.0876301579412473,1.1128454840776005,0.0,0.7955435800645501,0.03619563741428359
sweep_turn,local_dynamics,all,3,10800,-10.762707940534778,-0.03524230562762263,0.1647418304554034,0.0,0.927893447329664,0.015032767663854347
sweep_turn,local_dynamics,10,3,1800,-15.161909181702724,-0.00570137182835133,0.041977800907807075,0.0,0.9704295790195465,0.015078573721501782
sweep_turn,local_dynamics,20,3,1800,-16.344141436752004,-0.005715440122547631,0.04647140256680026,0.0,0.9773271558682124,0.011353432889987292
sweep_turn,local_dynamics,50,3,1800,-15.151927629799387,-0.01649459825097437,0.06875253654927087,0.0,0.9701733240485191,0.013732031455783679
sweep_turn,local_dynamics,100,3,1800,-13.908600835531503,-0.030770193760769556,0.12036986664682744,0.0,0.960443434284793,0.014299711643802213
sweep_turn,local_dynamics,200,3,1800,-11.203113938321312,-0.05508429719346067,0.21596767563692487,0.0,0.9284370364083184,0.014259195810530655
sweep_turn,local_dynamics,500,3,1800,-5.1899506670156565,-0.0976879326096322,0.49491170042479,0.0,0.7605501543485944,0.02147366046152047
uturn,hold,all,1,3600,-9.069707569982244,-0.019978991062405638,0.28853059465281555,0.0,0.8958454551382198,0.033090287628228354
uturn,hold,10,1,600,-11.840334106060018,-0.026453970296230787,0.15661856166208352,0.0,0.9428345393141111,0.03210965824378637
uturn,hold,20,1,600,-12.54866658721577,-0.030658293629852174,0.13911652131872562,0.0,0.9512089470028877,0.02736602755827936
uturn,hold,50,1,600,-11.38360448804388,-0.02473386552616527,0.19277632064414016,0.0,0.9371184707681338,0.03416878657787791
uturn,hold,100,1,600,-10.810530149056811,-0.028612924832923454,0.258391960358252,0.0,0.9263409973184268,0.03456518125732444
uturn,hold,200,1,600,-9.265137250999027,-0.0066943257479579145,0.33524596298414205,0.0,0.8937472474575042,0.03375649586169549
uturn,hold,500,1,600,-4.582552055708277,-0.0027205663413042203,0.6490342409495498,0.0,0.7238225289682547,0.03657557627040655
uturn,linear,all,1,3600,-8.195347714738956,0.47237521366456,0.6870268296397449,0.0,0.9229916716918038,0.0783873283965916
uturn,linear,10,1,600,-13.40845661334085,0.04002879924913941,0.2887888024666184,0.0,0.9601847497622172,0.02306059953373122
uturn,linear,20,1,600,-13.695639795709589,0.05865686950600927,0.2897026560252289,0.0,0.9631135192513466,0.021803013882860444
uturn,linear,50,1,600,-12.710916950097868,0.1378533464919019,0.3710668798664604,0.0,0.9555115870634715,0.02778560095252028
uturn,linear,100,1,600,-11.712688164288718,0.2702540203554478,0.49314797708570646,0.0,0.9472068784634272,0.03601678292208206
uturn,linear,200,1,600,-9.310079116442981,0.6061318581725815,0.7905552099083313,0.0,0.9252929976582527,0.064194925200148
uturn,linear,500,1,600,-2.346350580793009,1.7213263882122798,1.888899452486124,0.0,0.7866402979521081,0.29746304788820754
uturn,kalman,all,1,3600,-8.568505020565881,0.4133778359291793,0.629733993022527,0.0,0.9243354618906354,0.07045521888500134
uturn,kalman,10,1,600,-13.578031428666232,0.0009354155725789755,0.2530344147745685,0.0,0.9611315689484279,0.021868614060889087
uturn,kalman,20,1,600,-13.881695978374271,0.01649493964952247,0.24881469773614298,0.0,0.9639204962054888,0.020513489713945652
uturn,kalman,50,1,600,-12.916655514658135,0.08717137879966079,0.3203048406110368,0.0,0.95657146692276,0.02593015592111134
uturn,kalman,100,1,600,-11.969785436765473,0.20765571076306513,0.43697297386631057,0.0,0.9480060965816179,0.03300775879473799
uturn,kalman,200,1,600,-9.704628870773641,0.5276935822025673,0.7114549680998971,0.0,0.9267228518923124,0.057014406290024106
uturn,kalman,500,1,600,-2.775208859936391,1.6403159885876812,1.807822063047206,0.0,0.7896602907932053,0.26439688852929977
uturn,harmonic,all,1,3600,-2.302323468795747,0.6635054669582809,0.9632403279097819,0.0,0.8825035275966446,0.37303036250584837
uturn,harmonic,10,1,600,-0.3483074041799453,0.5308113970552707,0.7794041827251689,0.0,0.9082522383891046,0.6540210978258922
uturn,harmonic,20,1,600,-4.441372113967875,0.3574192448322962,0.6151280845800405,0.0,0.9182338487977783,0.24302860036704563
uturn,harmonic,50,1,600,-1.51001524574896,0.5197295318912862,0.7834944205932637,0.0,0.9045379522194466,0.4757169080134433
uturn,harmonic,100,1,600,-5.76824856444378,0.4384523283420519,0.7279911157649864,0.0,0.9144520837813616,0.1652145751846061
uturn,harmonic,200,1,600,-3.2042076414820886,0.7107616673813512,1.0063057432572047,0.0,0.8862784049163263,0.2808350796529461
uturn,harmonic,500,1,600,-0.9736246418994061,1.4238586322474294,1.867118420538027,0.0,0.7632666374758507,0.41936591399115664
uturn,cru,all,3,10800,-0.5343156315018388,-3.383729774121193,3.3949500372907884,0.0,0.27911295030201133,0.23206193975172937
uturn,cru,10,3,1800,-0.6193247463736962,-3.394344404342895,3.3946483889025534,0.0,0.29193556927244774,0.2314336654295524
uturn,cru,20,3,1800,-0.6230943660501882,-3.3982935842416353,3.3983488472095793,0.0,0.2919006639718484,0.23153530712239445
uturn,cru,50,3,1800,-0.6181239692932107,-3.391586790338883,3.3917682006153176,0.0,0.29181635138856615,0.23164581404378018
uturn,cru,100,3,1800,-0.6099099547687025,-3.3941062586069,3.3951556086832553,0.0,0.2902417339524719,0.2317760156498601
uturn,cru,200,3,1800,-0.5532693594969958,-3.369256642290016,3.374135858952003,0.0,0.28120820298422283,0.23169864761539632
uturn,cru,500,3,1800,-0.19870613435792672,-3.354790964906828,3.415643319382022,0.0,0.227575180242511,0.2342821886493928
uturn,latent_ode,all,3,10800,-1.4677384244922544,-5.252929906322388,5.269751880572962,0.034074074074074076,0.33506677881777597,0.2993200783640215
uturn,latent_ode,10,3,1800,-1.585174064479173,-5.401002657413483,5.401002657413483,0.03944444444444444,0.35016037903248065,0.30443928849262497
uturn,latent_ode,20,3,1800,-1.5853631770991923,-5.396145669900709,5.396145669900709,0.030555555555555555,0.3500779350182453,0.3039556381540994
uturn,latent_ode,50,3,1800,-1.5814354031524955,-5.362961190582977,5.362961190582977,0.03388888888888889,0.3495695143678812,0.30279779974164234
uturn,latent_ode,100,3,1800,-1.5690284265072059,-5.319196419238837,5.319196419238837,0.03888888888888889,0.3473560468079701,0.30085245466170213
uturn,latent_ode,200,3,1800,-1.5009132893444066,-5.196908415618818,5.201583024113594,0.024444444444444446,0.33657162337298663,0.29658755518289076
uturn,latent_ode,500,3,1800,-1.014893926718064,-4.841365085179504,4.937622322188173,0.03722222222222222,0.2766651743070919,0.2872877339511696
uturn,neural_flow,all,3,10800,-0.034325994014052875,-9.778987732452375,9.778987732452375,0.6501851851851852,0.07121462803110268,0.5499631247841925
uturn,neural_flow,10,3,1800,-0.05150299876667361,-9.738498289452659,9.738498289452659,0.6688888888888889,0.07488644038036729,0.5482304355667698
uturn,neural_flow,20,3,1800,-0.050986424490695015,-9.74564133087794,9.74564133087794,0.6761111111111111,0.07473740861355048,0.5480379513278604
uturn,neural_flow,50,3,1800,-0.04890732787775584,-9.748137765460545,9.748137765460545,0.6738888888888889,0.07421796079980542,0.548511342017187
uturn,neural_flow,100,3,1800,-0.0461418069342352,-9.774082159333759,9.774082159333759,0.6711111111111111,0.07322123532562776,0.5496652789165576
uturn,neural_flow,200,3,1800,-0.033248459972491845,-9.790662994914584,9.790662994914584,0.6433333333333333,0.07043180581109706,0.550771741701497
uturn,neural_flow,500,3,1800,0.02432672082319562,-9.876903854674763,9.876903854674763,0.5677777777777778,0.059792917256168004,0.5545619991752836
uturn,tpatchgnn,all,3,10800,-3.7591117351676724,-4.315967003956371,4.419385298958984,0.3264814814814815,0.6040497352377643,0.24411466644619834
uturn,tpatchgnn,10,3,1800,-4.002255197836477,-4.170643501771006,4.284920816631897,0.32944444444444443,0.6219518942913972,0.2415192502442126
uturn,tpatchgnn,20,3,1800,-4.035728038686491,-4.180208156077068,4.276000450010534,0.3322222222222222,0.6248460366040086,0.2405739412370086
uturn,tpatchgnn,50,3,1800,-4.018224839860058,-4.210588918334453,4.313578813756879,0.33,0.6243734832475418,0.2425138805140482
uturn,tpatchgnn,100,3,1800,-4.01459088080769,-4.267805889697872,4.364793258481061,0.33055555555555555,0.623997807153827,0.24289785051032795
uturn,tpatchgnn,200,3,1800,-3.8706731222276307,-4.352012951068723,4.443365001475969,0.33,0.6126812556316582,0.24415027419868335
uturn,tpatchgnn,500,3,1800,-2.7672690562429327,-4.714542606789101,4.833653453397565,0.30666666666666664,0.5164479344981527,0.25303280197290906
uturn,observed_state_flow,all,3,10800,-9.816224159907291,-0.43812234451838744,0.5333348048685352,0.0,0.91068113036167,0.03721538195193207
uturn,observed_state_flow,10,3,1800,-11.913362987705398,-0.0689364062274843,0.17680638804514376,0.0,0.9434328875939051,0.03163911509752623
uturn,observed_state_flow,20,3,1800,-12.667539192745107,-0.11368423011137768,0.18133188201745118,0.0,0.9520566397574213,0.026835634811945414
uturn,observed_state_flow,50,3,1800,-11.691184347852715,-0.2246621603799253,0.30205620487739604,0.0,0.9402839365932677,0.03286019900729616
uturn,observed_state_flow,100,3,1800,-11.415726443429184,-0.407423578895622,0.4767150339529811,0.0,0.9344321672121684,0.03340531118634514
uturn,observed_state_flow,200,3,1800,-10.29171489749281,-0.6832320224025493,0.7401496960618533,0.0,0.9157138044635454,0.03620667157035006
uturn,observed_state_flow,500,3,1800,-5.622015379074783,-1.1307956690933658,1.322949624256386,0.0,0.7781673465497119,0.062345360038129356
uturn,local_dynamics,all,3,10800,-9.599542767235853,0.013505840564774156,0.2942819748900721,0.0,0.9098381113064372,0.032539116735609
uturn,local_dynamics,10,3,1800,-11.982836463900215,-0.03351656400982999,0.15728603335872726,0.0,0.944411515129937,0.031098566084505723
uturn,local_dynamics,20,3,1800,-12.801676704301224,-0.04293067536277401,0.1403802332202617,0.0,0.9535814384288258,0.02581939893904034
uturn,local_dynamics,50,3,1800,-11.918283234793572,-0.04872626716771871,0.19352958991574268,0.0,0.9434084790613916,0.030130648233656104
uturn,local_dynamics,100,3,1800,-11.585316694481417,-0.06048791830684018,0.25733491075358367,0.0,0.9368653334511651,0.02830963360393066
uturn,local_dynamics,200,3,1800,-10.024163166725232,-0.019484139116028826,0.33480310285584286,0.0,0.9100883398122258,0.027573499035061056
uturn,local_dynamics,500,3,1800,-5.100508482118251,0.28618060735183665,0.6823579792362742,0.0,0.7706735619550777,0.052302954517460074
climb_descent,hold,all,1,3600,-11.600129738744219,-0.03579602242210209,0.18142299048646793,0.0,0.9371741442879041,0.015657228327565616
climb_descent,hold,10,1,600,-16.850370733654067,-0.007479950768217041,0.05474985019348116,0.0,0.9799416557947794,0.010244347333743112
climb_descent,hold,20,1,600,-14.465786988833742,-0.005799905386735791,0.09100007487303624,0.0,0.9654785092671713,0.0176222911610481
climb_descent,hold,50,1,600,-15.152398783458887,-0.027806958329941456,0.12665434404664358,0.0,0.9711831832925478,0.014182471006351942
climb_descent,hold,100,1,600,-14.225559465800561,-0.03500916228826706,0.1609973114665566,0.0,0.9652912920713425,0.01489232235743349
climb_descent,hold,200,1,600,-11.952292215146196,-0.06999305961831245,0.24275756543350022,0.0,0.9425645882884661,0.01632496371523298
climb_descent,hold,500,1,600,-6.4483338731600295,-0.06868709814113876,0.4123787969055896,0.0,0.7985856370131175,0.020676974391584082
climb_descent,linear,all,1,3600,-12.306573998852476,0.3815720927203883,0.45576892846298706,0.0,0.9639529877404371,0.03134178440164957
climb_descent,linear,10,1,600,-17.10183496016437,0.043996715691076424,0.12149276632301427,0.0,0.9820708411931992,0.009791655851125396
climb_descent,linear,20,1,600,-16.271281189892132,0.06470868653106054,0.14545431353707192,0.0,0.9784480993946393,0.011875593852843497
climb_descent,linear,50,1,600,-16.157383666519156,0.10365022538838577,0.18160905413729778,0.0,0.9789532982309659,0.012280907793683531
climb_descent,linear,100,1,600,-15.324633753095995,0.20992168938314232,0.2853017727918147,0.0,0.9765846102436384,0.01526160960820557
climb_descent,linear,200,1,600,-13.148588331498964,0.4397085950845697,0.5143638805202985,0.0,0.9664556881785393,0.02607709293450166
climb_descent,linear,500,1,600,-6.826037870993612,1.4274466442440947,1.4863917834684253,0.0,0.9012053892016411,0.11276384636953779
climb_descent,kalman,all,1,3600,-11.302191512858721,0.3581709705605843,0.44137406531324813,0.0,0.9536116687539551,0.040577209234929246
climb_descent,kalman,10,1,600,-17.28716502098443,-0.0012932210772608748,0.08416463532349246,0.0,0.9820386761426926,0.009327850129872436
climb_descent,kalman,20,1,600,-15.729042498926805,0.016421918066334903,0.10633935993789535,0.0,0.9744863052169482,0.013340088128412949
climb_descent,kalman,50,1,600,-15.901084726656741,0.04860668360214427,0.1416210288218523,0.0,0.9764521870017052,0.012827416015752486
climb_descent,kalman,100,1,600,-14.508780891189373,0.15059716751721378,0.2279917039377809,0.0,0.9696956597765287,0.017967353877587158
climb_descent,kalman,200,1,600,-11.948302421095775,0.39435273210867305,0.4844682788976934,0.0,0.9522020667791367,0.033589366776868655
climb_descent,kalman,500,1,600,-5.619463286687037,1.5403405431464003,1.6036593849607743,0.0,0.8667951176067193,0.15641118048108177
climb_descent,harmonic,all,1,3600,-5.81709563452819,0.4212716729305432,0.5665797304375441,0.0,0.905071714286589,0.12302506176621436
climb_descent,harmonic,10,1,600,-5.192704834637345,0.33250090037222246,0.4397244885085771,0.0,0.9377950084581971,0.17706437296617267
climb_descent,harmonic,20,1,600,-7.638413392735548,0.2382525733365037,0.34301323999655625,0.0,0.9430853625138601,0.08711312130459793
climb_descent,harmonic,50,1,600,-6.7605036450885825,0.28903308560489677,0.42268758321588396,0.0,0.9327670395746828,0.10778454850357468
climb_descent,harmonic,100,1,600,-7.590624313652067,0.2922566313409091,0.42107846155723866,0.0,0.9295027260109783,0.08073865524434945
climb_descent,harmonic,200,1,600,-5.248838714037439,0.4565332623565761,0.6028135492937448,0.0,0.8982780458033085,0.14416848592285528
climb_descent,harmonic,500,1,600,-3.8342373262206166,0.9190535845721509,1.1701610600532635,0.0,0.7890021033585072,0.14128118665573608
climb_descent,cru,all,3,10800,-1.7899721305350775,-2.0534558177787674,2.0534558177787674,0.002037037037037037,0.5050639141185153,0.1528136574996083
climb_descent,cru,10,3,1800,-1.9604893103028016,-2.023040800417463,2.023040800417463,0.0,0.5224156963619424,0.15135556422173976
climb_descent,cru,20,3,1800,-1.9550429502447928,-2.0215890139175787,2.0215890139175787,0.0,0.5224341379699025,0.1514673282785548
climb_descent,cru,50,3,1800,-1.9474925749149796,-2.0442554588781463,2.0442554588781463,0.0,0.5224646318409761,0.1520485646929592
climb_descent,cru,100,3,1800,-1.9208457087056123,-2.0524698762223124,2.0524698762223124,0.0,0.5203514496487939,0.15258750564108292
climb_descent,cru,200,3,1800,-1.8150931245289856,-2.0891502693088517,2.0891502693088517,0.0,0.5092287010444954,0.15431312874890865
climb_descent,cru,500,3,1800,-1.194825275315312,-2.0902294879282515,2.0902294879282515,0.012222222222222223,0.43348886784498114,0.15510985341440472
climb_descent,latent_ode,all,3,10800,-2.1989161515596134,-4.549158003725774,4.550047267452497,0.023055555555555555,0.46045360102366,0.2576447314243005
climb_descent,latent_ode,10,3,1800,-2.4417571460564647,-4.67506520519654,4.67506520519654,0.016666666666666666,0.48736721874732536,0.26192789887078105
climb_descent,latent_ode,20,3,1800,-2.4333584979600187,-4.663476384845045,4.663476384845045,0.018333333333333333,0.48649353953407287,0.26151264585140677
climb_descent,latent_ode,50,3,1800,-2.4090457263402425,-4.654271627631452,4.654271627631452,0.025555555555555557,0.48367146573559255,0.2611350305388785
climb_descent,latent_ode,100,3,1800,-2.357380593046661,-4.609076890779866,4.609076890779866,0.028888888888888888,0.4775542700267984,0.25936422232952383
climb_descent,latent_ode,200,3,1800,-2.199517991003283,-4.533493339104785,4.533493339104785,0.029444444444444443,0.4585102480597533,0.2570389672058324
climb_descent,latent_ode,500,3,1800,-1.442958410230755,-4.159564574796952,4.164900157157293,0.019444444444444445,0.3691248640384174,0.2448896237493803
climb_descent,neural_flow,all,3,10800,-0.878772698822869,-7.0642609534440215,7.0642609534440215,0.17962962962962964,0.2513785951860588,0.41369398367280763
climb_descent,neural_flow,10,3,1800,-0.9666336528266766,-6.992804791265064,6.992804791265064,0.17888888888888888,0.26501732011326795,0.4108119445708063
climb_descent,neural_flow,20,3,1800,-0.9608157430978819,-6.9937947916984555,6.9937947916984555,0.17888888888888888,0.2640980161494748,0.41093317185425093
climb_descent,neural_flow,50,3,1800,-0.9468822443982698,-7.0257585458623035,7.0257585458623035,0.1811111111111111,0.26174519234451393,0.41203268186085756
climb_descent,neural_flow,100,3,1800,-0.9228227647543457,-7.04790259692404,7.04790259692404,0.18666666666666668,0.2578669696072122,0.412821946516633
climb_descent,neural_flow,200,3,1800,-0.8601192675948766,-7.1146244591474535,7.1146244591474535,0.18444444444444444,0.24755939572507182,0.4156692886600892
climb_descent,neural_flow,500,3,1800,-0.6253493753223549,-7.210680535766813,7.210680535766813,0.16777777777777778,0.21198467717681233,0.41989486857420866
climb_descent,tpatchgnn,all,3,10800,-4.238524582193223,-4.638739806047345,4.6575560908361515,0.3335185185185185,0.6478290966897206,0.2468984053658399
climb_descent,tpatchgnn,10,3,1800,-4.408144653967467,-4.418070468159163,4.449189331329948,0.3333333333333333,0.6580474932290721,0.23996546509526925
climb_descent,tpatchgnn,20,3,1800,-4.388601606577157,-4.423671093791112,4.4543121374299615,0.3333333333333333,0.6565810641106186,0.24148847446091368
climb_descent,tpatchgnn,50,3,1800,-4.412968218088274,-4.48360526443312,4.506674696896145,0.3327777777777778,0.659722275009125,0.24234114384246314
climb_descent,tpatchgnn,100,3,1800,-4.410131700920484,-4.543984654894943,4.56042681268231,0.3333333333333333,0.6612610097959745,0.2439784469745225
climb_descent,tpatchgnn,200,3,1800,-4.323202070095783,-4.69541513604888,4.705872134267766,0.3327777777777778,0.6571484288712802,0.24849364463136425
climb_descent,tpatchgnn,500,3,1800,-3.5578044161773157,-5.267692218956848,5.268861432410777,0.33555555555555555,0.5942143091222534,0.26512325719050645
climb_descent,observed_state_flow,all,3,10800,-13.024806516715223,-0.44131218263545846,0.4773181816752587,0.0002777777777777778,0.9563776090161668,0.021013229418338684
climb_descent,observed_state_flow,10,3,1800,-16.900442955549448,-0.03473843703260878,0.06284255184539381,0.0,0.980118831064966,0.010161758049434819
climb_descent,observed_state_flow,20,3,1800,-14.57437299615486,-0.05995257996154526,0.10740141216680914,0.0,0.9661710423562262,0.017311806963463978
climb_descent,observed_state_flow,50,3,1800,-15.437343866103602,-0.1633404507664899,0.20149684200228268,0.0,0.9729345386226972,0.014068401100836684
climb_descent,observed_state_flow,100,3,1800,-14.982047298607222,-0.308067023924539,0.3434759392172176,0.0,0.9712800636887551,0.015235804507925981
climb_descent,observed_state_flow,200,3,1800,-13.421635822822932,-0.6226877351715747,0.6494705619218035,0.0,0.9619004560841454,0.02029260076394869
climb_descent,observed_state_flow,500,3,1800,-8.605095107644638,-1.459086868955993,1.4992217828980452,0.0016666666666666668,0.885860722280211,0.04900900512442195
climb_descent,local_dynamics,all,3,10800,-12.492887491589498,0.018531505709432974,0.18633727412495116,0.0,0.9499937101757084,0.015955264733928932
climb_descent,local_dynamics,10,3,1800,-16.9193107391118,-0.007907050284276105,0.05481850342224986,0.0,0.9802468713124594,0.010091394582377637
climb_descent,local_dynamics,20,3,1800,-14.612734021396525,-0.00593157300321359,0.09090961678669067,0.0,0.9666029656926791,0.017065709508549593
climb_descent,local_dynamics,50,3,1800,-15.445623063361122,-0.02566237171422876,0.12554846349540738,0.0,0.9731001380748219,0.013416179048565178
climb_descent,local_dynamics,100,3,1800,-14.784048551240996,-0.024620193041943517,0.15805720248747093,0.0,0.9697318646974034,0.01360809049656377
climb_descent,local_dynamics,200,3,1800,-12.784746281408543,-0.02734723024220431,0.23122019994116474,0.0,0.9532972897092501,0.01527702200208695
climb_descent,local_dynamics,500,3,1800,-7.730920201244485,0.20265745254246414,0.4574696586167233,0.0,0.8569831315676372,0.02627319276543045
occlusion,hold,all,1,3600,1.577071784473236,-0.1822254079965872,2.101489635797958,0.029444444444444443,0.8407158906629127,0.6223894502305605
occlusion,hold,10,1,600,-7.21286726809209,-0.06878117528881073,0.3604120485427484,0.0016666666666666668,0.8924419967581828,0.06408386905112512
occlusion,hold,20,1,600,-3.068650169365233,-0.06852552607796193,0.6255531650829653,0.0016666666666666668,0.8301603292083989,0.14316219037000938
occlusion,hold,50,1,600,-0.9437093297476896,-0.08014522723620758,1.090205059282016,0.006666666666666667,0.8754559746012092,0.19753728267979262
occlusion,hold,100,1,600,1.0426760811651112,-0.08961619183925601,1.7442437090992462,0.006666666666666667,0.8472226498089731,0.36997194974528
occlusion,hold,200,1,600,2.2809041489298623,-0.30913806763477625,2.992589744882037,0.016666666666666666,0.8413987681871125,0.7356094954389846
occlusion,hold,500,1,600,6.208460005077151,-0.4771462599025108,5.795934087898737,0.14333333333333334,0.7576156254136004,2.223971914098171
occlusion,linear,all,1,3600,7.4863291605394995,0.4094509586662348,3.4073607557624848,0.04027777777777778,0.8293039902253239,4.2942153898992705
occlusion,linear,10,1,600,-3.485535919243476,-1.110800565997973,2.0759372648463854,0.04666666666666667,0.8577114310286318,0.15842904512445477
occlusion,linear,20,1,600,-2.437447508517833,-0.9622029994326294,2.131370648548376,0.043333333333333335,0.8379645940195769,0.1782531320633522
occlusion,linear,50,1,600,-0.763523686665971,-0.5390116838210572,2.3046617685157496,0.04,0.8531028169361525,0.2381279383469761
occlusion,linear,100,1,600,1.6192812608142761,0.13507777358555662,2.7485537460073344,0.035,0.8425724264358481,0.5351708831153034
occlusion,linear,200,1,600,5.005855037392957,1.1357789217339207,3.8609773460434127,0.03166666666666667,0.8330119253555313,1.8644691356255982
occlusion,linear,500,1,600,14.33906895441509,3.797864305929591,7.32266376061365,0.045,0.7514607475762023,22.79084220511994
occlusion,kalman,all,1,3600,6.8621924327132655,0.4214600565127613,3.10962210041316,0.02388888888888889,0.8368184254745978,3.600256169478461
occlusion,kalman,10,1,600,-4.205293312157606,-1.2056779377901208,1.9394036808310677,0.03,0.8659556079780062,0.13522412013640855
occlusion,kalman,20,1,600,-2.9258472692845654,-1.0467147580801974,1.9590288929777064,0.028333333333333332,0.8415847521647811,0.15288297318077335
occlusion,kalman,50,1,600,-1.2142329542675236,-0.5905406740965554,2.038740082635195,0.02666666666666667,0.8605425617021198,0.18562798743359357
occlusion,kalman,100,1,600,1.218367104684805,0.1374758726524548,2.395360004768857,0.018333333333333333,0.8464669853200515,0.43604689598374535
occlusion,kalman,200,1,600,4.482292116448925,1.2215406989769932,3.4573087386008896,0.013333333333333334,0.8418850768811535,1.5898106150627913
occlusion,kalman,500,1,600,13.683912987801357,4.012677137413993,6.867891202665245,0.02666666666666667,0.764475568801475,19.10194442507345
occlusion,harmonic,all,1,3600,5.497423590948925,-0.019916359329201643,3.829291934899229,0.04555555555555556,0.8251208763663535,2.2811346552300447
occlusion,harmonic,10,1,600,0.2673319267970957,-0.15737274178284374,2.218045243876792,0.0016666666666666668,0.8623010999243707,0.5163102799993552
occlusion,harmonic,20,1,600,-0.0746309722892899,-0.2248619271062004,2.3060235700174236,0.005,0.8565774183759155,0.4509049391022806
occlusion,harmonic,50,1,600,0.9057170483200343,-0.10930570118206863,2.6473571730738814,0.008333333333333333,0.8516102567811807,0.5000777871227668
occlusion,harmonic,100,1,600,3.0021292687961445,-0.014460853094545504,3.3720957452539975,0.03,0.8349999124944831,0.8723363384837285
occlusion,harmonic,200,1,600,4.746537037970041,0.17606999420095235,4.540136282324481,0.05333333333333334,0.8030322288807171,1.5474360811690955
occlusion,harmonic,500,1,600,11.145640370380823,0.2104330729894961,7.8920935948488,0.175,0.7422043417414534,9.799742505503042
occlusion,cru,all,3,10800,0.04206181867130074,-24.264451332842864,24.264451332842864,0.9863888888888889,0.0030066194142271373,0.8804593281641051
occlusion,cru,10,3,1800,0.025086008064657585,-24.151102117432487,24.151102117432487,1.0,0.0029638826327402176,0.8893364975849788
occlusion,cru,20,3,1800,0.02645390112893521,-24.152116987440323,24.152116987440323,1.0,0.0029626966249152523,0.8888786463605033
occlusion,cru,50,3,1800,0.02754510955791222,-24.167110753589206,24.167110753589206,1.0,0.002969989175232508,0.8873644132084316
occlusion,cru,100,3,1800,0.03253778560922928,-24.18070555978351,24.18070555978351,0.9972222222222222,0.0030096163121816075,0.8846609650386704
occlusion,cru,200,3,1800,0.04255575737090272,-24.402796200911204,24.402796200911204,0.99,0.0029999480333601962,0.8798809930351046
occlusion,cru,500,3,1800,0.09773809167288651,-24.53287637790044,24.53287637790044,0.9311111111111111,0.0031335837069330404,0.8526344537569417
occlusion,latent_ode,all,3,10800,0.0017610061044533941,-42.57132567582307,42.57132567582307,1.0,0.0056181651463805115,0.9831041052330424
occlusion,latent_ode,10,3,1800,0.0014086681235599443,-42.19120264583164,42.19120264583164,1.0,0.006015318142433773,0.9845929967694812
occlusion,latent_ode,20,3,1800,0.001394117283444105,-42.272097511291506,42.272097511291506,1.0,0.005998483110868747,0.9845601372586357
occlusion,latent_ode,50,3,1800,0.0016144855580386094,-42.44288632180956,42.44288632180956,1.0,0.0058670501596008095,0.9845293441414833
occlusion,latent_ode,100,3,1800,0.0016672859231784938,-42.5689750289917,42.5689750289917,1.0,0.0057442553089625875,0.9839579350418515
occlusion,latent_ode,200,3,1800,0.0015046035667480315,-42.831334602567885,42.831334602567885,1.0,0.005113643049461493,0.9832530956466993
occlusion,latent_ode,500,3,1800,0.002976665174412286,-43.12145794444614,43.12145794444614,1.0,0.0049702411069556555,0.9777311225401031
occlusion,neural_flow,all,3,10800,0.001521514825343375,-43.793806818149704,43.793806818149704,1.0,0.008150068706212748,0.9840585201150841
occlusion,neural_flow,10,3,1800,0.0011978713396444624,-43.68527585029602,43.68527585029602,1.0,0.008386113715708486,0.9857188862231042
occlusion,neural_flow,20,3,1800,0.0012459172772956583,-43.71677455796136,43.71677455796136,1.0,0.008373673976262631,0.9856467371516757
occlusion,neural_flow,50,3,1800,0.0013263039145029961,-43.67945882691277,43.67945882691277,1.0,0.008599539074415944,0.985345810022619
occlusion,neural_flow,100,3,1800,0.0013279993586741649,-43.72814894040425,43.72814894040425,1.0,0.008580603744621034,0.9847899036275016
occlusion,neural_flow,200,3,1800,0.0015702104713188221,-43.932694583468965,43.932694583468965,1.0,0.008520340149030607,0.9842001649737359
occlusion,neural_flow,500,3,1800,0.002460655266262731,-44.02048814985487,44.02048814985487,1.0,0.0064401415772377835,0.9786496186918683
occlusion,tpatchgnn,all,3,10800,-0.004686348481554874,-32.95215880389567,32.95215880389567,0.995462962962963,0.020125559944491958,0.9430050259249078
occlusion,tpatchgnn,10,3,1800,-0.013063312750447621,-31.686021954748366,31.686021954748366,1.0,0.015595962257066356,0.9447994847430123
occlusion,tpatchgnn,20,3,1800,-0.012835452621073693,-32.31787513362037,32.31787513362037,1.0,0.01700239537781987,0.9470636809865633
occlusion,tpatchgnn,50,3,1800,-0.012989842608568204,-31.886503035757276,31.886503035757276,1.0,0.021105793075779453,0.9472342771291733
occlusion,tpatchgnn,100,3,1800,-0.01139210603014396,-32.34444371700287,32.34444371700287,1.0,0.02566278006109616,0.9471959577666389
occlusion,tpatchgnn,200,3,1800,-0.009469010673734585,-34.060052943759494,34.060052943759494,1.0,0.028187166857797305,0.9467460125353602
occlusion,tpatchgnn,500,3,1800,0.03144942656852649,-35.41805603848563,35.41805603848563,0.9727777777777777,0.013199262037392603,0.9249907423886988
occlusion,observed_state_flow,all,3,10800,-1.82408456738473,-10.721273076892658,10.855615092364422,0.31953703703703706,0.8343577233714825,0.4032045547966738
occlusion,observed_state_flow,10,3,1800,-7.42140364569189,-0.737607029037964,0.795359418703075,0.0016666666666666668,0.8928373766856061,0.0648094523161934
occlusion,observed_state_flow,20,3,1800,-3.5644650069307815,-1.411335125950993,1.5583689105919458,0.0033333333333333335,0.8312464267206896,0.13879191092111998
occlusion,observed_state_flow,50,3,1800,-1.9987168568187021,-3.473509031049907,3.7045492897389662,0.008333333333333333,0.8773510309308767,0.20635832438167806
occlusion,observed_state_flow,100,3,1800,-0.8016066552925565,-6.983486476638355,7.223118674880825,0.04777777777777778,0.8498891280239655,0.3894060678055717
occlusion,observed_state_flow,200,3,1800,-0.6038720314535928,-14.440628963319792,14.571222424912785,0.8588888888888889,0.8386962146707487,0.6632124814494617
occlusion,observed_state_flow,500,3,1800,-0.05123236115668568,-37.28107183535894,37.28107183535894,0.9972222222222222,0.7161261631970087,0.9566490919060178
occlusion,local_dynamics,all,3,10800,0.6844078181346168,-1.0366878345872836,2.5917605137046236,0.047592592592592596,0.8387823202577258,0.4779928515459216
occlusion,local_dynamics,10,3,1800,-7.2577772411334065,-0.1265936635891881,0.3836948593522862,0.0016666666666666668,0.8924136897838778,0.0635977997259437
occlusion,local_dynamics,20,3,1800,-3.1966933522932943,-0.18512599980463973,0.6748869371373227,0.0016666666666666668,0.8303127135613209,0.13815171999226245
occlusion,local_dynamics,50,3,1800,-1.36790398747018,-0.37986151118403844,1.2288813076719007,0.006666666666666667,0.87632667850703,0.16729962861614897
occlusion,local_dynamics,100,3,1800,0.17427508040791728,-0.7193747965124849,2.057690273027919,0.008333333333333333,0.8487137378883522,0.2757955298720885
occlusion,local_dynamics,200,3,1800,0.800911733284536,-1.7126716183577406,3.723157227537207,0.027777777777777776,0.8405510712037924,0.4641969009397629
occlusion,local_dynamics,500,3,1800,5.294083290696953,-3.0964994180756102,7.482252477501105,0.23944444444444443,0.7443760306019814,1.758915530129323
