experiment,family,model,seed_count,seeds,expected_seed_count,seeds_complete,seed_nmse_db_min,seed_nmse_db_max,query_band_ms,targets,windows,nmse_linear,nmse_db,energy_weighted_nmse_db,median_target_nmse_db,p90_target_nmse_db,fraction_target_nmse_below_0db,cluster_count,cluster_kind,nmse_db_ci_low,nmse_db_ci_high,amplitude_nmse,shape_correlation,gain_abs_error_db
offgrid,climb_descent,cru,3,"17,29,43",3,True,-1.8045799998161252,-1.4090225180394722,0–20,14,14,0.6427942078915381,-1.9192804524422022,-2.1773691324675033,-4.540506552587484,1.8451493092223699,0.7142857142857143,3,trajectory,-8.216368814842562,1.2218342126549846,0.15293910425333748,0.5077323951270609,2.028712852370171
offgrid,climb_descent,cru,3,"17,29,43",3,True,-1.8045799998161252,-1.4090225180394722,20–50,11,10,0.31677540188485925,-4.992485494323842,-4.694820305538192,-9.19913115461494,-0.147455050414104,0.9090909090909091,3,trajectory,-8.07219302627831,-0.147455050414104,0.11095765571702607,0.7175861610607667,1.4283322791258495
offgrid,climb_descent,cru,3,"17,29,43",3,True,-1.8045799998161252,-1.4090225180394722,50–100,36,32,0.6924278803031751,-1.5962545376883819,-2.554191650749276,-5.951276581204352,2.2690701555918666,0.6111111111111112,3,trajectory,-8.833174281393651,1.51436108078042,0.14918375339497017,0.4981132811034118,1.9862802610905084
offgrid,climb_descent,cru,3,"17,29,43",3,True,-1.8045799998161252,-1.4090225180394722,100–200,50,42,0.6409595455725987,-1.9316938029244448,-2.9363426188613384,-6.707842997163004,2.146122428499111,0.64,3,trajectory,-8.33043208562973,1.6177251910589752,0.14197501714030897,0.535203352111639,1.901308403015137
offgrid,climb_descent,cru,3,"17,29,43",3,True,-1.8045799998161252,-1.4090225180394722,200–500,177,68,0.7426446177865152,-1.2921896209022923,-1.9253840268170759,-3.5476337263696895,2.2465924008623332,0.632768361581921,3,trajectory,-6.951586601445156,1.472896049341461,0.16314883548029732,0.4487487131419934,2.1480455616043566
offgrid,climb_descent,harmonic,1,,1,True,-5.221877144393549,-5.221877144393549,0–20,14,14,0.04878924827789883,-13.116758732440667,-11.753648009831114,-17.959070368937212,-10.216834081984226,1.0,3,trajectory,-18.50044589865164,-10.889133434227347,0.012720128099317626,0.9546435858522143,0.14012738490211113
offgrid,climb_descent,harmonic,1,,1,True,-5.221877144393549,-5.221877144393549,20–50,11,10,1.2672739639158614,1.028705124012763,2.7351989922034665,-12.344232570229906,-8.881516020359845,0.9090909090909091,3,trajectory,-16.765655410982326,3.5710035689365767,0.874087996262295,0.8753186071460898,1.290781999483112
offgrid,climb_descent,harmonic,1,,1,True,-5.221877144393549,-5.221877144393549,50–100,36,32,0.06327806701301593,-11.987467959200313,-11.806318045652667,-16.693961753562363,-7.156823168512637,1.0,3,trajectory,-12.692994002092595,-11.512464999736265,0.022657100657751325,0.9475061363644071,0.26588920045307735
offgrid,climb_descent,harmonic,1,,1,True,-5.221877144393549,-5.221877144393549,100–200,50,42,0.09781371721997853,-10.09600236263495,-9.244945240762833,-14.08759869518376,-6.29238029490765,1.0,3,trajectory,-11.681406358196016,-8.389168237080128,0.02867772174533452,0.9211643695831299,0.4212473898380995
offgrid,climb_descent,harmonic,1,,1,True,-5.221877144393549,-5.221877144393549,200–500,177,68,0.3657956275165523,-4.367614901028575,-2.5960467542278556,-8.45116503573636,-3.539679493399433,0.9717514124293786,3,trajectory,-8.864822704876747,-1.0320484499954037,0.15070297726953535,0.8532254308630518,0.8869887101385048
offgrid,climb_descent,hold,1,,1,True,-10.023935292464433,-10.023935292464433,0–20,14,14,0.014460639911703713,-18.398124882328638,-17.18370945819696,-23.173569610497076,-14.342347366982263,1.0,3,trajectory,-26.54928433144061,-16.348568293759012,0.007210206105290599,0.9859648815223149,0.05636651098861223
offgrid,climb_descent,hold,1,,1,True,-10.023935292464433,-10.023935292464433,20–50,11,10,0.05316447830674318,-12.743784434179794,-12.52539595571098,-13.249220249975988,-9.691801406963771,1.0,3,trajectory,-20.5552928056603,-12.387414241563587,0.02610078566199672,0.9490388144146312,0.11112318086353211
offgrid,climb_descent,hold,1,,1,True,-10.023935292464433,-10.023935292464433,50–100,36,32,0.03291947693408773,-14.825470740200382,-14.001275445493935,-16.729804743382402,-11.069431327024585,1.0,3,trajectory,-18.267901867419166,-12.923784009809651,0.013944717517006162,0.969424941473537,0.1308559819687313
offgrid,climb_descent,hold,1,,1,True,-10.023935292464433,-10.023935292464433,100–200,50,42,0.05028692133724684,-12.985449519148213,-12.201980643906829,-14.760444550711448,-9.341154328588345,1.0,3,trajectory,-15.410711667786305,-11.980951493558916,0.016144863350782496,0.9556792140007019,0.2244370823446661
offgrid,climb_descent,hold,1,,1,True,-10.023935292464433,-10.023935292464433,200–500,177,68,0.1364689579451888,-8.649661246398905,-7.549773678832997,-9.752069419377698,-5.0224642895060425,1.0,3,trajectory,-11.90376046763803,-6.757948878082203,0.02013490581523233,0.8777961340327721,0.338588318039037
offgrid,climb_descent,kalman,1,,1,True,-9.291076787331082,-9.291076787331082,0–20,14,14,0.011125669074577349,-19.536738619956196,-19.407459910623523,-22.286286929522312,-15.962663606161161,1.0,3,trajectory,-25.759171813820178,-17.015844258469286,0.0055803380590597,0.9890898593834468,0.04759561449256056
offgrid,climb_descent,kalman,1,,1,True,-9.291076787331082,-9.291076787331082,20–50,11,10,0.04362712356007907,-13.602434201364062,-13.547110257023663,-14.06680498576334,-11.0135429174764,1.0,3,trajectory,-14.06680498576334,-13.359903459780636,0.021839691643518434,0.9606036923148416,0.19630119636316187
offgrid,climb_descent,kalman,1,,1,True,-9.291076787331082,-9.291076787331082,50–100,36,32,0.03673289942930242,-14.349447902376333,-13.096244812647983,-19.12810384186551,-10.481052822905795,1.0,3,trajectory,-18.619030298226537,-12.920355458517887,0.01852888531963491,0.9687637289365133,0.217790512368083
offgrid,climb_descent,kalman,1,,1,True,-9.291076787331082,-9.291076787331082,100–200,50,42,0.045752695205155715,-13.395833173734959,-12.566400496142853,-16.513594546115485,-8.230799698264642,1.0,3,trajectory,-15.680544876600447,-12.372297845389955,0.024395917457295527,0.9644271957874299,0.34077994409017265
offgrid,climb_descent,kalman,1,,1,True,-9.291076787331082,-9.291076787331082,200–500,177,68,0.1675760866363801,-7.757879557704071,-6.780295960999473,-10.977832571839512,-3.2896152190252472,0.9943502824858758,3,trajectory,-10.270217402102947,-6.3896782455811305,0.09709842342029631,0.9048508641410009,1.1612898727673722
offgrid,climb_descent,latent_ode,3,"17,29,43",3,True,-1.9749070364220342,-1.9259336754023513,0–20,14,14,0.5991056555261215,-2.2249658067304052,-2.3061570429344185,-3.010517375925897,0.6254908746270725,0.7142857142857143,3,trajectory,-6.8416887744202395,0.5163848481639581,0.28278323564501034,0.449942142045724,5.132620428289686
offgrid,climb_descent,latent_ode,3,"17,29,43",3,True,-1.9749070364220342,-1.9259336754023513,20–50,11,10,0.339489531787959,-4.691736127143096,-4.576468330919414,-7.87665223814356,0.06465951117011878,0.8181818181818182,3,trajectory,-6.758804900907273,0.06465951117011878,0.17016659033569417,0.6835141442151683,2.892063859737281
offgrid,climb_descent,latent_ode,3,"17,29,43",3,True,-1.9749070364220342,-1.9259336754023513,50–100,36,32,0.6153131179787494,-2.1090382600565603,-2.7599957444345886,-3.5014584011599292,0.8202569883101547,0.6388888888888888,3,trajectory,-6.920916117201852,0.5673173288892054,0.2723340524050097,0.44981722593332013,4.826119777229097
offgrid,climb_descent,latent_ode,3,"17,29,43",3,True,-1.9749070364220342,-1.9259336754023513,100–200,50,42,0.5652100686232249,-2.477901102549037,-3.1408290167475634,-5.139365987656181,0.7854216376803325,0.66,3,trajectory,-7.052084855692647,0.5824325120823071,0.23467514123767613,0.497749651675258,4.189811041752497
offgrid,climb_descent,latent_ode,3,"17,29,43",3,True,-1.9749070364220342,-1.9259336754023513,200–500,177,68,0.6835192099157475,-1.6524927532707092,-1.997259478008001,-2.1667859198713986,0.8837573281338383,0.576271186440678,3,trajectory,-5.321954945022474,0.5980618761714335,0.26646856039678307,0.3920045304920816,4.637746399180813
offgrid,climb_descent,linear,1,,1,True,-11.103160466495961,-11.103160466495961,0–20,14,14,0.01249302366548878,-19.03332437341399,-18.401399872011762,-21.649812186007967,-15.16644074525956,1.0,3,trajectory,-24.817913747744292,-17.346549927054035,0.006309814510002157,0.9880271000521523,0.0842118428388078
offgrid,climb_descent,linear,1,,1,True,-11.103160466495961,-11.103160466495961,20–50,11,10,0.03380791049196634,-14.709816701053137,-14.695912513209672,-15.059316091689318,-12.627966574668068,1.0,3,trajectory,-15.037742365972807,-12.518862147493303,0.015726822661235873,0.9718249602751299,0.198697955770926
offgrid,climb_descent,linear,1,,1,True,-11.103160466495961,-11.103160466495961,50–100,36,32,0.021864020490385026,-16.602699743058377,-15.747130318777078,-20.349631518906016,-12.407894616845201,1.0,3,trajectory,-20.269202231677493,-14.620702533206673,0.01174195957153436,0.9804744521776835,0.21587634014172685
offgrid,climb_descent,linear,1,,1,True,-11.103160466495961,-11.103160466495961,100–200,50,42,0.03696173626929517,-14.3224763608659,-13.488975621800703,-15.89165872363505,-9.96293254432326,1.0,3,trajectory,-15.294818162058482,-13.418110787596527,0.020240428791148544,0.9734601497650146,0.39722685031592847
offgrid,climb_descent,linear,1,,1,True,-11.103160466495961,-11.103160466495961,200–500,177,68,0.1082354408766453,-9.656305094981622,-8.51590701295457,-12.316633430042723,-5.798051245689361,1.0,3,trajectory,-11.198594978677205,-7.892673020451964,0.0629788228104451,0.9416688417984267,1.0003363157781684
offgrid,climb_descent,local_dynamics,3,"17,29,43",3,True,-11.139361660609236,-11.039463389214818,0–20,14,14,0.013923661111177646,-18.562465555785415,-17.37779817943858,-23.27369691333739,-14.426702438863092,1.0,3,trajectory,-26.558627364269686,-16.571086897341957,0.006946166208806577,0.9864722078754788,0.05553133815660005
offgrid,climb_descent,local_dynamics,3,"17,29,43",3,True,-11.139361660609236,-11.039463389214818,20–50,11,10,0.05182973631290771,-12.854210006557503,-12.647170703557498,-13.390594357990203,-9.883385323264777,1.0,3,trajectory,-19.3713961376698,-12.524845016416712,0.025519570416883706,0.9505377863392686,0.11651387246621937
offgrid,climb_descent,local_dynamics,3,"17,29,43",3,True,-11.139361660609236,-11.039463389214818,50–100,36,32,0.03005128100523031,-15.22137010461736,-14.349076680237587,-17.277655334642596,-11.337579847372218,1.0,3,trajectory,-18.748857730318985,-13.357867470661553,0.013201516184684153,0.9721269673771329,0.12979035390836302
offgrid,climb_descent,local_dynamics,3,"17,29,43",3,True,-11.139361660609236,-11.039463389214818,100–200,50,42,0.04194694578492388,-13.77299655265376,-12.976813404152868,-15.65488019848132,-10.268455110149041,1.0,3,trajectory,-16.013434586955356,-12.727885860843545,0.014539045794905734,0.963489935795466,0.21967890039474386
offgrid,climb_descent,local_dynamics,3,"17,29,43",3,True,-11.139361660609236,-11.039463389214818,200–500,177,68,0.10394264277502217,-9.832062452963221,-8.649649938766306,-10.755485531667833,-6.3577027604008824,1.0,3,trajectory,-13.363334293350535,-7.782009082300877,0.02136565741802045,0.9102973624811335,0.3892376402554342
offgrid,climb_descent,neural_flow,3,"17,29,43",3,True,-1.0869189048691232,-0.5283072728797418,0–20,14,14,0.8485972193025407,-0.7129839567044112,-0.6908225036945499,-0.24880417364774893,0.6769780839987908,0.5714285714285714,3,trajectory,-2.1794627247885434,0.5684732148699918,0.42989267586242585,0.2139398968661442,7.2717813650767
offgrid,climb_descent,neural_flow,3,"17,29,43",3,True,-1.0869189048691232,-0.5283072728797418,20–50,11,10,0.6576520579330849,-1.8200381654732156,-1.8008257615248615,-2.164719790485703,0.36647920624580976,0.8181818181818182,3,trajectory,-2.355529531117237,0.36647920624580976,0.3339357299335075,0.3915459049784466,5.579430435643052
offgrid,climb_descent,neural_flow,3,"17,29,43",3,True,-1.0869189048691232,-0.5283072728797418,50–100,36,32,0.8351793435436708,-0.7822025559652812,-1.0043726534258903,-0.36605222087834277,0.7476486935254166,0.5277777777777778,3,trajectory,-2.34142429031116,0.5341688552218063,0.4304366094508657,0.23531999686713748,7.351394395033519
offgrid,climb_descent,neural_flow,3,"17,29,43",3,True,-1.0869189048691232,-0.5283072728797418,100–200,50,42,0.7802215322852135,-1.0778206834925679,-1.3347432364360177,-1.5896767357059194,0.7080853615158064,0.6,3,trajectory,-2.5655274159057346,0.5054438060641792,0.3987823749581972,0.28611625031488075,6.811686797142029
offgrid,climb_descent,neural_flow,3,"17,29,43",3,True,-1.0869189048691232,-0.5283072728797418,200–500,177,68,0.8619645361678075,-0.6451060199832809,-0.7783345514255902,-0.25331958759557704,0.7308466163576652,0.5254237288135594,3,trajectory,-1.981466866212139,0.5073984971540415,0.42848744973007113,0.2140319427761449,7.338057416756051
offgrid,climb_descent,observed_state_flow,3,"17,29,43",3,True,-11.84098002478862,-11.824882960357732,0–20,14,14,0.014078451729368458,-18.514451038845415,-17.320080396501684,-23.112895505942305,-14.453841091998576,1.0,3,trajectory,-26.579703323952483,-16.50402852131772,0.007044494673859156,0.9862794308435349,0.05252059840685904
offgrid,climb_descent,observed_state_flow,3,"17,29,43",3,True,-11.84098002478862,-11.824882960357732,20–50,11,10,0.05266939061270515,-12.784417064207709,-12.58154930258616,-13.420827316048564,-9.80277698307143,1.0,3,trajectory,-17.87936906899168,-12.457578216392115,0.026239647812238188,0.9498170469746445,0.16489791531454429
offgrid,climb_descent,observed_state_flow,3,"17,29,43",3,True,-11.84098002478862,-11.824882960357732,50–100,36,32,0.02892269712821059,-15.387612102267012,-14.617551525343217,-18.013891398412994,-11.359767981228181,1.0,3,trajectory,-18.58901069721068,-13.464682262989808,0.014202705736453082,0.9731270505322352,0.26314885471085153
offgrid,climb_descent,observed_state_flow,3,"17,29,43",3,True,-11.84098002478862,-11.824882960357732,100–200,50,42,0.03848147343378509,-14.147483074265486,-13.449501405132514,-16.709440701559167,-10.515285751194577,1.0,3,trajectory,-16.03676766908445,-13.255355021010825,0.018136338830615037,0.9676334528128306,0.555237934788068
offgrid,climb_descent,observed_state_flow,3,"17,29,43",3,True,-11.84098002478862,-11.824882960357732,200–500,177,68,0.08556940822586721,-10.676814714596851,-9.690671088575739,-12.005712313614435,-7.462285013747532,1.0,3,trajectory,-12.699883662493983,-8.911222703301306,0.03415564918125889,0.930657036223654,1.0853259033591902
offgrid,climb_descent,tpatchgnn,3,"17,29,43",3,True,-11.932769248202215,-0.07190860001683773,0–20,14,14,0.3635842153758166,-4.393949794764308,-4.395777580000665,-4.333581817119121,-3.8997388283677275,1.0,3,trajectory,-4.659678454210498,-4.025530654112339,0.23793145132783264,0.6559701705520551,4.403838712988156
offgrid,climb_descent,tpatchgnn,3,"17,29,43",3,True,-11.932769248202215,-0.07190860001683773,20–50,11,10,0.34898487354318297,-4.571933967631568,-4.566986195194377,-4.838269277380198,-3.8916803155997104,1.0,3,trajectory,-4.7641938821962775,-3.5861723281534514,0.24184315655888478,0.6646041226552122,4.317061456484777
offgrid,climb_descent,tpatchgnn,3,"17,29,43",3,True,-11.932769248202215,-0.07190860001683773,50–100,36,32,0.3641813374469402,-4.386823134875044,-4.486134627125144,-4.36071073891433,-3.873620725935174,1.0,3,trajectory,-4.685307187991189,-3.9210994206736194,0.2423196080252873,0.6595979128663506,4.524117217688062
offgrid,climb_descent,tpatchgnn,3,"17,29,43",3,True,-11.932769248202215,-0.07190860001683773,100–200,50,42,0.3624286480310062,-4.40777481000615,-4.485895237580648,-4.521361502639488,-3.8365598388595448,1.0,3,trajectory,-4.782078767564036,-3.859779671534143,0.2461714393009121,0.6634109494574173,4.644614443443715
offgrid,climb_descent,tpatchgnn,3,"17,29,43",3,True,-11.932769248202215,-0.07190860001683773,200–500,177,68,0.4015410986427294,-3.9626999708447457,-3.9092617943910057,-3.9191021871943006,-3.262181247061484,1.0,3,trajectory,-4.345489946848499,-3.6888145839927895,0.2564788094990082,0.6306853694804544,4.975266723520002
offgrid,cruise,cru,3,"17,29,43",3,True,-4.996138931669332,-4.731300059308754,0–20,8,8,0.21423332268993056,-6.691129763856023,-5.293987041190888,-7.182366453363704,-4.20252750691086,1.0,3,trajectory,-9.523316721526614,-4.453560165062951,0.10517411232770728,0.7915923359493415,1.4328835530517001
offgrid,cruise,cru,3,"17,29,43",3,True,-4.996138931669332,-4.731300059308754,20–50,21,20,0.32647455193930197,-4.861506654855819,-4.704486909450086,-5.7586792262656346,-1.825831387937398,1.0,3,trajectory,-5.9791181450999655,-4.079159061769002,0.10893672008422155,0.6839836565038514,1.4803629841226789
offgrid,cruise,cru,3,"17,29,43",3,True,-4.996138931669332,-4.731300059308754,50–100,32,26,0.26977317727869377,-5.690012330886659,-4.747014239145065,-5.762729973845439,-3.4620962350871416,1.0,3,trajectory,-8.046300347295892,-4.375715046763312,0.11849514395968674,0.7391268145292997,1.7578775593331861
offgrid,cruise,cru,3,"17,29,43",3,True,-4.996138931669332,-4.731300059308754,100–200,49,40,0.2911071815610337,-5.359470804634339,-4.95367325538449,-5.770989604822291,-2.948290611546269,1.0,3,trajectory,-6.0355975421627,-4.781281947749653,0.11073823074879893,0.7183741407126798,1.6010813570263016
offgrid,cruise,cru,3,"17,29,43",3,True,-4.996138931669332,-4.731300059308754,200–500,178,70,0.3546131189340509,-4.50245201686945,-4.0459338937652545,-4.716830596351102,-1.8638255481971882,1.0,3,trajectory,-5.578135144140263,-3.7687657129651564,0.10435338437466525,0.6614652711981803,1.4677025692839145
offgrid,cruise,harmonic,1,,1,True,-6.291575577818763,-6.291575577818763,0–20,8,8,0.010340897228161288,-19.854417780375808,-17.18169623716359,-24.554089422113996,-19.170628149522976,1.0,3,trajectory,-24.913830165084757,-16.962341750537252,0.004134674141823725,0.9899926409125328,0.08924610028043384
offgrid,cruise,harmonic,1,,1,True,-6.291575577818763,-6.291575577818763,20–50,21,20,0.5783396844940615,-2.378170062690018,-1.9007961109608615,-19.710348981353047,-7.434155685282759,0.9047619047619048,3,trajectory,-10.836526410503428,0.5850376245140466,0.30869662732030045,0.899059884250164,0.7700947166553566
offgrid,cruise,harmonic,1,,1,True,-6.291575577818763,-6.291575577818763,50–100,32,26,0.3045350040374615,-5.163627812360372,-7.529186916427609,-20.16747092653158,-6.91135981980642,0.9375,3,trajectory,-12.518609661525401,-1.1277100059189058,0.16791647612262744,0.9162077205255628,0.5981795738916844
offgrid,cruise,harmonic,1,,1,True,-6.291575577818763,-6.291575577818763,100–200,49,40,0.06881694310363759,-11.623046229488551,-10.742963442564355,-18.600090008438922,-6.29519382148559,1.0,3,trajectory,-12.517067892411129,-10.822525582364769,0.022408787764570802,0.9396907620284022,0.30519224505643455
offgrid,cruise,harmonic,1,,1,True,-6.291575577818763,-6.291575577818763,200–500,178,70,0.23763971345687515,-6.24080979962128,-5.419116482616549,-11.792630976987788,-4.013892450726633,0.9831460674157303,3,trajectory,-10.444255549451011,-3.6782481903135484,0.11055876570688347,0.8897781269938758,0.9128049163964023
offgrid,cruise,hold,1,,1,True,-10.442450890269324,-10.442450890269324,0–20,8,8,0.00402658275197605,-23.950633711133978,-21.21201121780224,-29.35742981622104,-21.541606426063193,1.0,3,trajectory,-34.19427129982403,-20.90483399613341,0.0019640673517642006,0.9960586056113243,0.013270081952214187
offgrid,cruise,hold,1,,1,True,-10.442450890269324,-10.442450890269324,20–50,21,20,0.013269929198681191,-18.771313942948787,-19.11444879974443,-22.38682458533543,-18.005729768860405,1.0,3,trajectory,-22.16720092201073,-17.68383272782757,0.006025941735493814,0.9869914650917053,0.03152925497852261
offgrid,cruise,hold,1,,1,True,-10.442450890269324,-10.442450890269324,50–100,32,26,0.02125550183700393,-16.725286369933162,-15.687564266228843,-19.5800198794402,-13.89114616233977,1.0,3,trajectory,-17.70628239602965,-15.496851969031404,0.008554484238629766,0.9791391231119633,0.06827888171028458
offgrid,cruise,hold,1,,1,True,-10.442450890269324,-10.442450890269324,100–200,49,40,0.04006060655703954,-13.972824793464625,-13.071893807299652,-15.57068870549882,-10.760482795790677,1.0,3,trajectory,-16.051780214325632,-12.945078976102076,0.010059862373852863,0.9606763562377618,0.1134444946442179
offgrid,cruise,hold,1,,1,True,-10.442450890269324,-10.442450890269324,200–500,178,70,0.12953030936461818,-8.876285972226729,-8.205137861499214,-9.756054636228857,-6.135270316920748,1.0,3,trajectory,-10.47414405960578,-8.11000525520087,0.010391036451570483,0.8751995720890131,0.20429837070483967
offgrid,cruise,kalman,1,,1,True,-12.876446607136675,-12.876446607136675,0–20,8,8,0.006037616803951063,-22.19134454282548,-20.16174892204028,-25.11946866165043,-20.329336370317552,1.0,3,trajectory,-26.143869657291464,-20.102386396982524,0.002955191142973425,0.994074672460556,0.06594819924794135
offgrid,cruise,kalman,1,,1,True,-12.876446607136675,-12.876446607136675,20–50,21,20,0.011149048472621558,-19.52762196357854,-18.91562115126427,-23.34829711762261,-14.619779084679474,1.0,3,trajectory,-20.645005282928217,-18.149425103976,0.005641001035525814,0.9893605595543271,0.11565218373600923
offgrid,cruise,kalman,1,,1,True,-12.876446607136675,-12.876446607136675,50–100,32,26,0.020134136957494712,-16.960669815336157,-16.03191731594608,-20.6160594222572,-13.80825211100766,1.0,3,trajectory,-18.12774293730399,-13.577727520512875,0.010205192891589778,0.9811296835541725,0.1392926096596056
offgrid,cruise,kalman,1,,1,True,-12.876446607136675,-12.876446607136675,100–200,49,40,0.0312919627152839,-15.045671958923334,-13.701148604399311,-19.016538743285228,-10.572324145640762,1.0,3,trajectory,-17.813143719347565,-13.61508392585964,0.016404986515764698,0.9730075549106209,0.30767854360141317
offgrid,cruise,kalman,1,,1,True,-12.876446607136675,-12.876446607136675,200–500,178,70,0.06961068167780218,-11.573241132948306,-10.560229160280045,-14.1954654800987,-8.052955467912307,1.0,3,trajectory,-13.544520645268127,-10.644649282000103,0.040941003045548506,0.9563046201561274,0.8975951995575027
offgrid,cruise,latent_ode,3,"17,29,43",3,True,-4.459067558568683,-3.902725617780318,0–20,8,8,0.25520405685529113,-5.931124261269609,-4.713449259417776,-6.224706883418417,-3.6050094651108737,1.0,3,trajectory,-9.744559810028749,-3.775868173502646,0.11766023739861939,0.7508914892872175,1.9783631153404713
offgrid,cruise,latent_ode,3,"17,29,43",3,True,-4.459067558568683,-3.902725617780318,20–50,21,20,0.3607511611448394,-4.427922623744962,-4.413666292864472,-5.250931994520377,-1.3762351684222132,1.0,3,trajectory,-5.673328126181644,-3.8355337395794575,0.1574991765831198,0.64418818783902,3.008522043507251
offgrid,cruise,latent_ode,3,"17,29,43",3,True,-4.459067558568683,-3.902725617780318,50–100,32,26,0.31135490876234445,-5.0674428288430615,-4.293829333183275,-4.567549755861668,-3.243008627951954,1.0,3,trajectory,-6.9751962307625455,-4.2825829272910125,0.13065467573081452,0.6930753129223983,2.187828105389296
offgrid,cruise,latent_ode,3,"17,29,43",3,True,-4.459067558568683,-3.902725617780318,100–200,49,40,0.32890455716219896,-4.829301090753114,-4.546095322848439,-5.229353644598503,-1.8461258158363476,1.0,3,trajectory,-5.161836084267097,-4.659741382375035,0.1257708018050104,0.6756748019838009,2.2930311189368875
offgrid,cruise,latent_ode,3,"17,29,43",3,True,-4.459067558568683,-3.902725617780318,200–500,178,70,0.41753903633395156,-3.793029154572378,-3.4316727318794094,-3.9126863327370587,-1.3237002318946085,0.9943820224719101,3,trajectory,-4.755149388053079,-3.1418815052764524,0.11751556022908911,0.5948276966112606,1.9860158308587048
offgrid,cruise,linear,1,,1,True,-12.37752442515199,-12.37752442515199,0–20,8,8,0.00632018486794545,-21.992702182438233,-20.175470992928464,-24.621868634080094,-20.26419382735754,1.0,3,trajectory,-25.06617010225336,-20.21262730270522,0.0031931868070386752,0.9938779920339584,0.08690538210794327
offgrid,cruise,linear,1,,1,True,-12.37752442515199,-12.37752442515199,20–50,21,20,0.01235137230694466,-19.082847871635337,-18.413770782712106,-23.222417024488408,-15.247135452835387,1.0,3,trajectory,-19.970020093528614,-17.798734218716458,0.006464243256708647,0.9885171708606538,0.15746470044056574
offgrid,cruise,linear,1,,1,True,-12.37752442515199,-12.37752442515199,50–100,32,26,0.021505647247977277,-16.674474821033847,-15.74757895146444,-20.706753720329523,-13.3651270844393,1.0,3,trajectory,-17.658012721111987,-13.466329994611163,0.01102149227517652,0.9800572991371155,0.16532841301523146
offgrid,cruise,linear,1,,1,True,-12.37752442515199,-12.37752442515199,100–200,49,40,0.03387761246222922,-14.700872043335414,-13.382416951855461,-18.982739709239507,-11.19294835684256,1.0,3,trajectory,-16.59149126228893,-13.683808802668754,0.018286134117539463,0.9718394778212722,0.3718428743661058
offgrid,cruise,linear,1,,1,True,-12.37752442515199,-12.37752442515199,200–500,178,70,0.07865469238532473,-11.042753631072626,-10.038997539510232,-13.32246909848768,-7.644593175984015,1.0,3,trajectory,-12.730376140515993,-10.292291176611414,0.047022699420288,0.9530142060156619,0.9908865593122632
offgrid,cruise,local_dynamics,3,"17,29,43",3,True,-12.18506497588339,-12.055223520311515,0–20,8,8,0.0039782344289657125,-24.003096283995195,-21.27890401825716,-29.497406463916423,-21.509897086303223,1.0,3,trajectory,-34.27706504298755,-20.98269002447809,0.001957327235383339,0.9961043720444043,0.0115240081698478
offgrid,cruise,local_dynamics,3,"17,29,43",3,True,-12.18506497588339,-12.055223520311515,20–50,21,20,0.012751872340838058,-18.944260436539786,-19.25294167368904,-22.603750641402193,-17.829145645253003,1.0,3,trajectory,-22.108921874876117,-17.893376108336177,0.006027782041605305,0.9875168090774901,0.03219653674611994
offgrid,cruise,local_dynamics,3,"17,29,43",3,True,-12.18506497588339,-12.055223520311515,50–100,32,26,0.020072272419686926,-16.974034574345808,-15.841711311228785,-20.786932382284526,-13.897003119071938,1.0,3,trajectory,-18.21625087021141,-15.33034455898023,0.008839415100737779,0.9803936202079058,0.05974616636619123
offgrid,cruise,local_dynamics,3,"17,29,43",3,True,-12.18506497588339,-12.055223520311515,100–200,49,40,0.032695997414514885,-14.855054096389502,-13.786947294674397,-17.224456481075304,-10.5710918824067,1.0,3,trajectory,-17.489239368577145,-13.618329661891032,0.010590875531597405,0.9682549347682874,0.08001416254088556
offgrid,cruise,local_dynamics,3,"17,29,43",3,True,-12.18506497588339,-12.055223520311515,200–500,178,70,0.08453403583863808,-10.729683963667146,-9.939968879379972,-11.888082667490504,-7.83596211145427,1.0,3,trajectory,-12.570189003654926,-9.94072444200673,0.012341430653601639,0.9204214046733658,0.17741418018366364
offgrid,cruise,neural_flow,3,"17,29,43",3,True,-1.398692859547811,-0.9170330419198885,0–20,8,8,0.7260430908451477,-1.3903760304520463,-0.8424611097942841,-0.9786592701634578,-0.10566395632886202,0.875,3,trajectory,-4.985909802834685,-0.28725219348252456,0.38173993583768606,0.3062756576691754,6.999625037113825
offgrid,cruise,neural_flow,3,"17,29,43",3,True,-1.398692859547811,-0.9170330419198885,20–50,21,20,0.766058269710768,-1.157381947911897,-0.8407153836279034,-0.5705304065066799,-0.04226363861774791,0.9047619047619048,3,trajectory,-1.7919722224804313,-0.7448291220761817,0.4157847378935133,0.2598632570237867,7.632526318232219
offgrid,cruise,neural_flow,3,"17,29,43",3,True,-1.398692859547811,-0.9170330419198885,50–100,32,26,0.7758384550300738,-1.1022869806225593,-0.5570971596044526,-0.8126228088925735,0.29555983913991307,0.78125,3,trajectory,-2.009245804782616,-0.6679409964351436,0.3808865377213806,0.2629026227277791,6.966381598263979
offgrid,cruise,neural_flow,3,"17,29,43",3,True,-1.398692859547811,-0.9170330419198885,100–200,49,40,0.7717958846870734,-1.1249754147136,-0.7592597025399385,-0.7429549854378232,0.09153098266927892,0.8775510204081632,3,trajectory,-1.6453924570530163,-0.947016073001578,0.3971108884430256,0.26255094855641925,7.311638369852183
offgrid,cruise,neural_flow,3,"17,29,43",3,True,-1.398692859547811,-0.9170330419198885,200–500,178,70,0.7837146563029914,-1.0584203138443682,-0.6863516274594594,-0.6744190753008201,0.254269944076481,0.8426966292134831,3,trajectory,-1.5135739023897337,-0.6414235232322208,0.39701004418429364,0.2529955357262572,7.29038442944766
offgrid,cruise,observed_state_flow,3,"17,29,43",3,True,-12.81410013777408,-12.78581511113548,0–20,8,8,0.0038524005170377496,-24.142685675243772,-21.441460391056314,-29.514136374629405,-21.619940250686113,1.0,3,trajectory,-34.46658461339153,-21.149811281746288,0.001914065685620355,0.9962249944607418,0.03241274059594915
offgrid,cruise,observed_state_flow,3,"17,29,43",3,True,-12.81410013777408,-12.78581511113548,20–50,21,20,0.012646558748129413,-18.98027634173228,-19.33927249684311,-22.63905217636312,-17.934874117619344,1.0,3,trajectory,-22.288036450008562,-17.98338814477759,0.006243159330638433,0.9876317741378906,0.11061989244014493
offgrid,cruise,observed_state_flow,3,"17,29,43",3,True,-12.81410013777408,-12.78581511113548,50–100,32,26,0.019747997777206622,-17.044769303357835,-15.894778398538417,-21.02715626898456,-14.121680695993717,1.0,3,trajectory,-18.210588896825154,-15.477213676958549,0.009732897692932313,0.9809860189755757,0.2446580730999509
offgrid,cruise,observed_state_flow,3,"17,29,43",3,True,-12.81410013777408,-12.78581511113548,100–200,49,40,0.03079218654354814,-15.115594708863094,-14.070147166752573,-17.662979575170134,-10.58227822689457,1.0,3,trajectory,-17.437446451900737,-13.871334069927961,0.013741468348648023,0.9715572125246736,0.4605808225618738
offgrid,cruise,observed_state_flow,3,"17,29,43",3,True,-12.81410013777408,-12.78581511113548,200–500,178,70,0.07126989543319358,-11.470938783971018,-10.820196520825645,-12.306692137828554,-8.558163680483561,1.0,3,trajectory,-12.774032087326702,-10.835569274625424,0.026326582331056846,0.9374064726106236,1.0415153483326516
offgrid,cruise,tpatchgnn,3,"17,29,43",3,True,-12.752805295282792,-0.11743833348767949,0–20,8,8,0.3412034088590492,-4.6698663857931155,-4.628049882508866,-4.67828965903629,-4.604032625822568,1.0,3,trajectory,-4.788029348211239,-4.608973090695521,0.2838741298376893,0.6689221779039751,6.706086495115112
offgrid,cruise,tpatchgnn,3,"17,29,43",3,True,-12.752805295282792,-0.11743833348767949,20–50,21,20,0.35101989068327444,-4.546682733654205,-4.506384394650807,-4.57912669423889,-4.344227177022993,1.0,3,trajectory,-4.609993850059891,-4.4882329074433,0.28594869057027,0.6584090703270502,6.7917101454167135
offgrid,cruise,tpatchgnn,3,"17,29,43",3,True,-12.752805295282792,-0.11743833348767949,50–100,32,26,0.3444369420127865,-4.628902751861473,-4.570609980372651,-4.69633236180904,-4.40097323314655,1.0,3,trajectory,-4.6573263804866,-4.485788952887999,0.28843345880401705,0.6669685088988141,6.820690106251277
offgrid,cruise,tpatchgnn,3,"17,29,43",3,True,-12.752805295282792,-0.11743833348767949,100–200,49,40,0.3475982826108075,-4.589223779497581,-4.509409804159913,-4.68601349359513,-4.177909669096172,1.0,3,trajectory,-4.688594827259759,-4.5123205683751015,0.2914887610886271,0.6646262772957838,7.005097394425827
offgrid,cruise,tpatchgnn,3,"17,29,43",3,True,-12.752805295282792,-0.11743833348767949,200–500,178,70,0.3836814749546433,-4.160291690560384,-4.045956632254912,-4.252232498618573,-3.5759799430243566,1.0,3,trajectory,-4.380807445521859,-4.032286839524895,0.2967809899963006,0.6284342779219739,7.309900655898646
offgrid,highspeed,cru,3,"17,29,43",3,True,-2.3248743583467233,-2.1215122155286847,0–20,14,13,0.5100546211359046,-2.9238331333792362,-3.2766838889518346,-5.006666860198486,0.395154726142411,0.7857142857142857,3,trajectory,-6.848413653315399,0.3803654021291198,0.19179700882661907,0.553195433506993,3.0933713010024455
offgrid,highspeed,cru,3,"17,29,43",3,True,-2.3248743583467233,-2.1215122155286847,20–50,16,16,0.5459017312775055,-2.62885528366552,-1.9742665301625961,-3.081226780739571,0.4467414750710975,0.8125,3,trajectory,-9.929632548099999,-0.5422961416017223,0.16348612459842113,0.5242571218853602,1.836262129259315
offgrid,highspeed,cru,3,"17,29,43",3,True,-2.3248743583467233,-2.1215122155286847,50–100,25,21,0.41944615537921587,-3.773237819689173,-3.2849090316258076,-5.115225585693785,-0.8806660356936427,0.96,3,trajectory,-9.085498251612654,-0.6580933992330397,0.1664822736382484,0.6024531071594295,2.384991272836923
offgrid,highspeed,cru,3,"17,29,43",3,True,-2.3248743583467233,-2.1215122155286847,100–200,54,45,0.5032503998343959,-2.9821587139051937,-2.840258502334543,-3.39427850548679,0.376814714899174,0.8518518518518519,3,trajectory,-8.116618123822944,-0.39912908013555126,0.16416035464930306,0.5533418675538233,2.190664129383448
offgrid,highspeed,cru,3,"17,29,43",3,True,-2.3248743583467233,-2.1215122155286847,200–500,179,70,0.6730013591561682,-1.7198405869812143,-1.209893465147525,-2.155594626290825,1.0072797751962526,0.6983240223463687,3,trajectory,-5.106095795160426,-0.12568780534777552,0.1965525417521013,0.4477727229876513,2.885223364160054
offgrid,highspeed,harmonic,1,,1,True,-0.0876227117587306,-0.0876227117587306,0–20,14,13,0.05038202657721868,-12.977243673341007,-12.316301311471065,-15.132491562206715,-9.360509789351493,1.0,3,trajectory,-16.13801007351484,-10.155659864043345,0.017143324768507443,0.95487094776971,0.3466052757576108
offgrid,highspeed,harmonic,1,,1,True,-0.0876227117587306,-0.0876227117587306,20–50,16,16,0.05653201283348603,-12.477055511237584,-11.355232814027916,-16.843844847123712,-7.965946214301552,1.0,3,trajectory,-13.044884846513954,-11.665165262652257,0.02128256973946914,0.9510822631418705,0.32810632890323177
offgrid,highspeed,harmonic,1,,1,True,-0.0876227117587306,-0.0876227117587306,50–100,25,21,2.412771558964159,3.8251620488525173,8.280352009523927,-11.880124714242683,-6.70452633669858,0.96,3,trajectory,-14.520536645510273,7.311496256300631,2.0986397243628745,0.9202142429351806,1.3075660628080368
offgrid,highspeed,harmonic,1,,1,True,-0.0876227117587306,-0.0876227117587306,100–200,54,45,0.7791828812289707,-1.0836059754302394,3.460962228686315,-10.978650682435893,-2.318981419818371,0.9629629629629629,3,trajectory,-8.297591290725228,3.2597414385784598,0.3927177123998128,0.8898521363735199,1.1922692322965573
offgrid,highspeed,harmonic,1,,1,True,-0.0876227117587306,-0.0876227117587306,200–500,179,70,0.9957684252499577,-0.018416488550126994,3.006829070575135,-4.567614014342446,2.7445740757127375,0.8156424581005587,3,trajectory,-3.7950490175264324,2.2491311128282194,0.5542638704480536,0.7446261561915423,2.1090435467962196
offgrid,highspeed,hold,1,,1,True,-6.102374074125301,-6.102374074125301,0–20,14,13,0.04309219523254013,-13.65601381216936,-13.81232225264245,-16.546611635039916,-9.808429481475546,1.0,3,trajectory,-22.16318947278221,-11.112794065355164,0.02093464928683322,0.958085047347205,0.06724786271141572
offgrid,highspeed,hold,1,,1,True,-6.102374074125301,-6.102374074125301,20–50,16,16,0.04819377886633443,-13.170090194042404,-12.396483736082057,-14.15456669859348,-9.484718797650022,1.0,3,trajectory,-14.165052228978887,-12.039463856054356,0.022962340889534933,0.9550009407103062,0.1672388277947902
offgrid,highspeed,hold,1,,1,True,-6.102374074125301,-6.102374074125301,50–100,25,21,0.07791362424381074,-11.083865934628749,-10.667184098614829,-10.872341629540468,-8.679879525951147,1.0,3,trajectory,-15.122525102679434,-10.057508248188835,0.02742994854110288,0.9267358160018921,0.20189724361523986
offgrid,highspeed,hold,1,,1,True,-6.102374074125301,-6.102374074125301,100–200,54,45,0.11884362831780752,-9.250240975756434,-7.752765574402738,-10.446579751423826,-5.38013237535835,1.0,3,trajectory,-9.888612425084656,-8.71621957351585,0.02691557694062655,0.8917988538742065,0.38622613064082406
offgrid,highspeed,hold,1,,1,True,-6.102374074125301,-6.102374074125301,200–500,179,70,0.34031951837449764,-4.681131420612511,-3.22274729047711,-6.259427081054226,-1.2055138830617746,0.9329608938547486,3,trajectory,-5.549440691200175,-3.602650703622186,0.03062764958832304,0.7337126115153448,0.881568360449382
offgrid,highspeed,kalman,1,,1,True,-4.299152623597109,-4.299152623597109,0–20,14,13,0.02757889879493237,-15.594230788719972,-15.055458279520062,-15.33392599923425,-12.695117822406338,1.0,3,trajectory,-16.61603945491965,-15.113003728912622,0.012705114799505887,0.9747067987918854,0.2098044116449143
offgrid,highspeed,kalman,1,,1,True,-4.299152623597109,-4.299152623597109,20–50,16,16,0.02801048853325478,-15.526793165442808,-14.31369501329797,-19.64977489553737,-11.775879930853897,1.0,3,trajectory,-17.63228518775341,-14.56963921470676,0.014202188367562433,0.9743781834840775,0.1821812317939475
offgrid,highspeed,kalman,1,,1,True,-4.299152623597109,-4.299152623597109,50–100,25,21,0.07606137438910078,-11.188358313802649,-10.39965212822832,-12.387727883832714,-7.762838141730734,1.0,3,trajectory,-16.540574756104526,-10.231991978557751,0.035429482124018204,0.9401718521118164,0.49062991220504043
offgrid,highspeed,kalman,1,,1,True,-4.299152623597109,-4.299152623597109,100–200,54,45,0.12533799038889504,-9.01917272856172,-6.8401578962506004,-12.33023692494781,-4.6038986171078475,1.0,3,trajectory,-10.374673612900429,-8.453295365815553,0.05701331283718763,0.9216759260053988,0.7653643964623809
offgrid,highspeed,kalman,1,,1,True,-4.299152623597109,-4.299152623597109,200–500,179,70,0.5447987014936366,-2.637639362179225,-0.6755990923039684,-6.227863569962495,1.5308934095906415,0.8547486033519553,3,trajectory,-4.83317656159833,-0.8901119207323185,0.2573869389451113,0.8022396152256338,1.9562537280150674
offgrid,highspeed,latent_ode,3,"17,29,43",3,True,-2.0779795478082623,-1.9401853954462445,0–20,14,13,0.5731440844635168,-2.4173618567431716,-2.7755563798325573,-3.2645295795383085,0.1759009652462512,0.7857142857142857,3,trajectory,-4.78372050763036,0.018303525268735722,0.2839332523622683,0.4577863437124983,5.236844185384966
offgrid,highspeed,latent_ode,3,"17,29,43",3,True,-2.0779795478082623,-1.9401853954462445,20–50,16,16,0.5614291325521965,-2.5070505558045713,-2.038214764859266,-2.6970840728695715,-0.05297150152999732,0.875,3,trajectory,-7.309039188233166,-0.8408272203815639,0.2257051086441303,0.45999164569457207,3.8111157305538654
offgrid,highspeed,latent_ode,3,"17,29,43",3,True,-2.0779795478082623,-1.9401853954462445,50–100,25,21,0.4888195964694023,-3.108513918245634,-2.7755679735671928,-3.18885353390667,-0.5158546139552879,0.96,3,trajectory,-6.470221644779434,-0.7533407905240568,0.2345869156718254,0.5214948899112641,4.101828953425089
offgrid,highspeed,latent_ode,3,"17,29,43",3,True,-2.0779795478082623,-1.9401853954462445,100–200,54,45,0.5464878591398398,-2.6241948196156546,-2.511358087819828,-3.1839362582564084,-0.054198900197608244,0.9074074074074074,3,trajectory,-6.291827712731935,-0.6628166258456496,0.23054172407927706,0.4791521800458117,4.014027983858537
offgrid,highspeed,latent_ode,3,"17,29,43",3,True,-2.0779795478082623,-1.9401853954462445,200–500,179,70,0.6841963767117406,-1.6481923003149408,-1.2449338218889099,-1.6741745353971642,0.716425455905815,0.7318435754189944,3,trajectory,-4.444408602814851,-0.3644586803294774,0.2349149355460201,0.3897852432148605,3.976102660397804
offgrid,highspeed,linear,1,,1,True,-3.647318324852074,-3.647318324852074,0–20,14,13,0.03024052941327677,-15.194106100209584,-14.382028350571332,-15.448126577398348,-11.907933097700552,1.0,3,trajectory,-16.178409967313993,-14.558003993794138,0.01501623599792112,0.9740252069064549,0.3189683839944856
offgrid,highspeed,linear,1,,1,True,-3.647318324852074,-3.647318324852074,20–50,16,16,0.029124457872967423,-15.357421499133928,-14.102921693117157,-19.733588938848744,-11.553628443671295,1.0,3,trajectory,-17.04460030401986,-14.492691049911365,0.015198385623079895,0.9741697236895561,0.2302311392268166
offgrid,highspeed,linear,1,,1,True,-3.647318324852074,-3.647318324852074,50–100,25,21,0.08446959255728867,-10.73299600650408,-9.731152890339587,-12.017162492122344,-7.5339442714766784,1.0,3,trajectory,-16.221399055918774,-10.090706993124595,0.04049093447712943,0.9370144486427308,0.5785198083519936
offgrid,highspeed,linear,1,,1,True,-3.647318324852074,-3.647318324852074,100–200,54,45,0.14091902817340773,-8.510303605261464,-6.157757405085719,-12.281951785852733,-3.725510228571119,1.0,3,trajectory,-10.224788208919001,-7.937339958549305,0.06408645601671495,0.9179092292432431,0.8568856898060336
offgrid,highspeed,linear,1,,1,True,-3.647318324852074,-3.647318324852074,200–500,179,70,0.6354387175075855,-1.969263269850735,-0.018968062049612513,-6.5088117915403645,2.576884899124313,0.8100558659217877,3,trajectory,-4.247314183415269,-0.1460431370203823,0.30191546357539223,0.7854930791782969,2.121177404302084
offgrid,highspeed,local_dynamics,3,"17,29,43",3,True,-6.518843257285161,-6.4869074920770675,0–20,14,13,0.04346425302702254,-13.618677797229138,-13.787973737575525,-16.6249721133766,-9.75022325956884,1.0,3,trajectory,-22.164500160772953,-11.026891990601728,0.021205225248281927,0.9577982269582296,0.060410881776035534
offgrid,highspeed,local_dynamics,3,"17,29,43",3,True,-6.518843257285161,-6.4869074920770675,20–50,16,16,0.0495868354867828,-13.046336064594538,-12.307124362756836,-13.758789009520033,-9.315992185639562,1.0,3,trajectory,-13.928350825771776,-11.96994759979209,0.024085139658761023,0.9538914163907369,0.15556612769917894
offgrid,highspeed,local_dynamics,3,"17,29,43",3,True,-6.518843257285161,-6.4869074920770675,50–100,25,21,0.07898946678576366,-11.024308178464066,-10.719917777746408,-11.341495232000888,-8.276637338601383,1.0,3,trajectory,-14.848900677945485,-9.819521100813525,0.030450907872873315,0.9265925955772399,0.201315609999001
offgrid,highspeed,local_dynamics,3,"17,29,43",3,True,-6.518843257285161,-6.4869074920770675,100–200,54,45,0.11535456451230945,-9.379652160255231,-7.907707654105806,-10.418690487583273,-5.551377487482845,1.0,3,trajectory,-10.09164763221901,-8.67478552104057,0.03251368883080246,0.896490243114071,0.3504047116701618
offgrid,highspeed,local_dynamics,3,"17,29,43",3,True,-6.518843257285161,-6.4869074920770675,200–500,179,70,0.30604982417808707,-5.142078656616357,-3.5087307366621494,-6.837046545025185,-1.4234910321007401,0.9329608938547486,3,trajectory,-6.29371667215903,-4.031496764438551,0.041001182372527395,0.7681671417885539,0.8161563387822864
offgrid,highspeed,neural_flow,3,"17,29,43",3,True,-0.6073802770979687,-0.10828987179772878,0–20,14,13,0.9386329893909752,-0.27504186050769897,-0.5384030876762668,-0.2866170763344388,0.2729806430043628,0.7142857142857143,3,trajectory,-0.7038792449705557,0.2704161866279785,0.6239148888382173,0.08942919170069562,11.779784984531858
offgrid,highspeed,neural_flow,3,"17,29,43",3,True,-0.6073802770979687,-0.10828987179772878,20–50,16,16,0.920932008884847,-0.3577243197048446,-0.4576291797763362,0.029788106296504174,0.28601855045993385,0.5,3,trajectory,-2.1128659229719675,0.16036965363608424,0.533209528385972,0.1184484524261885,9.939879002670446
offgrid,highspeed,neural_flow,3,"17,29,43",3,True,-0.6073802770979687,-0.10828987179772878,50–100,25,21,0.8631545144319535,-0.6391145369550076,-0.6776632435759626,-0.2604717832599405,0.24913771521860995,0.64,3,trajectory,-1.7082698365795537,0.21424204929068544,0.5516618216534455,0.16667110676760782,10.352417815526328
offgrid,highspeed,neural_flow,3,"17,29,43",3,True,-0.6073802770979687,-0.10828987179772878,100–200,54,45,0.8926392306148271,-0.4932403026140708,-0.6008866411332112,-0.14178152791301507,0.21223393824517278,0.6666666666666666,3,trajectory,-1.8526183510005456,0.15572552934690315,0.5743302614140658,0.13666141705176907,10.744995442621498
offgrid,highspeed,neural_flow,3,"17,29,43",3,True,-0.6073802770979687,-0.10828987179772878,200–500,179,70,0.910738406956085,-0.40606348306793427,-0.4478543877322224,-0.12552114995941852,0.3968738439304917,0.553072625698324,3,trajectory,-1.717837139915097,0.19520645968721645,0.5548370454592191,0.12958626692603223,10.360972642131996
offgrid,highspeed,observed_state_flow,3,"17,29,43",3,True,-7.263062980741262,-7.25466385225674,0–20,14,13,0.04297613715919262,-13.667726229497292,-13.819392896968132,-16.666554967601403,-9.838938445737654,1.0,3,trajectory,-22.1082805471275,-11.109212816779955,0.021005524056644805,0.9580145222800119,0.06829768175902284
offgrid,highspeed,observed_state_flow,3,"17,29,43",3,True,-7.263062980741262,-7.25466385225674,20–50,16,16,0.04778657659032125,-13.206940810336569,-12.449339777852577,-14.186977692897393,-9.460172192962919,1.0,3,trajectory,-14.22565054415331,-12.059984676906762,0.023176779489707117,0.9545683041214943,0.15415377701477456
offgrid,highspeed,observed_state_flow,3,"17,29,43",3,True,-7.263062980741262,-7.25466385225674,50–100,25,21,0.07265825711811578,-11.387150239390785,-11.123252187106953,-11.72281355013131,-8.64609164419279,1.0,3,trajectory,-15.044565579644216,-10.145675892399835,0.02877571050698554,0.9301289025942484,0.2414273175845543
offgrid,highspeed,observed_state_flow,3,"17,29,43",3,True,-7.263062980741262,-7.25466385225674,100–200,54,45,0.10335360195510729,-9.856743832653516,-8.475053960910397,-11.073336925972047,-5.981035556227749,1.0,3,trajectory,-10.655722971536392,-9.03228063630148,0.03305658186716885,0.9034974067299454,0.6060554821325903
offgrid,highspeed,observed_state_flow,3,"17,29,43",3,True,-7.263062980741262,-7.25466385225674,200–500,179,70,0.2534416444509444,-5.961220221705644,-4.46290384802498,-7.949678984668176,-2.401439323049555,0.9664804469273743,3,trajectory,-7.182747780186752,-4.8228045487024,0.05923819506377866,0.786597415386028,1.6075814203593317
offgrid,highspeed,tpatchgnn,3,"17,29,43",3,True,-7.908069995167991,-0.09235826051955026,0–20,14,13,0.38346320129044004,-4.162763064041859,-4.140032269356328,-4.227847369808957,-3.7433414268363236,1.0,3,trajectory,-4.358018388171424,-3.7672295312962323,0.26343658479440596,0.6280621898165138,5.17604984884106
offgrid,highspeed,tpatchgnn,3,"17,29,43",3,True,-7.908069995167991,-0.09235826051955026,20–50,16,16,0.375505880995964,-4.253832568912516,-4.1462753965970025,-4.2136635131582825,-3.784981987581628,1.0,3,trajectory,-4.504729755544355,-4.0165766350279295,0.25554394218488596,0.6393370221251189,4.947345906247696
offgrid,highspeed,tpatchgnn,3,"17,29,43",3,True,-7.908069995167991,-0.09235826051955026,50–100,25,21,0.3811188929900527,-4.189395216609231,-4.16709725227432,-4.194913727741513,-3.672896059514559,1.0,3,trajectory,-4.407447193539038,-3.952567716295494,0.26628794868166245,0.6330284611223033,5.122017671912909
offgrid,highspeed,tpatchgnn,3,"17,29,43",3,True,-7.908069995167991,-0.09235826051955026,100–200,54,45,0.39704046333438636,-4.011652310017217,-3.826295932800457,-4.070132582325636,-3.261127666371112,1.0,3,trajectory,-4.393546617308982,-3.797906447814736,0.2682079780691613,0.621643292738947,5.309354865417619
offgrid,highspeed,tpatchgnn,3,"17,29,43",3,True,-7.908069995167991,-0.09235826051955026,200–500,179,70,0.49315236997400413,-3.0701887541848,-2.5461766159011563,-3.408860214483324,-1.625829927093625,0.9776536312849162,3,trajectory,-3.569698490450284,-2.6923499814839555,0.28995216506302657,0.53784458551272,5.948862400895342
offgrid,occlusion,cru,3,"17,29,43",3,True,0.03265179858132742,0.0721968094809862,0–20,28,25,1.006278376494135,0.02718140412998631,0.03634199118001288,0.024427235844615043,0.05282331155753646,0.07142857142857142,3,channel_group,0.014179269838144479,0.042976722679493075,0.8884604466812951,0.003923217595283375,24.231947194962277
offgrid,occlusion,cru,3,"17,29,43",3,True,0.03265179858132742,0.0721968094809862,20–50,56,52,1.0073472211758294,0.03179192747062075,0.0409645276611165,0.027710828224440764,0.06463342615076059,0.03571428571428571,3,channel_group,0.011151380445738096,0.0510984704823405,0.879392992527712,0.002986878641011178,23.485733963194345
offgrid,occlusion,cru,3,"17,29,43",3,True,0.03265179858132742,0.0721968094809862,50–100,101,84,1.0062037682769323,0.02685939444523141,0.03581528290436767,0.021833252507527948,0.04996835266121813,0.04950495049504951,3,channel_group,0.01373191141377349,0.04080053722735704,0.8925684255735316,0.002938059750061871,24.738311424507163
offgrid,occlusion,cru,3,"17,29,43",3,True,0.03265179858132742,0.0721968094809862,100–200,161,118,1.008816165336664,0.03812032784159232,0.035946634646449226,0.019354373467855027,0.051135774866020764,0.037267080745341616,3,channel_group,0.014628785453617382,0.07263928134845038,0.8890235161188966,0.003107997438820067,24.95224337646927
offgrid,occlusion,cru,3,"17,29,43",3,True,0.03265179858132742,0.0721968094809862,200–500,518,208,1.0172398293647376,0.07423356354909218,0.04234593770374205,0.030165265308461184,0.1913305563188906,0.09266409266409266,3,channel_group,0.040256520227420614,0.13359057309952535,0.8635848294008652,0.0033166335651008245,24.677735043001604
offgrid,occlusion,harmonic,1,,1,True,8.111303945298378,8.111303945298378,0–20,28,25,2.1020410361400406,3.2264119009147096,0.775015351389398,-0.7547180498199706,5.697534389001,0.5714285714285714,3,channel_group,-4.259384008414066,6.128757372781158,0.8618630133735549,0.8769368359020778,3.3844841675683193
offgrid,occlusion,harmonic,1,,1,True,8.111303945298378,8.111303945298378,20–50,56,52,0.8169373149118785,-0.8781126639574546,-6.6806790764039015,-7.379866083287598,3.406216991993049,0.7678571428571429,3,channel_group,-4.316798656338976,0.9048113023681547,0.357008772187068,0.8770680309140256,2.399138266087643
offgrid,occlusion,harmonic,1,,1,True,8.111303945298378,8.111303945298378,50–100,101,84,1.5547453716540212,1.916592726294034,-5.417985712128624,-5.426052934765143,3.7266138784498217,0.7128712871287128,3,channel_group,0.41149706288443866,2.7471907754973914,0.7752215741386655,0.8399094486664428,3.571623396654014
offgrid,occlusion,harmonic,1,,1,True,8.111303945298378,8.111303945298378,100–200,161,118,1.8336839664391942,2.633244875725715,-4.437430519901284,-3.8741257759448935,4.475482459715713,0.7018633540372671,3,channel_group,1.9900826379534666,3.106055610626317,0.8180969720185729,0.8526392950682167,4.220970659545674
offgrid,occlusion,harmonic,1,,1,True,8.111303945298378,8.111303945298378,200–500,518,208,9.722264812878086,9.877674461157515,-0.4881622682230033,-0.2543398343575645,13.19749920520737,0.525096525096525,3,channel_group,7.2629389031656775,10.927947689219007,7.108497867134623,0.7897632176867366,7.114942266111367
offgrid,occlusion,hold,1,,1,True,3.1414382878061557,3.1414382878061557,0–20,28,25,0.32385794830458636,-4.896454397789541,-10.434232337297972,-12.327720106805021,-1.183388226369109,0.8928571428571429,3,channel_group,-5.878213655266093,-3.952823691562928,0.05996014216465738,0.9094289488026074,0.3648700752694692
offgrid,occlusion,hold,1,,1,True,3.1414382878061557,3.1414382878061557,20–50,56,52,0.45607940398206537,-3.4095953955231346,-9.18539630804732,-9.8464902373822,1.8358717005725582,0.8571428571428571,3,channel_group,-5.315330683115102,-1.8284882819076966,0.13447541020494616,0.8618003414677722,1.1308336615828531
offgrid,occlusion,hold,1,,1,True,3.1414382878061557,3.1414382878061557,50–100,101,84,0.7156021248198824,-1.4532837856276979,-7.987757292006572,-7.859821585917107,4.12575298134869,0.7821782178217822,3,channel_group,-6.414513580851031,0.501032762873599,0.11990392072089381,0.864714954601656,1.3807088632394773
offgrid,occlusion,hold,1,,1,True,3.1414382878061557,3.1414382878061557,100–200,161,118,1.0815935852295309,0.34064102869307394,-7.043904547527528,-5.692738167455753,3.4905901392705427,0.7701863354037267,3,channel_group,-1.331174045059313,1.9143570711787046,0.42383165496708075,0.8664290274938812,2.401068739263306
offgrid,occlusion,hold,1,,1,True,3.1414382878061557,3.1414382878061557,200–500,518,208,2.8956623857366246,4.617479247354208,-2.970539229478708,-2.5906097001548223,9.529994628882042,0.6196911196911197,3,channel_group,4.241627559552628,4.945831903197127,1.37163960842115,0.794021480355383,4.930055058997485
offgrid,occlusion,kalman,1,,1,True,8.81196641143528,8.81196641143528,0–20,28,25,0.46616775826883633,-3.314577670448436,-10.29489485665531,-11.210609063372619,1.3886276982870123,0.7857142857142857,3,channel_group,-5.173187390059847,-2.6719166047177674,0.14371123059910523,0.8715829710875239,2.0878999462833496
offgrid,occlusion,kalman,1,,1,True,8.81196641143528,8.81196641143528,20–50,56,52,0.5777699439287451,-2.3824505426303433,-8.650009936500085,-8.690378135337363,1.850526061445605,0.8214285714285714,3,channel_group,-4.4107620255322315,-0.6414433966079522,0.17619507344248372,0.8710103648315582,2.0635244405940676
offgrid,occlusion,kalman,1,,1,True,8.81196641143528,8.81196641143528,50–100,101,84,0.8826419432638305,-0.542154386662783,-8.056620295056296,-6.675711649552691,3.5924876743878977,0.7722772277227723,3,channel_group,-6.3871457384762635,1.2286552189438609,0.2315721117527141,0.8578420399623637,2.2668010821187923
offgrid,occlusion,kalman,1,,1,True,8.81196641143528,8.81196641143528,100–200,161,118,1.3743697519787235,1.3810358835759295,-5.793008179811966,-4.4966583216475104,4.6598728713735635,0.7142857142857143,3,channel_group,-0.30686556258908804,2.307864266731502,0.6338997668534609,0.861343882330086,2.8998115828480593
offgrid,occlusion,kalman,1,,1,True,8.81196641143528,8.81196641143528,200–500,518,208,12.000706479338117,10.79206813634852,-0.8645103470759055,-0.31034561218086215,13.591694894994626,0.5115830115830116,3,channel_group,7.689439601414907,12.281684179403651,9.304983310579434,0.8089034673452205,5.5465188231139395
offgrid,occlusion,latent_ode,3,"17,29,43",3,True,0.001252766076261613,0.0025749772174907433,0–20,28,25,1.0003324640648705,0.0014436331232709253,0.00020939948998345754,0.0012419173006705353,0.006068381251348715,0.39285714285714285,3,channel_group,-0.0002331201871472726,0.0021646256045611345,0.9834666422435215,0.006663837728150821,42.37557218188333
offgrid,occlusion,latent_ode,3,"17,29,43",3,True,0.001252766076261613,0.0025749772174907433,20–50,56,52,1.000255665254025,0.0011101981768720072,0.0008139176394162327,0.0008105862539653048,0.004236415232095784,0.25,3,channel_group,0.00021035291287699627,0.0018499077207381515,0.9840136007184074,0.0060785117439730845,42.455296743483764
offgrid,occlusion,latent_ode,3,"17,29,43",3,True,0.001252766076261613,0.0025749772174907433,50–100,101,84,1.000390909292517,0.0016973657502361965,0.0005615859233783191,0.0010768953284659485,0.0055817406137428525,0.33663366336633666,3,channel_group,9.411049981409089e-05,0.003172902610551196,0.9861830709004165,0.006203045046607807,43.566306935678625
offgrid,occlusion,latent_ode,3,"17,29,43",3,True,0.001252766076261613,0.0025749772174907433,100–200,161,118,1.0003409161083943,0.0014803275272607158,0.0007122146358097309,0.001086470751528713,0.004783076662916591,0.2608695652173913,3,channel_group,0.0002468553839346298,0.002371912342150449,0.9872878894796034,0.005847950846887835,44.93171992015641
offgrid,occlusion,latent_ode,3,"17,29,43",3,True,0.001252766076261613,0.0025749772174907433,200–500,518,208,1.0004368965613488,0.0018970032906239019,0.000760231512918604,0.0010060279148585024,0.006413403292452609,0.2548262548262548,3,channel_group,0.0005394216964918972,0.0029386427872562467,0.980298217467513,0.005486601304583298,43.57019287217384
offgrid,occlusion,linear,1,,1,True,9.355849606966348,9.355849606966348,0–20,28,25,0.5337992884285215,-2.7262200947652264,-9.80790019213594,-10.286984395943403,1.8924699245298746,0.8214285714285714,3,channel_group,-4.859384877501266,-1.5576493224124863,0.14805267414236106,0.864639689879758,1.994373782787339
offgrid,occlusion,linear,1,,1,True,9.355849606966348,9.355849606966348,20–50,56,52,0.6812976979667188,-1.6666307849351036,-8.22866858260647,-8.332321136141893,1.9730255621085604,0.8214285714285714,3,channel_group,-3.960476630438006,0.13334315084716042,0.22674784131647488,0.8746472668967077,2.356286302458362
offgrid,occlusion,linear,1,,1,True,9.355849606966348,9.355849606966348,50–100,101,84,1.0039158005493296,0.016972896115568258,-7.7853419646168796,-5.847277381352203,3.4073881889133295,0.7326732673267327,3,channel_group,-6.075946755834699,1.72074875737392,0.29510125811188714,0.8539345213903649,2.5988435442444158
offgrid,occlusion,linear,1,,1,True,9.355849606966348,9.355849606966348,100–200,161,118,1.5108674009119432,1.7922635078561924,-5.540634431903686,-4.013086635967377,4.617645045574285,0.6956521739130435,3,channel_group,1.111032973963067,2.20454907946558,0.7687048595427588,0.8528346411583031,3.3537250647541157
offgrid,occlusion,linear,1,,1,True,9.355849606966348,9.355849606966348,200–500,518,208,13.6124870724505,11.339374803218789,-0.7687765580802398,-0.14545820838619958,14.175303079701516,0.5038610038610039,3,channel_group,7.8618269296979015,12.83968492231187,10.69341136780873,0.7956629754961054,6.280968713361957
offgrid,occlusion,local_dynamics,3,"17,29,43",3,True,2.3143285929229624,2.4665981899208353,0–20,28,25,0.3134550454338924,-5.038247352795983,-10.583049744306576,-12.51584810789473,-1.3551460634535633,0.8928571428571429,3,channel_group,-6.108343276099683,-4.1162639746993515,0.059219675501697606,0.9090750430311475,0.3659558106723817
offgrid,occlusion,local_dynamics,3,"17,29,43",3,True,2.3143285929229624,2.4665981899208353,20–50,56,52,0.43976806994483225,-3.5677630646720986,-9.268538085379857,-10.085869490871403,1.6869825036645802,0.8571428571428571,3,channel_group,-5.437431870051337,-1.9714999998623552,0.1281012433686382,0.8614385295659304,1.2051299359161582
offgrid,occlusion,local_dynamics,3,"17,29,43",3,True,2.3143285929229624,2.4665981899208353,50–100,101,84,0.6517377150269601,-1.85927146344958,-8.188012984689879,-8.012279095984507,3.624822313510985,0.7920792079207921,3,channel_group,-6.597714029090628,0.12139893872054328,0.11516615588343994,0.8648813291154679,1.602635634436023
offgrid,occlusion,local_dynamics,3,"17,29,43",3,True,2.3143285929229624,2.4665981899208353,100–200,161,118,0.9922638883096924,-0.03372813736948,-7.175396938627849,-5.159618048556631,2.7647938655314492,0.782608695652174,3,channel_group,-1.722846115932906,1.4404609744387376,0.4112988274945061,0.8674283374725662,3.01901944069911
offgrid,occlusion,local_dynamics,3,"17,29,43",3,True,2.3143285929229624,2.4665981899208353,200–500,518,208,2.38286776490452,3.7709994223494285,-3.0669151053803656,-1.8353235821600187,8.479530813335945,0.6081081081081081,3,channel_group,3.262761909887841,4.578605481506398,1.0935956472337873,0.797325524232264,6.522729444383444
offgrid,occlusion,neural_flow,3,"17,29,43",3,True,-0.0008225616921761136,0.0028861507601402915,0–20,28,25,1.000237918325833,0.001033143263544261,0.002616273803643689,0.0006468419123324242,0.0052279501003956435,0.4642857142857143,3,channel_group,-0.0009658457576031455,0.0032779323952801752,0.9850463065363112,0.009753211616216886,44.02925602595011
offgrid,occlusion,neural_flow,3,"17,29,43",3,True,-0.0008225616921761136,0.0028861507601402915,20–50,56,52,1.000344730913639,0.001496889338156125,0.0027799820807138755,0.0008067473912461315,0.00519496670000286,0.42857142857142855,3,channel_group,-0.00042275366504341877,0.002918201570384302,0.9856202925244968,0.008832105149546453,44.127528690156474
offgrid,occlusion,neural_flow,3,"17,29,43",3,True,-0.0008225616921761136,0.0028861507601402915,50–100,101,84,1.000246578317271,0.0010707440197727377,0.0029508602274358345,0.00034012830441174444,0.005288388511040104,0.4752475247524752,3,channel_group,-0.0007575623062926759,0.003134320174618991,0.9869971062877392,0.009541295529848372,45.07149401120226
offgrid,occlusion,neural_flow,3,"17,29,43",3,True,-0.0008225616921761136,0.0028861507601402915,100–200,161,118,1.0002145891851026,0.0009318490108774626,0.00268952323285796,-0.00010414912801643841,0.005187210187858894,0.5341614906832298,3,channel_group,-0.00048203177676192025,0.003289609351771942,0.9877418361095168,0.00997109350293992,45.94522784215323
offgrid,occlusion,neural_flow,3,"17,29,43",3,True,-0.0008225616921761136,0.0028861507601402915,200–500,518,208,1.0003606467250077,0.001565986458899681,0.00264974124277065,9.003906393771543e-05,0.006052837718829413,0.49034749034749037,3,channel_group,0.0011539851721695576,0.002137841093336113,0.9819803601909941,0.008082538763508082,44.886767510128145
offgrid,occlusion,observed_state_flow,3,"17,29,43",3,True,-0.8933115748259984,-0.7938365633430776,0–20,28,25,0.30173924302272054,-5.203682035144449,-10.56803321050632,-12.420482817483435,-1.65389635760983,0.8928571428571429,3,channel_group,-6.5114554673736835,-4.2340931327571525,0.059849364599878205,0.9100865558499383,0.6545756590508278
offgrid,occlusion,observed_state_flow,3,"17,29,43",3,True,-0.8933115748259984,-0.7938365633430776,20–50,56,52,0.3749607327238967,-4.260142108169635,-8.370326655155013,-8.87604664191923,0.5970184010410189,0.8571428571428571,3,channel_group,-5.794552354422921,-2.8478883766357423,0.1310178026601317,0.8618376731340375,2.4657942140031426
offgrid,occlusion,observed_state_flow,3,"17,29,43",3,True,-0.8933115748259984,-0.7938365633430776,50–100,101,84,0.6239503872128997,-2.048499414333986,-4.9186190280175595,-4.729739197457243,2.2260814909496944,0.8415841584158416,3,channel_group,-4.517014365289188,-0.4739729184576068,0.2640391456073906,0.8665807672558054,5.623628937863673
offgrid,occlusion,observed_state_flow,3,"17,29,43",3,True,-0.8933115748259984,-0.7938365633430776,100–200,161,118,0.7578941197144194,-1.2039146248882209,-2.485073772737315,-2.3011457061519036,0.9184313312822091,0.8509316770186336,3,channel_group,-2.1067551377080287,-0.1428968630524005,0.5312867629347566,0.8607759267230581,10.694834201810709
offgrid,occlusion,observed_state_flow,3,"17,29,43",3,True,-0.8933115748259984,-0.7938365633430776,200–500,518,208,0.9631213515306531,-0.16318989116590144,-0.4074713101937239,-0.18703857319232517,0.3482250624310604,0.747104247104247,3,channel_group,-0.28074868510868733,0.040845838247019484,0.8579137489544839,0.7778522528326222,26.587105991412315
offgrid,occlusion,tpatchgnn,3,"17,29,43",3,True,-0.01695401768296002,0.009168975583656676,0–20,28,25,0.9975189793677558,-0.010788324269070806,-0.024453526324175193,-0.014407563901683466,0.020439059120511978,0.7857142857142857,3,channel_group,-0.023469512388662975,-0.00045264453748078426,0.9418832510709763,0.015114284733152988,31.832236267271494
offgrid,occlusion,tpatchgnn,3,"17,29,43",3,True,-0.01695401768296002,0.009168975583656676,20–50,56,52,0.9965704732707569,-0.014919843991015131,-0.028713226412541558,-0.02204816688911775,0.011244824201493807,0.7678571428571429,3,channel_group,-0.027053170117404306,-0.0030843363360284013,0.9475923574396542,0.022330894331606073,32.21803545951843
offgrid,occlusion,tpatchgnn,3,"17,29,43",3,True,-0.01695401768296002,0.009168975583656676,50–100,101,84,0.996912111740301,-0.013431276148014365,-0.026175255366869214,-0.02047220523543502,0.003129693622025102,0.7821782178217822,3,channel_group,-0.023974264489971222,-0.002500415955055606,0.9515410880051037,0.021186597118093946,32.84248606363933
offgrid,occlusion,tpatchgnn,3,"17,29,43",3,True,-0.01695401768296002,0.009168975583656676,100–200,161,118,0.996970258020713,-0.01317797526009569,-0.02555566699648057,-0.022310772907935608,0.012131841956765617,0.7888198757763976,3,channel_group,-0.021941654618540026,-0.004432697510787956,0.9554443604951072,0.027507630001179763,34.530110483584195
offgrid,occlusion,tpatchgnn,3,"17,29,43",3,True,-0.01695401768296002,0.009168975583656676,200–500,518,208,1.0010470592223846,0.004544941428669788,-0.020848665396994523,-0.010443643133275733,0.08249449003111924,0.694980694980695,3,channel_group,-0.00017227576871548525,0.009220221398182621,0.9428237252790802,0.024054281117672008,36.25812076141475
offgrid,sweep_turn,cru,3,"17,29,43",3,True,-0.5793973406082545,-0.47340153284817826,0–20,9,7,0.6823052625965188,-1.6602127900909494,-1.0191162598673893,-2.5718646664150406,0.955496969755814,0.6666666666666666,3,trajectory,-6.462999678817996,1.9936190277205794,0.17963924686665886,0.4399189580732059,2.1797737457134105
offgrid,sweep_turn,cru,3,"17,29,43",3,True,-0.5793973406082545,-0.47340153284817826,20–50,19,18,0.6869403530369725,-1.6308097105036006,-0.00022661849952069018,-4.273046831484926,2.176892259224991,0.7368421052631579,3,trajectory,-5.326229265637384,0.678314746503471,0.1487757681885309,0.47883017598794314,1.6370684475752344
offgrid,sweep_turn,cru,3,"17,29,43",3,True,-0.5793973406082545,-0.47340153284817826,50–100,30,25,0.8994196135964658,-0.4603764602776327,0.5593088160181546,-0.4441667159920208,2.3429663396500024,0.6,3,trajectory,-5.910468218213464,1.6238892900362574,0.1841999625166257,0.34392409460083917,1.8975101764003435
offgrid,sweep_turn,cru,3,"17,29,43",3,True,-0.5793973406082545,-0.47340153284817826,100–200,72,50,0.9195403028279543,-0.3642923117609268,0.7104305143374162,0.1938046137991715,2.1809088201317253,0.4722222222222222,3,trajectory,-5.681034862801021,1.1431691958613137,0.1897343176210092,0.335112600478329,1.9386690458006879
offgrid,sweep_turn,cru,3,"17,29,43",3,True,-0.5793973406082545,-0.47340153284817826,200–500,158,70,0.900678949045481,-0.45429987606219463,0.8157731245786628,-0.5782944396792135,2.328224864829658,0.5379746835443038,3,trajectory,-5.871389359336682,1.4851104197590876,0.18520502403441355,0.3512018474599467,1.9200003607554288
offgrid,sweep_turn,harmonic,1,,1,True,-5.999978550426449,-5.999978550426449,0–20,9,7,0.009534114046901833,-20.207196573550746,-20.661270885413554,-26.344574992924066,-16.958045565765367,1.0,3,trajectory,-27.83895860469173,-17.821098081668683,0.0031684385806632,0.9907216429710388,0.10134709605740173
offgrid,sweep_turn,harmonic,1,,1,True,-5.999978550426449,-5.999978550426449,20–50,19,18,0.01894417476662626,-17.225243084204713,-16.386283131450373,-20.07855262722318,-13.946987976697068,1.0,3,trajectory,-20.733848005888266,-14.50650724942474,0.008637865646864768,0.9819581602749071,0.1554226937066567
offgrid,sweep_turn,harmonic,1,,1,True,-5.999978550426449,-5.999978550426449,50–100,30,25,0.0532216891054607,-12.739113462908287,-11.073891111736582,-18.123497970764085,-8.446977962195382,1.0,3,trajectory,-21.41346881161384,-10.646785742076318,0.02002332009578817,0.9543108959992727,0.28883656313021977
offgrid,sweep_turn,harmonic,1,,1,True,-5.999978550426449,-5.999978550426449,100–200,72,50,0.31409085390381125,-5.029447097553872,-5.573603306219619,-13.478553805697631,-4.6827294451008,0.9722222222222222,3,trajectory,-10.157014169182482,-1.2565026310406557,0.15733210393753116,0.9003229857318931,0.7842848519754221
offgrid,sweep_turn,harmonic,1,,1,True,-5.999978550426449,-5.999978550426449,200–500,158,70,0.30180853178512446,-5.20268487374122,-2.8502547938820784,-9.303023425165836,-3.4283618480660323,0.9430379746835443,3,trajectory,-7.424516641612326,-3.302861552095931,0.0867374996316495,0.8520758840403906,1.2299498164653484
offgrid,sweep_turn,hold,1,,1,True,-8.4807594057731,-8.4807594057731,0–20,9,7,0.008710283975233287,-20.599676857654266,-21.223985721818508,-30.353999473133758,-18.0316441984227,1.0,3,trajectory,-33.99818720558329,-17.219456040000406,0.004313766461968411,0.9914426141315036,0.03637734428048128
offgrid,sweep_turn,hold,1,,1,True,-8.4807594057731,-8.4807594057731,20–50,19,18,0.03683117284565105,-14.337844513247152,-13.314670414081213,-17.308846588107805,-10.43699181609186,1.0,3,trajectory,-17.901136130726464,-12.534794774078236,0.017728600346967296,0.9639913690717596,0.054366099415346925
offgrid,sweep_turn,hold,1,,1,True,-8.4807594057731,-8.4807594057731,50–100,30,25,0.031678052002098354,-14.992415325986697,-12.591676459064411,-18.122694345884206,-10.949027529659357,1.0,3,trajectory,-23.655487018828765,-12.602287950728684,0.01116142399854041,0.9693529566129049,0.1086988388560712
offgrid,sweep_turn,hold,1,,1,True,-8.4807594057731,-8.4807594057731,100–200,72,50,0.07094287092331793,-11.490912404351747,-9.673187168610177,-13.13547712095428,-8.761870096904733,1.0,3,trajectory,-14.815110199928858,-10.183429821078347,0.016754092402253316,0.9322465062141418,0.1879463080355587
offgrid,sweep_turn,hold,1,,1,True,-8.4807594057731,-8.4807594057731,200–500,158,70,0.21534998626212437,-6.668551516064369,-4.30012694153831,-9.24092664631955,-3.994054998247484,0.9620253164556962,3,trajectory,-11.155655914728932,-4.7766939615063695,0.015109607503532765,0.8267789303304486,0.4156919089868028
offgrid,sweep_turn,kalman,1,,1,True,-8.384093821188682,-8.384093821188682,0–20,9,7,0.0051854018836618105,-22.852175788905626,-23.16486454521862,-27.74261878167993,-19.427558474926887,1.0,3,trajectory,-33.21896331996444,-19.677764503696636,0.002584112763644114,0.9949690765804715,0.04693242224554218
offgrid,sweep_turn,kalman,1,,1,True,-8.384093821188682,-8.384093821188682,20–50,19,18,0.023339958149192208,-16.31899927022062,-15.62247490176084,-19.177033106475754,-11.521137090405567,1.0,3,trajectory,-18.50174011550042,-14.919141309326399,0.011739588912429353,0.9773162352411371,0.10530021053885938
offgrid,sweep_turn,kalman,1,,1,True,-8.384093821188682,-8.384093821188682,50–100,30,25,0.024517408589114553,-16.10525435251634,-13.368933994889039,-20.41269268330563,-13.918307803032334,1.0,3,trajectory,-25.030977796915327,-13.54520899449313,0.010847790814538362,0.9789093693097433,0.18576734650026383
offgrid,sweep_turn,kalman,1,,1,True,-8.384093821188682,-8.384093821188682,100–200,72,50,0.056750563516187714,-12.460298216986153,-9.967064725204697,-14.826239650926087,-9.56548748285554,1.0,3,trajectory,-18.401630847994472,-10.05877311267906,0.023758318055923912,0.9556840285658836,0.39798483812289004
offgrid,sweep_turn,kalman,1,,1,True,-8.384093821188682,-8.384093821188682,200–500,158,70,0.23082101679903666,-6.367246501770644,-3.0324244129189104,-11.130450888371318,-5.156935243573608,0.9620253164556962,3,trajectory,-13.67865101902762,-3.134597313047824,0.07890143004044167,0.9020637279480277,1.0465300875046155
offgrid,sweep_turn,latent_ode,3,"17,29,43",3,True,-0.9944202688944139,-0.9495884222423479,0–20,9,7,0.6975973099470137,-1.5639520278509425,-1.1893839562125623,-1.9463125291202399,0.6968081610426711,0.6666666666666666,3,trajectory,-5.130033985912817,0.600813379456699,0.24055728702633467,0.368039210844371,4.001458693433691
offgrid,sweep_turn,latent_ode,3,"17,29,43",3,True,-0.9944202688944139,-0.9495884222423479,20–50,19,18,0.6392446183844616,-1.9433291948585873,-0.9521812382455483,-3.297531193057738,0.5401268515938575,0.6842105263157895,3,trajectory,-4.292981890606272,-0.29171811626795324,0.2438297925288217,0.40902275755906237,4.192716070434503
offgrid,sweep_turn,latent_ode,3,"17,29,43",3,True,-0.9944202688944139,-0.9495884222423479,50–100,30,25,0.7961933031678199,-0.9898147961488667,-0.4092860442393937,-0.08323205256427849,0.8162943682878248,0.5333333333333333,3,trajectory,-4.639035462080987,0.1465910603511022,0.26837289921111535,0.29240414824087363,4.47393424709638
offgrid,sweep_turn,latent_ode,3,"17,29,43",3,True,-0.9944202688944139,-0.9495884222423479,100–200,72,50,0.8097002391737921,-0.9167573243946526,-0.21850825884488606,-0.39226868303628715,0.8307464542543666,0.5277777777777778,3,trajectory,-4.405375178871954,0.0921631574927436,0.2701957934122119,0.28524994502901824,4.505768307657153
offgrid,sweep_turn,latent_ode,3,"17,29,43",3,True,-0.9944202688944139,-0.9495884222423479,200–500,158,70,0.8213799966161263,-0.8545587789461156,0.005777831090850484,-0.12731886543419826,0.9679400535490768,0.5126582278481012,3,trajectory,-4.50994681540833,0.27316251703254746,0.2560381227986344,0.2869426014132693,4.16807248292369
offgrid,sweep_turn,linear,1,,1,True,-8.05231298584289,-8.05231298584289,0–20,9,7,0.005555352891355499,-22.55288348262161,-23.05681736604143,-27.806889526506456,-19.655006323123647,1.0,3,trajectory,-32.916207200413716,-19.36503242448139,0.002877860203120152,0.9947322739495171,0.08397782904406385
offgrid,sweep_turn,linear,1,,1,True,-8.05231298584289,-8.05231298584289,20–50,19,18,0.023215623835934972,-16.342196417473644,-15.689376766182946,-19.94040835519607,-11.778585920808244,1.0,3,trajectory,-18.409570506502117,-14.758057832533362,0.011825553425679572,0.9776765076737655,0.13316599299248894
offgrid,sweep_turn,linear,1,,1,True,-8.05231298584289,-8.05231298584289,50–100,30,25,0.026511133856062415,-15.765716975064123,-12.936887249499254,-19.549556916576073,-13.367212761524272,1.0,3,trajectory,-24.94678436925139,-13.285067158600562,0.012018323709586736,0.9781568725903829,0.22930683127293985
offgrid,sweep_turn,linear,1,,1,True,-8.05231298584289,-8.05231298584289,100–200,72,50,0.06033985696073306,-12.193957236810496,-9.571138412662139,-14.809810632160278,-10.090994904616728,1.0,3,trajectory,-18.552201602268564,-9.687048361020645,0.025572360979216033,0.9553582660026021,0.456986564619001
offgrid,sweep_turn,linear,1,,1,True,-8.05231298584289,-8.05231298584289,200–500,158,70,0.24979434782658302,-6.02417392765315,-2.690852992550555,-11.127102928764492,-4.608147991125723,0.9620253164556962,3,trajectory,-14.172797734767968,-2.8265113049852824,0.0862105468918401,0.8982685399751063,1.1263244046558496
offgrid,sweep_turn,local_dynamics,3,"17,29,43",3,True,-8.837280392755495,-8.59461233384745,0–20,9,7,0.008582491229322718,-20.663866317191296,-21.282040165944096,-30.832238550481122,-18.029680262546925,1.0,3,trajectory,-34.11631974644638,-17.27772664075023,0.004260575007787367,0.9915697927828189,0.03611100772050792
offgrid,sweep_turn,local_dynamics,3,"17,29,43",3,True,-8.837280392755495,-8.59461233384745,20–50,19,18,0.03635085292090044,-14.394853945850024,-13.350896183141312,-17.306093396846688,-10.473022768268562,1.0,3,trajectory,-18.041550450346616,-12.579654037431197,0.017539546544037565,0.9644610233474196,0.052042066365972584
offgrid,sweep_turn,local_dynamics,3,"17,29,43",3,True,-8.837280392755495,-8.59461233384745,50–100,30,25,0.03058868420937663,-15.144392040515202,-12.772144277176047,-18.241676111898464,-11.13281562505854,1.0,3,trajectory,-23.984041985081088,-12.743624961701185,0.0108935083895226,0.9704541212982604,0.10051014860833268
offgrid,sweep_turn,local_dynamics,3,"17,29,43",3,True,-8.837280392755495,-8.59461233384745,100–200,72,50,0.06724254499540953,-11.7235585774675,-9.876858962623533,-13.61348655864507,-8.751930876805051,1.0,3,trajectory,-15.237481614044446,-10.323448750849833,0.016502848991809402,0.9359933228956329,0.1700415622124435
offgrid,sweep_turn,local_dynamics,3,"17,29,43",3,True,-8.837280392755495,-8.59461233384745,200–500,158,70,0.2021386560852313,-6.943506260237213,-4.438086570475732,-9.818349182217396,-4.574247858650606,0.9620253164556962,3,trajectory,-11.64929444451336,-4.854801484296625,0.015575848185046592,0.8414735982841682,0.3650752500892934
offgrid,sweep_turn,neural_flow,3,"17,29,43",3,True,-0.2611355656091174,-0.055473298839283654,0–20,9,7,0.92930050028695,-0.3184382904845492,-0.2608868666635756,-0.1225475149037439,0.09256064846643122,0.6666666666666666,3,trajectory,-0.8418678165186229,0.35336697150337937,0.5498377934650139,0.100922264382933,10.123013046052723
offgrid,sweep_turn,neural_flow,3,"17,29,43",3,True,-0.2611355656091174,-0.055473298839283654,20–50,19,18,0.9342827347286962,-0.29521676713023826,-0.07576014303811332,-0.22698310170071692,0.404012656573365,0.7368421052631579,3,trajectory,-0.6853865645133561,0.049768178628555676,0.5045768443429679,0.0995914963077347,9.23802889857376
offgrid,sweep_turn,neural_flow,3,"17,29,43",3,True,-0.2611355656091174,-0.055473298839283654,50–100,30,25,0.9689196258783341,-0.13712247185824464,0.06134704751334549,-0.0021852808774909336,0.3964491557774629,0.5,3,trajectory,-0.8751693236531455,0.3525269074834328,0.5071336057451037,0.08002350699576807,9.323573478062945
offgrid,sweep_turn,neural_flow,3,"17,29,43",3,True,-0.2611355656091174,-0.055473298839283654,100–200,72,50,0.9768868997969009,-0.10155714313356667,0.10974550746344472,0.02711807023378374,0.41341212630714497,0.4861111111111111,3,trajectory,-0.7534065039844993,0.21317909297998014,0.5294855946881903,0.0759902315500632,9.682469533549416
offgrid,sweep_turn,neural_flow,3,"17,29,43",3,True,-0.2611355656091174,-0.055473298839283654,200–500,158,70,0.9675512286178172,-0.14326031252682775,0.08815073502215925,-0.009363043561446963,0.4124117500459661,0.5316455696202531,3,trajectory,-0.8047423774432344,0.2648936003267836,0.5176096771714054,0.08187036852880535,9.498179555190765
offgrid,sweep_turn,observed_state_flow,3,"17,29,43",3,True,-9.451843744190846,-9.194636739044721,0–20,9,7,0.008561668209074,-20.674416064199917,-21.277187327422325,-30.819961039854498,-17.98359854428174,1.0,3,trajectory,-34.36455922927593,-17.283741315486793,0.004271053499569081,0.9915604922506545,0.03199213094733375
offgrid,sweep_turn,observed_state_flow,3,"17,29,43",3,True,-9.451843744190846,-9.194636739044721,20–50,19,18,0.03623057690830978,-14.409247505334807,-13.36405684230009,-17.299446227680846,-10.470842298144166,1.0,3,trajectory,-18.042378094497582,-12.616208939658476,0.017716743400358146,0.9644589915610197,0.07742874322534665
offgrid,sweep_turn,observed_state_flow,3,"17,29,43",3,True,-9.451843744190846,-9.194636739044721,50–100,30,25,0.029774997079706086,-15.261482724402342,-12.843929025065847,-18.428451338298153,-11.494403606201868,1.0,3,trajectory,-24.525125964772123,-12.74150405579993,0.011635509344907563,0.9713213284810384,0.17468908353605206
offgrid,sweep_turn,observed_state_flow,3,"17,29,43",3,True,-9.451843744190846,-9.194636739044721,100–200,72,50,0.06110194810483972,-12.139449429866659,-10.243762645021409,-14.113793460364125,-8.880477918661729,1.0,3,trajectory,-15.730386402103733,-10.482629756909533,0.01834350858984243,0.9418656801184019,0.3147424542446431
offgrid,sweep_turn,observed_state_flow,3,"17,29,43",3,True,-9.451843744190846,-9.194636739044721,200–500,158,70,0.17283306103533738,-7.623731782237844,-4.960521732121849,-10.664798467023985,-5.581790572767387,0.9620253164556962,3,trajectory,-12.484577743479669,-5.224999226535466,0.02344558417810837,0.8642064872169439,0.7505922125261649
offgrid,sweep_turn,tpatchgnn,3,"17,29,43",3,True,-7.852315722814099,0.1608082999106017,0–20,9,7,0.3802677001459179,-4.199105618987777,-4.176971314669241,-4.146796701842205,-3.8993761952923367,1.0,3,trajectory,-4.31997546449564,-3.906288666378599,0.2501635681147929,0.6343707441981813,4.502147234838318
offgrid,sweep_turn,tpatchgnn,3,"17,29,43",3,True,-7.852315722814099,0.1608082999106017,20–50,19,18,0.4017940656559771,-3.9599648190308896,-3.8587050444301902,-3.9279323816007947,-3.672393771716586,1.0,3,trajectory,-4.137364494398216,-3.796509931898515,0.2585142993596954,0.6145001752623725,4.5332310011185575
offgrid,sweep_turn,tpatchgnn,3,"17,29,43",3,True,-7.852315722814099,0.1608082999106017,50–100,30,25,0.4059806846806573,-3.914946283345153,-3.75790650408009,-3.9624316085797915,-3.6353486166815623,1.0,3,trajectory,-4.076180733480284,-3.82024942582619,0.2564047289184398,0.6126384213298378,4.557633526540466
offgrid,sweep_turn,tpatchgnn,3,"17,29,43",3,True,-7.852315722814099,0.1608082999106017,100–200,72,50,0.43684751748676515,-3.596701279500742,-3.27148475277888,-3.769595594232397,-3.1889265630255554,1.0,3,trajectory,-3.898814675520676,-3.433511712925153,0.2632714761377967,0.5830200600715857,4.788146984797937
offgrid,sweep_turn,tpatchgnn,3,"17,29,43",3,True,-7.852315722814099,0.1608082999106017,200–500,158,70,0.5359658117009177,-2.708629122907822,-1.978934737201723,-3.3641854764998076,-1.7205150003744838,0.9620253164556962,3,trajectory,-3.4933206052507426,-2.2182494125615575,0.2662125979294757,0.5065661961891414,4.949470710817859
offgrid,uturn,cru,3,"17,29,43",3,True,-0.5769670783157814,-0.4209019826909394,0–20,12,10,0.5147700098653635,-2.883867627182673,-3.0561585644052807,-4.643771648943252,0.0773903125602366,0.8333333333333334,3,trajectory,-5.233843675755563,1.4637960399880496,0.17426882177177402,0.5324359486500422,2.45575984650188
offgrid,uturn,cru,3,"17,29,43",3,True,-0.5769670783157814,-0.4209019826909394,20–50,14,13,0.8425252588377112,-0.7441707014873157,-1.17172001952606,-0.276115472616034,1.7786731624636845,0.5,3,trajectory,-5.574123665367051,1.7010573002353737,0.21432039376703046,0.32586139200256653,2.83664798949446
offgrid,uturn,cru,3,"17,29,43",3,True,-0.5769670783157814,-0.4209019826909394,50–100,31,24,0.8647290600403663,-0.6311994590108759,-0.9592332281456916,0.1245696648220284,1.4841620159498325,0.41935483870967744,3,trajectory,-5.534868767933981,1.4293538626511193,0.23001909235953003,0.2953905430465926,3.4165111262631673
offgrid,uturn,cru,3,"17,29,43",3,True,-0.5769670783157814,-0.4209019826909394,100–200,56,43,0.8734491932250205,-0.5876235197898463,-0.7679787956096291,0.08867523267626493,1.528010026897584,0.4107142857142857,3,trajectory,-4.782991745236837,1.3606445359619683,0.24195519247136651,0.2773527950411378,3.6017568554906623
offgrid,uturn,cru,3,"17,29,43",3,True,-0.5769670783157814,-0.4209019826909394,200–500,175,70,0.9371842133431209,-0.2817503560614011,-0.4823357340734246,0.28038469557961876,1.5072421649444196,0.38857142857142857,3,trajectory,-3.9567349192252936,1.421708615400723,0.23352290061967715,0.2450056318769769,3.3744431645529605
offgrid,uturn,harmonic,1,,1,True,-3.4209103168133232,-3.4209103168133232,0–20,12,10,0.04733526573424262,-13.248151804650306,-14.080283065095626,-22.30703416869816,-9.786690927283006,1.0,3,trajectory,-22.81683550654169,-5.305370892216439,0.024334065145012542,0.9598479817310969,0.12563525504083373
offgrid,uturn,harmonic,1,,1,True,-3.4209103168133232,-3.4209103168133232,20–50,14,13,0.08973786703011552,-10.470242573799426,-13.333489917446936,-20.015306743410463,-5.693244299857161,1.0,3,trajectory,-18.86959307010787,-5.813569717988958,0.04416115288560308,0.9477027867521558,0.5199860525483798
offgrid,uturn,harmonic,1,,1,True,-3.4209103168133232,-3.4209103168133232,50–100,31,24,0.07390048228027746,-11.313527273564628,-11.375157149616646,-12.688378266897535,-8.525355313910797,1.0,3,trajectory,-12.533771074679228,-10.098407273131802,0.028505076204554232,0.9350571863112911,0.34160393631205926
offgrid,uturn,harmonic,1,,1,True,-3.4209103168133232,-3.4209103168133232,100–200,56,43,1.1155748929512421,0.47498731503449176,1.2526761616347066,-12.880233041303935,-4.642461268423647,0.9642857142857143,3,trajectory,-10.114551578294543,4.664792950488097,0.8222773622588387,0.9180424729628223,1.1491554788663052
offgrid,uturn,harmonic,1,,1,True,-3.4209103168133232,-3.4209103168133232,200–500,175,70,0.36812363189512065,-4.340063018898862,-2.9251017828383374,-7.90830187685324,-1.6946493423040991,0.9428571428571428,3,trajectory,-7.652313324366005,-2.7751953047292566,0.19919773113714265,0.8511749830203397,1.4559577238559722
offgrid,uturn,hold,1,,1,True,-7.397571449958752,-7.397571449958752,0–20,12,10,0.06062751305216802,-12.17330246211218,-13.058062465333633,-24.11087273754216,-9.208886658832258,1.0,3,trajectory,-25.560541272788395,-3.3629778738896707,0.030555572278293124,0.9535976449648539,0.09293320555783185
offgrid,uturn,hold,1,,1,True,-7.397571449958752,-7.397571449958752,20–50,14,13,0.07790743469169159,-11.08421095709883,-13.92539612353639,-21.222221946817314,-5.3895809355718685,1.0,3,trajectory,-20.619026663805645,-6.312523206603058,0.03579197502455952,0.9559124112129211,0.37899909035435747
offgrid,uturn,hold,1,,1,True,-7.397571449958752,-7.397571449958752,50–100,31,24,0.08463569901387895,-10.724464145669153,-11.096245420499997,-14.314221247599033,-6.577282511839782,1.0,3,trajectory,-12.203621608115103,-8.73609617486089,0.0382844775524591,0.9199889898300171,0.14307007334765884
offgrid,uturn,hold,1,,1,True,-7.397571449958752,-7.397571449958752,100–200,56,43,0.08519361118669619,-10.695929724914938,-10.666859578631808,-12.311117803047175,-6.885630858180797,1.0,3,trajectory,-11.858104747779867,-9.03272073983148,0.02692898235805578,0.9197707410369601,0.3074604549578258
offgrid,uturn,hold,1,,1,True,-7.397571449958752,-7.397571449958752,200–500,175,70,0.24699380398062723,-6.073139411969118,-5.362597436485249,-7.25822648300146,-2.960252376301879,0.9828571428571429,3,trajectory,-7.169331800654931,-5.411627970444071,0.03847031172597777,0.7909567017533949,0.5035343283201967
offgrid,uturn,kalman,1,,1,True,-6.480326895068613,-6.480326895068613,0–20,12,10,0.041920146006304955,-13.775772133902137,-14.484225121072356,-23.476157745701173,-10.172165826709819,1.0,3,trajectory,-24.065071170194287,-5.662219326037135,0.02089993802534684,0.9656853179136912,0.14836208006211868
offgrid,uturn,kalman,1,,1,True,-6.480326895068613,-6.480326895068613,20–50,14,13,0.040772166631151234,-13.896362095448588,-16.047873174593647,-22.164294744059227,-8.369368478503372,1.0,3,trajectory,-19.583640351828826,-9.608859232009998,0.01908177718619943,0.9725050713334765,0.3689446920262916
offgrid,uturn,kalman,1,,1,True,-6.480326895068613,-6.480326895068613,50–100,31,24,0.0510967728191791,-12.916065282621814,-12.95239514900484,-16.018167248987996,-9.517880586332844,1.0,3,trajectory,-14.162323351682502,-11.458930718882277,0.02542334332834031,0.9532143781262059,0.24272475014590927
offgrid,uturn,kalman,1,,1,True,-6.480326895068613,-6.480326895068613,100–200,56,43,0.08974320306151637,-10.469984339436087,-10.1898135750801,-13.88107862928869,-6.257163129605899,1.0,3,trajectory,-12.439056735321767,-8.635642935448013,0.04571894071029544,0.9331919465746198,0.5777022847489987
offgrid,uturn,kalman,1,,1,True,-6.480326895068613,-6.480326895068613,200–500,175,70,0.32619671969807573,-4.865204106292433,-3.739147417992934,-7.390209653553404,-2.0446870851351253,0.9428571428571428,3,trajectory,-6.058870974509361,-3.209787276305716,0.17013233490288254,0.8437580180168152,1.415378356059747
offgrid,uturn,latent_ode,3,"17,29,43",3,True,-1.4422093222671895,-1.3928703998372625,0–20,12,10,0.36424573096964097,-4.3860552954340175,-4.320925889554261,-7.982998664621442,-0.6187620669831679,0.9166666666666666,3,trajectory,-8.278635724184259,0.32231462959986057,0.15909933153953812,0.6524205365373442,2.726534091764026
offgrid,uturn,latent_ode,3,"17,29,43",3,True,-1.4422093222671895,-1.3928703998372625,20–50,14,13,0.6394984704397972,-1.941604899348976,-2.2157616206493755,-0.8654002987668753,0.4207706269350915,0.6428571428571429,3,trajectory,-8.483667403066965,0.39779469341514223,0.2658883790884699,0.40200501162377933,4.556447937375023
offgrid,uturn,latent_ode,3,"17,29,43",3,True,-1.4422093222671895,-1.3928703998372625,50–100,31,24,0.7096103185447313,-1.4898007799248503,-1.61352899776417,0.022074581008093324,0.3041440110856345,0.45161290322580644,3,trajectory,-7.398906517721189,0.2833228092807199,0.30142960074527936,0.33857859972950755,5.330148608293586
offgrid,uturn,latent_ode,3,"17,29,43",3,True,-1.4422093222671895,-1.3928703998372625,100–200,56,43,0.7089779528656177,-1.493672698912337,-1.4928357039432196,-0.15190402417834023,0.3496324333726023,0.5357142857142857,3,trajectory,-7.044785509158956,0.29187440578280455,0.3074634264422847,0.3358705725383861,5.445772035845688
offgrid,uturn,latent_ode,3,"17,29,43",3,True,-1.4422093222671895,-1.3928703998372625,200–500,175,70,0.7597088161536626,-1.193528337317277,-1.2258316257932202,-0.09592622008147215,0.3582578148059729,0.5428571428571428,3,trajectory,-5.2643206057823075,0.2969708573867549,0.2989883987924882,0.2927980782210285,5.1953972547678715
offgrid,uturn,linear,1,,1,True,-5.974502492836525,-5.974502492836525,0–20,12,10,0.041871702812689655,-13.780793771284156,-14.47962139206089,-22.470730533624938,-10.15939080275322,1.0,3,trajectory,-22.97161077922035,-5.701534344828049,0.021087438906761204,0.9657266090313593,0.17091381520731375
offgrid,uturn,linear,1,,1,True,-5.974502492836525,-5.974502492836525,20–50,14,13,0.038862316087553486,-14.104713202038091,-16.010209222587765,-21.89459973443693,-8.801558102202556,1.0,3,trajectory,-19.006164310285854,-10.011750257286424,0.01873238227978743,0.9737583824566433,0.40790379027436885
offgrid,uturn,linear,1,,1,True,-5.974502492836525,-5.974502492836525,50–100,31,24,0.050272117594196884,-12.986728207575005,-12.914334387020013,-15.781525742008089,-9.364308935389637,1.0,3,trajectory,-14.384038657228439,-11.804940394611503,0.024976600562607167,0.9551631327598326,0.2921464137672897
offgrid,uturn,linear,1,,1,True,-5.974502492836525,-5.974502492836525,100–200,56,43,0.09968403818077469,-10.013743771445299,-9.541829091473787,-13.026429334436118,-5.662614595448696,1.0,3,trajectory,-11.760504730775533,-8.554629486920792,0.051455390754199436,0.9298834523984364,0.677097292018256
offgrid,uturn,linear,1,,1,True,-5.974502492836525,-5.974502492836525,200–500,175,70,0.36903443956215465,-4.329331020960453,-3.2204424009180825,-7.284218862248677,-1.5933380226813416,0.9257142857142857,3,trajectory,-5.422198807940437,-2.7225276656234683,0.19344398302092616,0.8355526540747711,1.5128468010148832
offgrid,uturn,local_dynamics,3,"17,29,43",3,True,-7.9426619820841635,-7.909693335958985,0–20,12,10,0.058429301284680414,-12.33369307083915,-13.179733745851884,-24.392309755598326,-9.24407797261424,1.0,3,trajectory,-25.773027484919915,-3.582001582435219,0.02936411551207933,0.9549029535717434,0.09118616679269402
offgrid,uturn,local_dynamics,3,"17,29,43",3,True,-7.9426619820841635,-7.909693335958985,20–50,14,13,0.06900166151657076,-11.61140451599114,-14.377244277373926,-21.163795160502296,-5.911672413762654,1.0,3,trajectory,-20.81791803757372,-6.887375097618644,0.031553547748314564,0.9593436306431181,0.35478913938138806
offgrid,uturn,local_dynamics,3,"17,29,43",3,True,-7.9426619820841635,-7.909693335958985,50–100,31,24,0.07334807632404618,-11.346112717703516,-11.647752210852742,-14.796790837582122,-7.938682845401603,1.0,3,trajectory,-12.763818855116838,-9.484980679337756,0.03267183408462838,0.9298120448666235,0.13591860096791494
offgrid,uturn,local_dynamics,3,"17,29,43",3,True,-7.9426619820841635,-7.909693335958985,100–200,56,43,0.08074519850820897,-10.928832934351044,-10.824273710936982,-12.865787179511976,-7.2710221724962105,1.0,3,trajectory,-12.090637001296312,-9.24330409013536,0.025448627513209643,0.9246653655455226,0.32330235211910413
offgrid,uturn,local_dynamics,3,"17,29,43",3,True,-7.9426619820841635,-7.909693335958985,200–500,175,70,0.21686005238221867,-6.638204416593661,-5.767703673875538,-7.890730079577331,-3.9365458427262525,0.9828571428571429,3,trajectory,-7.873754407980973,-5.813044527517758,0.04127999025308301,0.8240345834195614,0.5222473328085783
offgrid,uturn,neural_flow,3,"17,29,43",3,True,-0.4152575933586552,0.18147934124648432,0–20,12,10,0.890259311430984,-0.5048347524208633,-0.5320838883323299,-0.7105764721746288,0.34017435607078905,0.75,3,trajectory,-0.8559142814809007,0.4160343365292386,0.5071777722073926,0.14211792440215096,8.96953821182251
offgrid,uturn,neural_flow,3,"17,29,43",3,True,-0.4152575933586552,0.18147934124648432,20–50,14,13,0.9772766835632779,-0.09982462756977854,-0.14036379163498477,0.19811636608865185,0.39766476174711407,0.42857142857142855,3,trajectory,-0.8129095439919434,0.3954961080689383,0.5327312669583729,0.08103554761042422,9.328467090924581
offgrid,uturn,neural_flow,3,"17,29,43",3,True,-0.4152575933586552,0.18147934124648432,50–100,31,24,0.9861958619727884,-0.06036824078410041,-0.11469602216663422,0.27240920748775005,0.43754372639361,0.3870967741935484,3,trajectory,-0.8583926637368517,0.42417607148709024,0.5434415047207187,0.07667308699941106,9.618029409839263
offgrid,uturn,neural_flow,3,"17,29,43",3,True,-0.4152575933586552,0.18147934124648432,100–200,56,43,0.9968127017574651,-0.013864367081479718,-0.024295404412042892,0.23293542627867994,0.4328391572014232,0.4107142857142857,3,trajectory,-0.6880002573287769,0.41325972504311714,0.5538157910285961,0.06412947822486997,9.827997569526945
offgrid,uturn,neural_flow,3,"17,29,43",3,True,-0.4152575933586552,0.18147934124648432,200–500,175,70,1.0068515301318397,0.029654344083282682,0.015034750038930253,0.27757133718636984,0.4896494954832361,0.3657142857142857,3,trajectory,-0.6197794145585622,0.42090369447693776,0.5523185397329785,0.05995333060178162,9.787081528164093
offgrid,uturn,observed_state_flow,3,"17,29,43",3,True,-8.141767939627828,-8.118679305782694,0–20,12,10,0.05860105811411303,-12.320945421905822,-13.15559566699784,-24.775370354598245,-9.210073377666918,1.0,3,trajectory,-26.16248682831082,-3.57863098576416,0.029472382355985812,0.9543099767631955,0.09369170160304442
offgrid,uturn,observed_state_flow,3,"17,29,43",3,True,-8.141767939627828,-8.118679305782694,20–50,14,13,0.06975711904843114,-11.564114639585936,-14.411867165445166,-23.011425003785106,-5.796688783365497,1.0,3,trajectory,-21.43641984437798,-6.800209435645269,0.03134276262253042,0.9581959077290128,0.3724982121271924
offgrid,uturn,observed_state_flow,3,"17,29,43",3,True,-8.141767939627828,-8.118679305782694,50–100,31,24,0.0759842759517762,-11.192762705337449,-11.634895706794223,-14.323392828390183,-7.024817838496511,1.0,3,trajectory,-12.820172572079452,-9.028182156629917,0.03646453442765514,0.9265781410278813,0.3311805461222926
offgrid,uturn,observed_state_flow,3,"17,29,43",3,True,-8.141767939627828,-8.118679305782694,100–200,56,43,0.08244182757750548,-10.838523893087837,-11.098716808121335,-13.409459612504115,-7.308562824682097,1.0,3,trajectory,-12.87879712055086,-8.42945703221912,0.0341036694492989,0.9233277028515224,0.6663303725155336
offgrid,uturn,observed_state_flow,3,"17,29,43",3,True,-8.141767939627828,-8.118679305782694,200–500,175,70,0.20387025949766946,-6.906461242861339,-6.249497990928532,-8.460557305446345,-4.287153300712015,0.9828571428571429,3,trajectory,-7.224257597008802,-6.363402726971579,0.05708192160885245,0.8244849454647016,1.021354143869664
offgrid,uturn,tpatchgnn,3,"17,29,43",3,True,-8.490755377009808,0.11022107499079584,0–20,12,10,0.38457605584214133,-4.150177589413932,-4.128675491585251,-4.363417915806069,-3.4835519670785122,1.0,3,trajectory,-4.39080742126369,-2.540885895324747,0.23628645317835936,0.6297244913302065,4.077259345212952
offgrid,uturn,tpatchgnn,3,"17,29,43",3,True,-8.490755377009808,0.11022107499079584,20–50,14,13,0.40948512396287345,-3.877618709443131,-4.092965662626859,-4.170168541656783,-2.628089672339444,1.0,3,trajectory,-4.535390027186417,-2.9089878369182705,0.24129301253040983,0.6246041302102164,4.233569182100751
offgrid,uturn,tpatchgnn,3,"17,29,43",3,True,-8.490755377009808,0.11022107499079584,50–100,31,24,0.3984525904399893,-3.996233453724574,-4.055495837852387,-4.102402597234061,-3.2270951696985883,1.0,3,trajectory,-4.405823390263751,-3.532446343655582,0.2447476119043365,0.6184098770436223,4.2974769156125765
offgrid,uturn,tpatchgnn,3,"17,29,43",3,True,-8.490755377009808,0.11022107499079584,100–200,56,43,0.40644435165449977,-3.9099890744695576,-3.958754152620612,-4.105367300200411,-3.25250019700376,1.0,3,trajectory,-4.412029216090993,-3.310082551169744,0.24592424193230852,0.6149124696252792,4.468344328453809
offgrid,uturn,tpatchgnn,3,"17,29,43",3,True,-8.490755377009808,0.11022107499079584,200–500,175,70,0.47262141474655706,-3.254866041265089,-3.074481748192534,-3.523301336618483,-2.3688171215875693,0.9828571428571429,3,trajectory,-3.3432287177706144,-3.1507671192775817,0.2502989379786664,0.5600210676760686,4.62623525822003
