model,group,query_s,n,nmse,nmse_db,median_db,energy_weighted_db
W,all,0.009999999776482582,1296,0.3096484839916229,-5.091310419120698,-15.357519896469295,-5.14387045548712
W,all,0.019999999552965164,1296,0.8177926540374756,-0.873567948886984,-12.706061859710987,-2.6568337155790775
W,all,0.05000000074505806,1296,3.0798325538635254,4.885271051660553,-11.116050820398158,-1.1813810555196493
W,all,0.10000000149011612,1296,4.05206298828125,6.076761877371948,-8.978016107201709,-0.6035877078696562
W,all,0.20000000298023224,1296,6.2324981689453125,7.9466215958382325,-7.488985461177178,-0.2890517438189173
W,all,0.30000001192092896,1294,10.452628135681152,10.192255001428702,-6.692560912358379,-0.2011730035548803
W,all,0.4000000059604645,1292,11.839035987854004,10.733163407145812,-5.974172932042969,-0.1638973419300097
W,all,0.5,1290,8.543139457702637,9.316174958182325,-4.996786221309274,-0.12938960192240162
W,near,0.009999999776482582,648,0.2155628651380539,-6.664260526443119,-13.695846654224212,-7.366000214325851
W,near,0.019999999552965164,648,0.3891679346561432,-4.098629504581234,-9.362468718183344,-5.04940621660075
W,near,0.05000000074505806,648,0.2855532467365265,-5.443128975487927,-10.036944800112813,-6.129805809143621
W,near,0.10000000149011612,648,0.35367700457572937,-4.513931762907726,-7.317967817008446,-4.829953827777532
W,near,0.20000000298023224,648,0.43632572889328003,-3.6018917714170744,-6.253239323169674,-4.1094288533208765
W,near,0.30000001192092896,648,0.5577043890953064,-2.5359593762719204,-5.7010648679609535,-3.408151537278206
W,near,0.4000000059604645,648,0.699612557888031,-1.5514240363514427,-4.780396626661362,-2.767774750360352
W,near,0.5,648,0.813544750213623,-0.896185530697017,-3.88924028721973,-2.0397450717284054
W,far,0.009999999776482582,648,0.40373414754867554,-3.9390451671605846,-15.63917776920129,-3.8381492022428554
W,far,0.019999999552965164,648,1.2464174032211304,0.9566350424869023,-14.091388273297694,-1.8122412726891879
W,far,0.05000000074505806,648,5.874112129211426,7.689422323864745,-12.071492930789722,-0.6210829904102423
W,far,0.10000000149011612,648,7.750449180603027,8.893268729584765,-10.490399637148375,-0.307666140745606
W,far,0.20000000298023224,648,12.028670310974121,10.802176216437934,-8.741649747663889,-0.14453451755182478
W,far,0.30000001192092896,646,20.37818717956543,13.091655470438647,-7.799212461190182,-0.09966120369954659
W,far,0.4000000059604645,644,23.047649383544922,13.626266385407565,-7.170218555691424,-0.08221760077817288
W,far,0.5,642,16.344970703125,12.133841464836834,-5.733122430584184,-0.06440237682334173
W,normal,0.009999999776482582,324,0.2094990462064743,-6.788179499206358,-12.831903887782039,-6.57845471149767
W,normal,0.019999999552965164,324,0.22201287746429443,-6.5362183433546015,-12.95363947487094,-6.44642278644853
W,normal,0.05000000074505806,324,0.12080269306898117,-9.179233838277929,-12.709831815969043,-9.034783465627251
W,normal,0.10000000149011612,324,0.17065994441509247,-7.6786840015552205,-10.146384898864557,-7.582618616176995
W,normal,0.20000000298023224,324,0.2308003455400467,-6.3676354531689885,-8.41942602805019,-6.272959820072479
W,normal,0.30000001192092896,324,0.25271016359329224,-5.973772911084979,-7.69811229802401,-5.871339118159331
W,normal,0.4000000059604645,324,0.2757055461406708,-5.595544974630964,-6.962460033792281,-5.504008596939291
W,normal,0.5,324,0.3550204634666443,-4.497466133829061,-5.687543993089768,-4.427077174215154
W,maneuver,0.009999999776482582,324,0.025261467322707176,-15.975414268746281,-22.00582832476441,-15.944227039643593
W,maneuver,0.019999999552965164,324,0.05147328972816467,-12.88418074510031,-19.777130969262473,-12.751097785152057
W,maneuver,0.05000000074505806,324,0.05957363173365593,-12.249459235907718,-14.42755589760951,-12.167312803389889
W,maneuver,0.10000000149011612,324,0.09713340550661087,-10.126313845906548,-11.449900211968643,-10.076313725600352
W,maneuver,0.20000000298023224,324,0.1327446699142456,-8.769829080868256,-9.786809034298017,-8.69921409799427
W,maneuver,0.30000001192092896,324,0.1608225554227829,-7.9365304135439265,-8.672345762868357,-7.858339259897495
W,maneuver,0.4000000059604645,324,0.20363692939281464,-6.911434602391524,-7.619173689668349,-6.8248063305106825
W,maneuver,0.5,324,0.27582722902297974,-5.593628635020117,-6.212603680575556,-5.5091266911512875
W,occlusion,0.009999999776482582,648,0.501916766166687,-2.9936829678246255,-12.030561825518078,-3.367601611752851
W,occlusion,0.019999999552965164,648,1.4988422393798828,1.7575592359384187,-7.7148024066076735,-1.3025924918584768
W,occlusion,0.05000000074505806,648,6.069477081298828,7.831512758381725,-4.555686390822917,-0.5028779594851711
W,occlusion,0.10000000149011612,648,7.9702301025390625,9.0147085976756,-3.031159182329179,-0.23181416745174382
W,occlusion,0.20000000298023224,648,12.283225059509277,10.89312409285592,-2.013148219882323,-0.11287651573760533
W,occlusion,0.30000001192092896,646,20.730209350585938,13.16603687976406,-1.4290782491115945,-0.07479593453232174
W,occlusion,0.4000000059604645,644,23.510448455810547,13.712609132604719,-1.1734791038333299,-0.060255898086852965
W,occlusion,0.5,642,16.847747802734375,12.265418528501613,-0.8021082181607392,-0.044400862307660556
W,far_maneuver,0.009999999776482582,162,0.02024763822555542,-16.93625627532171,-23.98618254503004,-17.016574693663877
W,far_maneuver,0.019999999552965164,162,0.016916939988732338,-17.71678191308443,-20.736135143126518,-17.725268833605437
W,far_maneuver,0.05000000074505806,162,0.037144795060157776,-14.301020334517274,-16.02104866972468,-14.344555408783304
W,far_maneuver,0.10000000149011612,162,0.06791964918375015,-11.680045659613203,-12.180102999026749,-11.701579716488077
W,far_maneuver,0.20000000298023224,162,0.10242676734924316,-9.895865336633051,-10.158438243826263,-9.912763879861133
W,far_maneuver,0.30000001192092896,162,0.13311326503753662,-8.757786639426811,-8.899011691236673,-8.77272149096332
W,far_maneuver,0.4000000059604645,162,0.16898085176944733,-7.721625051023953,-7.83768015943282,-7.734071456653212
W,far_maneuver,0.5,162,0.2384219765663147,-6.226537159553133,-6.296313195670654,-6.241291896851208
W,far_normal,0.009999999776482582,162,0.09129001200199127,-10.39576735825027,-18.80079809810349,-10.098332825795671
W,far_normal,0.019999999552965164,162,0.08560274541378021,-10.675123065969668,-15.229897282917307,-10.406358374605922
W,far_normal,0.05000000074505806,162,0.08364676684141159,-10.775508409546715,-15.067939976420332,-10.47847212138577
W,far_normal,0.10000000149011612,162,0.11230486631393433,-9.496014247937536,-11.247640242120678,-9.346893213033216
W,far_normal,0.20000000298023224,162,0.16265247762203217,-7.887393168925396,-9.388225414952785,-7.762584573199857
W,far_normal,0.30000001192092896,162,0.18299780786037445,-7.375541126730959,-8.324199672735265,-7.281241190253919
W,far_normal,0.4000000059604645,162,0.20409587025642395,-6.9016578285370915,-7.666110753183633,-6.837701486004994
W,far_normal,0.5,162,0.27671507000923157,-5.579671883703183,-6.105825690661975,-5.545739049533889
W,far_occlusion,0.009999999776482582,324,0.7516994476318359,-1.2395576888458704,-5.775497235539407,-1.6857343597121295
W,far_occlusion,0.019999999552965164,324,2.441575050354004,3.8767007838613003,-6.424342697882327,-0.6621655241083806
W,far_occlusion,0.05000000074505806,324,11.687828063964844,10.677338142010061,-1.7795191024863448,-0.20773095585982518
W,far_occlusion,0.10000000149011612,324,15.410786628723145,11.878248074266978,-0.9627131949763021,-0.09197014071866877
W,far_occlusion,0.20000000298023224,324,23.9248046875,13.788484010575655,-0.5971864087049178,-0.04558806273157162
W,far_occlusion,0.30000001192092896,322,40.723907470703125,16.09849442009166,-0.38207569683172815,-0.029101477148561053
W,far_occlusion,0.4000000059604645,320,46.19452667236328,16.645905215127172,-0.3616644468520366,-0.02382180262778619
W,far_occlusion,0.5,318,32.73591232299805,15.150244488573003,-0.2197775154273199,-0.015587217503618984
W,near_maneuver,0.009999999776482582,162,0.030275292694568634,-15.189116495054195,-20.90153449087524,-15.082412548039494
W,near_maneuver,0.019999999552965164,162,0.08602964133024216,-10.653518877307127,-17.518269742060287,-10.491649234410003
W,near_maneuver,0.05000000074505806,162,0.08200247585773468,-10.86173034992872,-12.70785301840667,-10.720165704710613
W,near_maneuver,0.10000000149011612,162,0.126347154378891,-8.984345349190727,-9.666964518555506,-8.891474689397702
W,near_maneuver,0.20000000298023224,162,0.16306257247924805,-7.876457105172649,-8.402633423852716,-7.744652819674944
W,near_maneuver,0.30000001192092896,162,0.18853184580802917,-7.246152805215895,-7.589369937114041,-7.094238627210485
W,near_maneuver,0.4000000059604645,162,0.23829302191734314,-6.228886751825592,-6.65078055882732,-6.060239542578717
W,near_maneuver,0.5,162,0.31323251128196716,-5.041331676307518,-5.642610244039666,-4.867752865897454
W,near_normal,0.009999999776482582,162,0.32770809531211853,-4.845128301893131,-5.477008245764048,-4.670158323262577
W,near_normal,0.019999999552965164,162,0.35842302441596985,-4.456040998591664,-4.018944301639564,-4.417850229009421
W,near_normal,0.05000000074505806,162,0.15795862674713135,-8.01456650566891,-9.441962426075824,-7.949436012423946
W,near_normal,0.10000000149011612,162,0.2290150374174118,-6.401360003981321,-5.982995045982694,-6.324796373332719
W,near_normal,0.20000000298023224,162,0.2989482283592224,-5.24404015972192,-4.976504787539398,-5.15534554286077
W,near_normal,0.30000001192092896,162,0.3224225342273712,-4.915746128080059,-4.754990119126664,-4.795448610731184
W,near_normal,0.4000000059604645,162,0.34731525182724,-4.59276144881088,-4.636315526255118,-4.471363135578274
W,near_normal,0.5,162,0.4333258867263794,-3.6318536560074133,-3.389816311143411,-3.524885754241895
W,near_occlusion,0.009999999776482582,324,0.2521340548992157,-5.983684916660445,-13.283086742357328,-7.401330543111124
W,near_occlusion,0.019999999552965164,324,0.5561094880104065,-2.548396951849014,-8.817865285497707,-3.999940824314941
W,near_occlusion,0.05000000074505806,324,0.4511259198188782,-3.4570221943095483,-6.647536940901521,-4.49259238007516
W,near_occlusion,0.10000000149011612,324,0.5296728610992432,-2.7599227848366925,-5.0568608649699565,-3.3713463443797513
W,near_occlusion,0.20000000298023224,324,0.6416460871696472,-1.92704449766553,-4.357932328174683,-2.91034133287474
W,near_occlusion,0.30000001192092896,324,0.8599316477775574,-0.655360675619751,-3.4279017368363984,-2.2465115255995807
W,near_occlusion,0.4000000059604645,324,1.1064209938049316,0.43920407707847986,-2.90329223695392,-1.7324704023354076
W,near_occlusion,0.5,324,1.2538104057312012,0.9823186985202919,-1.871241756505024,-1.2216816464138776
W,los,0.009999999776482582,1087,0.13429014384746552,-8.719558609704222,-19.546972176355787,-8.802848335785402
W,los,0.019999999552965164,1084,0.22178982198238373,-6.540583876652606,-16.49704113636966,-6.414544804530971
W,los,0.05000000074505806,1085,0.1645144820213318,-7.83795865585642,-12.916709199580032,-1.3160723014972078
W,los,0.10000000149011612,1084,0.21445374190807343,-6.686663715473129,-10.568883596991805,-0.6559350665484602
W,los,0.20000000298023224,1082,0.25942060351371765,-5.859955346629814,-8.955006530999963,-0.30772226947425907
W,los,0.30000001192092896,1080,0.2916790544986725,-5.350947564876272,-8.082482721292013,-0.21416339518924754
W,los,0.4000000059604645,1078,0.326553612947464,-4.860455068979666,-7.2160514140512255,-0.17887626920180694
W,los,0.5,1076,0.4036557078361511,-3.939889020577652,-5.88246844081449,-0.13554592067336535
W,nlos,0.009999999776482582,209,1.2216796875,0.8695735305360801,-1.6932168533853882,0.9388254813605015
W,nlos,0.019999999552965164,212,3.865279197692871,5.871808694414188,0.12986069148251958,0.150051584196435
W,nlos,0.05000000074505806,211,18.0709228515625,12.569803318142368,1.0780723180128038,0.05305560764628155
W,nlos,0.10000000149011612,212,23.67455291748047,13.74281786310811,0.25814862067129984,0.0578021808082633
W,nlos,0.20000000298023224,214,36.43282699584961,15.614928715181495,0.06384825654866289,0.0213262558607916
W,nlos,0.30000001192092896,214,61.73218536376953,17.905116515763208,0.1108994321463247,0.049675253797078704
W,nlos,0.4000000059604645,214,69.83181762695312,18.440533462810638,0.17163181825267712,0.03737286944757539
W,nlos,0.5,214,49.46876907348633,16.943311039917642,0.5490160904431165,0.08412627530900368
W,switch_window,0.009999999776482582,202,0.5767854452133179,-2.389857072749216,-10.262305807546957,-6.119877074437126
W,switch_window,0.019999999552965164,202,0.9086090922355652,-0.41622921617829933,-5.556830256159535,-4.904670378323784
W,switch_window,0.05000000074505806,202,17.240266799926758,12.365439824190531,-2.17893474648129,-0.20530377442773523
W,switch_window,0.10000000149011612,202,24.216999053955078,13.841203248080276,-0.3413761210891817,-0.06177668921742742
W,switch_window,0.20000000298023224,202,37.97286605834961,15.794733773966204,-0.17081436020225244,-0.028796846326384316
W,switch_window,0.30000001192092896,202,64.9816665649414,18.127908453696353,-0.0014607319608236043,-0.016558162842773668
W,switch_window,0.4000000059604645,202,73.60150146484375,18.668866740011566,-0.0023878603311820613,-0.013141459891343873
W,switch_window,0.5,202,50.840641021728516,17.062110176971636,0.0662489336184595,-0.005968744526940211
WM,all,0.009999999776482582,1296,0.30369865894317627,-5.17557125812602,-15.111750431764175,-5.19394811858731
WM,all,0.019999999552965164,1296,0.7782571911811829,-1.0887685769860844,-12.361701913223255,-2.72864107801609
WM,all,0.05000000074505806,1296,1.7711713314056396,2.4826057399924877,-10.621479475690272,-1.222868077349574
WM,all,0.10000000149011612,1296,0.83000248670578,-0.8092060646611816,-9.531344128579976,-0.65560180218247
WM,all,0.20000000298023224,1296,0.47521713376045227,-3.2310790943369327,-7.96330595662006,-0.31608660693809976
WM,all,0.30000001192092896,1294,0.5270314812660217,-2.7816344222242826,-7.3225362803495315,-0.22295719697663818
WM,all,0.4000000059604645,1292,0.9995330572128296,-0.002028380363980165,-6.60118448148814,-0.18667698862510929
WM,all,0.5,1290,1.0095655918121338,0.04134540453179622,-5.611308558239909,-0.15909519135564446
WM,near,0.009999999776482582,648,0.2117123305797577,-6.742538470027983,-13.850995948524094,-7.427807285395438
WM,near,0.019999999552965164,648,0.3696129024028778,-4.322528768876186,-9.113595778972893,-5.2272943479850955
WM,near,0.05000000074505806,648,0.2552691400051117,-5.930016847475548,-10.981673103833351,-6.418510218894987
WM,near,0.10000000149011612,648,0.284736692905426,-5.455565634131681,-9.384825093495733,-5.73142099271272
WM,near,0.20000000298023224,648,0.36058422923088074,-4.429932718115689,-8.104376257434996,-5.098632660055133
WM,near,0.30000001192092896,648,0.45083487033843994,-3.4598250032360935,-7.462843577062294,-4.30818403325503
WM,near,0.4000000059604645,648,0.6005851030349731,-2.2142544428146786,-6.292574048897559,-3.5562253483301243
WM,near,0.5,648,0.7584848403930664,-1.2005309490286995,-5.375852783022728,-2.8015180448763055
WM,far,0.009999999776482582,648,0.3956849277019501,-4.026504924191924,-15.63509780129298,-3.8836764063065594
WM,far,0.019999999552965164,648,1.186901569366455,0.744147040822183,-14.091511124981604,-1.8589173568656279
WM,far,0.05000000074505806,648,3.2870736122131348,5.168094299775763,-10.328126089861678,-0.6489031051975557
WM,far,0.10000000149011612,648,1.3752682209014893,1.3838740761893187,-9.882954737224473,-0.3289198578344067
WM,far,0.20000000298023224,648,0.5898500680923462,-2.292583661122277,-7.402361255528426,-0.1515839828603592
WM,far,0.30000001192092896,646,0.6034640669822693,-2.19348584681663,-7.050353676790135,-0.10466560034930127
WM,far,0.4000000059604645,644,1.400958776473999,1.4642535626131612,-7.202161737481298,-0.08910181946755573
WM,far,0.5,642,1.2629930973052979,1.0140097699205965,-6.566505638302501,-0.07603467670472579
WM,normal,0.009999999776482582,324,0.20792166888713837,-6.821002476203262,-12.824975404478192,-6.609991247814605
WM,normal,0.019999999552965164,324,0.21619373559951782,-6.65156894258644,-12.990744746882829,-6.559541022338218
WM,normal,0.05000000074505806,324,0.10332714766263962,-9.857855591085334,-14.233356541364106,-9.685572761176363
WM,normal,0.10000000149011612,324,0.11526978760957718,-9.382845070489482,-13.05432882302738,-9.244216239669527
WM,normal,0.20000000298023224,324,0.1522539258003235,-8.1743150045905,-11.228642619381477,-8.027661656842959
WM,normal,0.30000001192092896,324,0.15794935822486877,-8.0148213436766,-10.63676912489055,-7.845181802931257
WM,normal,0.4000000059604645,324,0.16459843516349792,-7.835742979395959,-10.258606891914726,-7.683081200362995
WM,normal,0.5,324,0.19788502156734467,-7.035870774299639,-9.638438404271982,-6.911559815664194
WM,maneuver,0.009999999776482582,324,0.025188451632857323,-15.987985283325227,-21.878998163739332,-15.958266469477156
WM,maneuver,0.019999999552965164,324,0.05124429985880852,-12.903544361754925,-19.01531177983106,-12.773429154370529
WM,maneuver,0.05000000074505806,324,0.05595385655760765,-12.521699748377378,-15.496310799960476,-12.469226096953898
WM,maneuver,0.10000000149011612,324,0.07968305796384811,-10.986340075243472,-14.839404837335886,-11.00734966610461
WM,maneuver,0.20000000298023224,324,0.10555078834295273,-9.765385186640875,-13.756291299620848,-9.783181435663948
WM,maneuver,0.30000001192092896,324,0.12545545399188995,-9.01510453623226,-12.943152831631636,-9.04810796251605
WM,maneuver,0.4000000059604645,324,0.16180573403835297,-7.910060920124331,-11.60770160063753,-7.922745182330012
WM,maneuver,0.5,324,0.2031724900007248,-6.921350968295588,-9.87351117196242,-6.909188050838346
WM,occlusion,0.009999999776482582,648,0.49084219336509705,-3.0905811188223593,-12.100019429685894,-3.422214278158928
WM,occlusion,0.019999999552965164,648,1.4227954149246216,1.531424569662698,-7.679770556711555,-1.3722359519064038
WM,occlusion,0.05000000074505806,648,3.4627017974853516,5.394150923918105,-4.384611309364957,-0.5351227336093335
WM,occlusion,0.10000000149011612,648,1.5625284910202026,1.9382794497934386,-2.675617876158334,-0.26652750500938494
WM,occlusion,0.20000000298023224,648,0.8215319514274597,-0.8537554110440497,-1.2451882766514613,-0.12780843031248768
WM,occlusion,0.30000001192092896,646,0.9135535955429077,-0.392659687649179,-0.8086546990012737,-0.08566613453719571
WM,occlusion,0.4000000059604645,644,1.841058611869812,2.6506761490620914,-0.46845902892114094,-0.072129215643054
WM,occlusion,0.5,642,1.8261635303497314,2.6153966539353335,-0.2544278789649845,-0.059370393515703154
WM,far_maneuver,0.009999999776482582,162,0.020618543028831482,-16.85742026583757,-22.185988322508436,-16.939412442516005
WM,far_maneuver,0.019999999552965164,162,0.01843499019742012,-17.34357088988566,-19.04383842263862,-17.373831625030064
WM,far_maneuver,0.05000000074505806,162,0.04636658728122711,-13.33794868293853,-16.79418502048677,-13.455253504302815
WM,far_maneuver,0.10000000149011612,162,0.08312978595495224,-10.802433377310276,-16.565580818438637,-10.974016489206937
WM,far_maneuver,0.20000000298023224,162,0.12144208699464798,-9.156307779895096,-17.056741887559376,-9.390256257461738
WM,far_maneuver,0.30000001192092896,162,0.15018633008003235,-8.233695949016472,-15.468486605636574,-8.518279059371034
WM,far_maneuver,0.4000000059604645,162,0.17255271971225739,-7.6307819112927655,-15.139227847776464,-7.961501340427506
WM,far_maneuver,0.5,162,0.201398566365242,-6.959436252515195,-15.476941780472465,-7.344711405955053
WM,far_normal,0.009999999776482582,162,0.0916847214102745,-10.377030303065267,-18.89487099358003,-10.078213934496015
WM,far_normal,0.019999999552965164,162,0.08500001579523087,-10.705809935824018,-15.490918997723899,-10.433347376801606
WM,far_normal,0.05000000074505806,162,0.07055860757827759,-11.51449998270757,-18.548112745447455,-11.15165392806145
WM,far_normal,0.10000000149011612,162,0.06796954572200775,-11.676856326977852,-15.424180819869598,-11.429887888706487
WM,far_normal,0.20000000298023224,162,0.09555385261774063,-10.19751798018753,-14.096186220875108,-9.969023241705418
WM,far_normal,0.30000001192092896,162,0.09110499173402786,-10.404578269441025,-12.927754647260985,-10.205601839376603
WM,far_normal,0.4000000059604645,162,0.08424283564090729,-10.744670230847724,-12.88345159987818,-10.615454714405864
WM,far_normal,0.5,162,0.09738093614578247,-10.11526054795327,-11.603826648496359,-10.032526135007807
WM,far_occlusion,0.009999999776482582,324,0.7352182269096375,-1.33583734826304,-5.7947108424417895,-1.7361590136942018
WM,far_occlusion,0.019999999552965164,324,2.3220856189727783,3.6587822882284007,-6.558550294971237,-0.7105543018950867
WM,far_occlusion,0.05000000074505806,324,6.515684604644775,8.139600538781075,-1.6959169997890633,-0.2347029290643769
WM,far_occlusion,0.10000000149011612,324,2.6749870777130127,4.273216883791211,-0.9273502623432193,-0.10942569517749565
WM,far_occlusion,0.20000000298023224,324,1.071202278137207,0.2987148762359965,-0.33565499114714686,-0.049612677285716604
WM,far_occlusion,0.30000001192092896,322,1.0892813205718994,0.37140056242390534,-0.15120979514760596,-0.03066431646002242
WM,far_occlusion,0.4000000059604645,320,2.689426898956299,4.2965974426338995,-0.062426856681542145,-0.02616290251255237
WM,far_occlusion,0.5,318,2.3976075649261475,3.7977810022475,-0.0023661042134829166,-0.019676684807502506
WM,near_maneuver,0.009999999776482582,162,0.029758358374238014,-15.263910304068848,-21.14305811619841,-15.156089809609714
WM,near_maneuver,0.019999999552965164,162,0.08405361324548721,-10.754436126367864,-18.0042172406051,-10.588478847843199
WM,near_maneuver,0.05000000074505806,162,0.06554112583398819,-11.834861027874977,-15.186499320697562,-11.663978070914588
WM,near_maneuver,0.10000000149011612,162,0.07623632997274399,-11.178380188617254,-14.079458346655908,-11.041101862603961
WM,near_maneuver,0.20000000298023224,162,0.08965947479009628,-10.47403809485742,-11.952459201889463,-10.219021345618888
WM,near_maneuver,0.30000001192092896,162,0.10072458535432816,-9.968645117648304,-10.669283937254061,-9.660244099199986
WM,near_maneuver,0.4000000059604645,162,0.15105871856212616,-8.208542037627623,-9.001130758975522,-7.8836050874844785
WM,near_maneuver,0.5,162,0.20494642853736877,-6.883596454373925,-8.18706723633522,-6.503640709575484
WM,near_normal,0.009999999776482582,162,0.324158638715744,-4.892424001089363,-5.504915597830728,-4.716514015727544
WM,near_normal,0.019999999552965164,162,0.3473874628543854,-4.591858592090387,-4.166204490235017,-4.552827846237671
WM,near_normal,0.05000000074505806,162,0.13609568774700165,-8.661556353943986,-10.123318429520475,-8.587718868571553
WM,near_normal,0.10000000149011612,162,0.162570059299469,-7.889594358535561,-8.40320240769836,-7.789428653980873
WM,near_normal,0.20000000298023224,162,0.20895399153232574,-6.799493283542569,-7.050256224652836,-6.678423057530168
WM,near_normal,0.30000001192092896,162,0.22479373216629028,-6.482158021934689,-6.169989353856643,-6.306434291309033
WM,near_normal,0.4000000059604645,162,0.24495404958724976,-6.1091537637969004,-6.121600764269573,-5.926847021058952
WM,near_normal,0.5,162,0.29838910698890686,-5.252170352910545,-5.260473114202656,-5.089764132959566
WM,near_occlusion,0.009999999776482582,324,0.24646617472171783,-6.082426753307888,-13.312081470160441,-7.475970126146327
WM,near_occlusion,0.019999999552965164,324,0.5235052108764648,-2.81078991074668,-8.33569548633466,-4.205484551629352
WM,near_occlusion,0.05000000074505806,324,0.40971991419792175,-3.8751292690337507,-6.536188611298504,-4.647500006427584
WM,near_occlusion,0.10000000149011612,324,0.4500701427459717,-3.467197968166069,-6.02935197074838,-4.02707477550725
WM,near_occlusion,0.20000000298023224,324,0.571861743927002,-2.4270895566021737,-5.244772774077779,-3.6204300847249855
WM,near_occlusion,0.30000001192092896,324,0.7389106154441833,-1.314080941724354,-4.374849163331,-2.8771819824924556
WM,near_occlusion,0.4000000059604645,324,1.0031638145446777,0.013718581885936807,-3.4637231273495535,-2.31698890669116
WM,near_occlusion,0.5,324,1.2653019428253174,1.0219417488370706,-2.776708861779167,-1.7825567569730303
WM,los,0.009999999776482582,1087,0.1330658495426178,-8.759333889897626,-19.574474184980467,-8.839108494659037
WM,los,0.019999999552965164,1084,0.2151673585176468,-6.672236116807559,-16.1091713986543,-6.534281812533205
WM,los,0.05000000074505806,1085,0.15433445572853088,-8.115371052896036,-13.187563657521476,-1.3372128120490254
WM,los,0.10000000149011612,1084,0.1903572827577591,-7.204305031364325,-12.759264778386505,-0.7056900245602356
WM,los,0.20000000298023224,1082,0.23032790422439575,-6.376534440741537,-11.079353407740637,-0.3351756808420772
WM,los,0.30000001192092896,1080,0.2519623935222626,-5.986642747126493,-9.79054819971466,-0.2374191776052319
WM,los,0.4000000059604645,1078,0.27760234475135803,-5.565768699597056,-9.113958304727452,-0.20316058902336243
WM,los,0.5,1076,0.3210797905921936,-4.933870289414479,-8.194280181152644,-0.1662745894175806
WM,nlos,0.009999999776482582,209,1.1911524534225464,0.7596734959608606,-1.7490659999915676,0.8808525202294087
WM,nlos,0.019999999552965164,212,3.657452344894409,5.631786761550451,0.05164075319055063,0.09470885992952044
WM,nlos,0.05000000074505806,211,10.085237503051758,10.036861301194612,0.4555216630328212,-0.15164590385011795
WM,nlos,0.10000000149011612,212,4.100640773773193,6.128517256880489,0.08963531798796856,-0.020625396707770555
WM,nlos,0.20000000298023224,214,1.713395595550537,2.3385764617019955,0.04089718196929205,0.0009892490336422869
WM,nlos,0.30000001192092896,214,1.9152308702468872,2.8222113320322433,0.04301224292593249,0.05537638238773636
WM,nlos,0.4000000059604645,214,4.63617467880249,6.661597906675007,0.1087348829177599,0.03426074464301063
WM,nlos,0.5,214,4.4712982177734375,6.504336365453453,0.18606974197318527,0.0889171433885586
WM,switch_window,0.009999999776482582,202,0.5623312592506409,-2.5000777396396257,-10.21069238749072,-6.181068255905498
WM,switch_window,0.019999999552965164,202,0.8489750027656555,-0.711050969418678,-5.937301917938297,-5.001779181380871
WM,switch_window,0.05000000074505806,202,9.3496732711792,9.707964345085344,-1.9041469392607229,-0.20885664461821368
WM,switch_window,0.10000000149011612,202,3.714418411254883,5.6989082333057715,-0.7059756852885702,-0.09953221458917219
WM,switch_window,0.20000000298023224,202,1.310185194015503,1.1733268730039461,-0.2877678859015018,-0.0451017918126972
WM,switch_window,0.30000001192092896,202,1.73051917552948,2.381764159852468,-0.0749697532874668,-0.028743427383419624
WM,switch_window,0.4000000059604645,202,2.3020644187927246,3.6211747234971146,0.0005011234337980695,-0.02463214067888776
WM,switch_window,0.5,202,4.352077007293701,6.3869657132864255,0.06638557979344138,-0.01826258378697643
WI,all,0.009999999776482582,1296,0.3094571530818939,-5.093994741665426,-15.356121888215053,-5.152709102129094
WI,all,0.019999999552965164,1296,0.8082228302955627,-0.9246888597535086,-12.7241182568547,-2.669376335077198
WI,all,0.05000000074505806,1296,3.089125394821167,4.898355376875247,-11.163719891473917,-1.1878853059739343
WI,all,0.10000000149011612,1296,4.101921081542969,6.12987300552067,-9.154197793203583,-0.6080000357727444
WI,all,0.20000000298023224,1296,6.218909740447998,7.937142536281502,-7.590165731137751,-0.2901173491573549
WI,all,0.30000001192092896,1294,10.288966178894043,10.123717396450935,-6.782106694845117,-0.2016814069097208
WI,all,0.4000000059604645,1292,11.396770477294922,10.56781801986059,-6.018307021867756,-0.16312187872940379
WI,all,0.5,1290,8.007769584655762,9.035115682734334,-5.052979884421044,-0.1312578860484901
WI,near,0.009999999776482582,648,0.21486437320709229,-6.678355891723575,-13.71207622067912,-7.381979273183191
WI,near,0.019999999552965164,648,0.38599714636802673,-4.134159060049301,-9.417037665441951,-5.086084514850816
WI,near,0.05000000074505806,648,0.2827189266681671,-5.486451166169416,-10.04489908601903,-6.1567999284522665
WI,near,0.10000000149011612,648,0.3459830582141876,-4.609451668263914,-7.3739016182989,-4.877565910341605
WI,near,0.20000000298023224,648,0.41932761669158936,-3.7744653425322845,-6.350391603285262,-4.133436520751404
WI,near,0.30000001192092896,648,0.5161203742027283,-2.8724899652166336,-5.802388638882378,-3.424447931792689
WI,near,0.4000000059604645,648,0.6269446611404419,-2.027707915807548,-4.820076444411907,-2.7538259339189946
WI,near,0.5,648,0.738313615322113,-1.31759122631658,-3.992447037165259,-2.058456726283871
WI,far,0.009999999776482582,648,0.40404990315437317,-3.9356499299298053,-15.6840400205818,-3.844215494868501
WI,far,0.019999999552965164,648,1.230448603630066,0.900634777494853,-13.999617190729472,-1.8189994017647193
WI,far,0.05000000074505806,648,5.895532131195068,7.705230106544713,-12.041337024358436,-0.6264232731801687
WI,far,0.10000000149011612,648,7.857859134674072,8.95304239087382,-10.623748575457093,-0.31035891403844507
WI,far,0.20000000298023224,648,12.018491744995117,10.798499695032142,-8.677436492371843,-0.1450687190650086
WI,far,0.30000001192092896,646,20.092065811157227,13.03024592012677,-7.777002404493176,-0.09983602051799159
WI,far,0.4000000059604645,644,22.233488082885742,13.47007601984419,-6.944653058666374,-0.0817411916208059
WI,far,0.5,642,15.345161437988281,11.859714617648224,-5.642358257486625,-0.06581818047573604
WI,normal,0.009999999776482582,324,0.20867769420146942,-6.805239706898902,-12.837343200942648,-6.595248944969119
WI,normal,0.019999999552965164,324,0.219687819480896,-6.581940217271008,-12.959848196145314,-6.490956946124018
WI,normal,0.05000000074505806,324,0.11819025874137878,-9.27418316595233,-12.773383194763229,-9.125021701866766
WI,normal,0.10000000149011612,324,0.16449768841266632,-7.838402005509497,-10.389434467505307,-7.736978310799584
WI,normal,0.20000000298023224,324,0.22552409768104553,-6.468070461108276,-8.441505993944196,-6.3701207311030235
WI,normal,0.30000001192092896,324,0.2491193413734436,-6.03592552970629,-7.649398074899425,-5.930291667979672
WI,normal,0.4000000059604645,324,0.27678343653678894,-5.578599027843053,-6.917785940375191,-5.484570914619806
WI,normal,0.5,324,0.35129618644714355,-4.543265647367293,-5.6184453741205935,-4.4693777172942495
WI,maneuver,0.009999999776482582,324,0.02523379772901535,-15.980173825131338,-22.00951921207063,-15.949080471498343
WI,maneuver,0.019999999552965164,324,0.05132110044360161,-12.897040399148027,-19.803851282232984,-12.76365897705588
WI,maneuver,0.05000000074505806,324,0.05847467482089996,-12.330321846343535,-14.531600645467522,-12.247126215638994
WI,maneuver,0.10000000149011612,324,0.09308727085590363,-10.311097022087498,-11.651647134262092,-10.261639041617068
WI,maneuver,0.20000000298023224,324,0.12973424792289734,-8.869453614599301,-9.847938329069022,-8.803066449579994
WI,maneuver,0.30000001192092896,324,0.1588069200515747,-7.9913057700506105,-8.621123721801528,-7.922703465606046
WI,maneuver,0.4000000059604645,324,0.20571032166481018,-6.8674391671748145,-7.454777397907488,-6.7946196517696125
WI,maneuver,0.5,324,0.27370601892471313,-5.627156521439564,-6.099686990726514,-5.555441142470256
WI,occlusion,0.009999999776482582,648,0.5019585490226746,-2.993321447553543,-12.024092910240212,-3.374957481249421
WI,occlusion,0.019999999552965164,648,1.4809412956237793,1.7053784346924425,-7.677706144727326,-1.312769168562411
WI,occlusion,0.05000000074505806,648,6.08991813659668,7.846114546914485,-4.535264716794137,-0.5077945560186087
WI,occlusion,0.10000000149011612,648,8.07504940032959,9.071451878730997,-3.048439582715741,-0.2338262097209887
WI,occlusion,0.20000000298023224,648,12.260190963745117,10.884972347708835,-2.0070239379292305,-0.11299102353541224
WI,occlusion,0.30000001192092896,646,20.405189514160156,13.097406326585077,-1.419921721669613,-0.0748175298173724
WI,occlusion,0.4000000059604645,644,22.621580123901367,13.545229372438808,-1.122507667202016,-0.05966720376935587
WI,occlusion,0.5,642,15.774955749511719,11.979681496740271,-0.7086254900169399,-0.045868497611068614
WI,far_maneuver,0.009999999776482582,162,0.02025454491376877,-16.934775102517747,-23.980615477598114,-17.0152518067211
WI,far_maneuver,0.019999999552965164,162,0.01689249649643898,-17.72306162477125,-20.725458747410094,-17.731795951843427
WI,far_maneuver,0.05000000074505806,162,0.036559052765369415,-14.370050652386011,-16.123635264587783,-14.415024078695769
WI,far_maneuver,0.10000000149011612,162,0.06578059494495392,-11.819022029095807,-12.302473633825814,-11.841961749847664
WI,far_maneuver,0.20000000298023224,162,0.1032366082072258,-9.861662724455197,-10.134356236728348,-9.879791066065742
WI,far_maneuver,0.30000001192092896,162,0.13669146597385406,-8.642585987910502,-8.784743346185522,-8.65991710334332
WI,far_maneuver,0.4000000059604645,162,0.1780814677476883,-7.493812735389324,-7.609960684888154,-7.509410612888239
WI,far_maneuver,0.5,162,0.2454320192337036,-6.100687795495439,-6.168180206444832,-6.118693642424114
WI,far_normal,0.009999999776482582,162,0.09125158190727234,-10.397595980205912,-18.794954797694963,-10.100121834685645
WI,far_normal,0.019999999552965164,162,0.08533646911382675,-10.688653304959798,-15.250668765989898,-10.418295493227458
WI,far_normal,0.05000000074505806,162,0.08259732276201248,-10.830340292961802,-15.24870765653616,-10.5288659997365
WI,far_normal,0.10000000149011612,162,0.10954788327217102,-9.603960096331448,-11.489025882756312,-9.448673500496504
WI,far_normal,0.20000000298023224,162,0.1626078337430954,-7.888585358056211,-9.341982292684813,-7.762778264579124
WI,far_normal,0.30000001192092896,162,0.18549807369709015,-7.316605959522667,-8.209410509584117,-7.221247242135583
WI,far_normal,0.4000000059604645,162,0.21206970512866974,-6.735213674813512,-7.439925787776649,-6.6703717708534995
WI,far_normal,0.5,162,0.2827388048171997,-5.486145821668557,-5.953994077060614,-5.450715009452791
WI,far_occlusion,0.009999999776482582,324,0.7523467540740967,-1.2358194840884336,-5.765486732915944,-1.692109517873157
WI,far_occlusion,0.019999999552965164,324,2.409782886505127,3.819779158361525,-6.479925178074383,-0.6688349010833944
WI,far_occlusion,0.05000000074505806,324,11.731486320495605,10.693530385347106,-1.9978350198239987,-0.21271226826758322
WI,far_occlusion,0.10000000149011612,324,15.628053665161133,11.939048938787858,-0.9819968173365428,-0.09407104228940802
WI,far_occlusion,0.20000000298023224,324,23.90406036376953,13.784716768395766,-0.5875653673878471,-0.046170142280194816
WI,far_occlusion,0.30000001192092896,322,40.14683532714844,16.03651316635241,-0.3944905447205238,-0.029538786117789644
WI,far_occlusion,0.4000000059604645,320,44.54737854003906,16.48822152388766,-0.40302554507845423,-0.02396860498857671
WI,far_occlusion,0.5,318,30.710790634155273,14.872909972841917,-0.2511063213931503,-0.017442257456973028
WI,near_maneuver,0.009999999776482582,162,0.03021305240690708,-15.198053959941964,-20.88297513260423,-15.091239727207322
WI,near_maneuver,0.019999999552965164,162,0.08574969321489334,-10.66767425049825,-17.538716924073686,-10.505353155579552
WI,near_maneuver,0.05000000074505806,162,0.08039030432701111,-10.9479632726141,-12.850049429064862,-10.804054086930257
WI,near_maneuver,0.10000000149011612,162,0.12039395421743393,-9.193953213500532,-10.013881768489732,-9.10063256848829
WI,near_maneuver,0.20000000298023224,162,0.15623189508914948,-8.062302992219896,-8.646884563494794,-7.9344299935999
WI,near_maneuver,0.30000001192092896,162,0.18092237412929535,-7.425077219183408,-7.668421605797694,-7.284911475722904
WI,near_maneuver,0.4000000059604645,162,0.23333919048309326,-6.320123131515719,-6.73648057344871,-6.170143142030935
WI,near_maneuver,0.5,162,0.30198001861572266,-5.200217924468963,-5.737903297373286,-5.04479242316214
WI,near_normal,0.009999999776482582,162,0.3261037766933441,-4.866441714866484,-5.4887714785165675,-4.691233445558644
WI,near_normal,0.019999999552965164,162,0.35403919219970703,-4.509486588388442,-4.084110700593148,-4.470593497116057
WI,near_normal,0.05000000074505806,162,0.15378320217132568,-8.13091100182939,-9.357580351414965,-8.06217831273916
WI,near_normal,0.10000000149011612,162,0.219447523355484,-6.586693161592512,-6.089526965581515,-6.505779551237164
WI,near_normal,0.20000000298023224,162,0.28844037652015686,-5.399439461976491,-5.042911653732903,-5.307226081276374
WI,near_normal,0.30000001192092896,162,0.31274059414863586,-5.048157430918483,-4.877994486633231,-4.92394824412251
WI,near_normal,0.4000000059604645,162,0.34149715304374695,-4.6661291254626915,-4.613014120283126,-4.5414043437808145
WI,near_normal,0.5,162,0.4198535978794098,-3.769021208335709,-3.5638456892584887,-3.6571905687547295
WI,near_occlusion,0.009999999776482582,324,0.25157031416893005,-5.993406078740633,-13.312281959110992,-7.413363158748324
WI,near_occlusion,0.019999999552965164,324,0.552099883556366,-2.57982344457096,-8.911510158577974,-4.032207787481604
WI,near_occlusion,0.05000000074505806,324,0.448351114988327,-3.4838174587230535,-6.69160553573365,-4.496060214589702
WI,near_occlusion,0.10000000149011612,324,0.522045373916626,-2.822917483670409,-5.230547019611236,-3.3703576889638542
WI,near_occlusion,0.20000000298023224,324,0.6163190603256226,-2.1019440104063727,-4.342426852875872,-2.883043834788763
WI,near_occlusion,0.30000001192092896,324,0.7854093313217163,-1.0490394325218528,-3.4245606982760526,-2.2208604207355496
WI,near_occlusion,0.4000000059604645,324,0.9664711952209473,-0.14811085187434442,-2.741679262703365,-1.6907334822254303
WI,near_occlusion,0.5,324,1.1157103776931763,0.4755147265371851,-1.9878852369024087,-1.204964117204438
WI,los,0.009999999776482582,1087,0.13381856679916382,-8.734836257385169,-19.540324729540053,-8.816782931888794
WI,los,0.019999999552965164,1084,0.2197226583957672,-6.581251551466365,-16.475635687603607,-6.450423429762621
WI,los,0.05000000074505806,1085,0.1611943542957306,-7.926501730839558,-13.021641416985055,-1.3230733071278298
WI,los,0.10000000149011612,1084,0.20904728770256042,-6.797554628586172,-10.822454878704997,-0.6611049921133422
WI,los,0.20000000298023224,1082,0.2564489543437958,-5.90999067405969,-8.986842526250662,-0.308894191827661
WI,los,0.30000001192092896,1080,0.2899520695209503,-5.376737871457316,-8.072146562323736,-0.21461185531393925
WI,los,0.4000000059604645,1078,0.3306152820587158,-4.8067707586928785,-7.074156688845666,-0.17757413964914098
WI,los,0.5,1076,0.40210118889808655,-3.9566464281075415,-5.796738177466267,-0.13711842433740995
WI,nlos,0.009999999776482582,209,1.2229458093643188,0.8740721319698133,-1.685162721723441,0.9328881470919534
WI,nlos,0.019999999552965164,212,3.8173470497131348,5.81761645126936,0.13205592139961667,0.14555552399556312
WI,nlos,0.05000000074505806,211,18.14507293701172,12.5875871825595,1.0238586806738348,0.05044446819555606
WI,nlos,0.10000000149011612,212,24.006990432739258,13.8033771939158,0.3245056919437007,0.06220725998092737
WI,nlos,0.20000000298023224,214,36.36555862426758,15.606902633105458,0.07676219831103104,0.02196967215144595
WI,nlos,0.30000001192092896,214,60.751277923583984,17.835554178970746,0.08689181947037238,0.04805449334244715
WI,nlos,0.4000000059604645,214,67.14122009277344,18.269892289993393,0.18558214013460303,0.031236854638284507
WI,nlos,0.5,214,46.24934768676758,16.651056117121293,0.5304934759671485,0.07225832012011937
WI,switch_window,0.009999999776482582,202,0.577578604221344,-2.383889031127794,-10.269002167847267,-6.124041377708846
WI,switch_window,0.019999999552965164,202,0.9065592288970947,-0.42603816562541535,-5.608289023247217,-4.9139918351166365
WI,switch_window,0.05000000074505806,202,17.337562561035156,12.38988041196746,-2.143035775362506,-0.20596248935391775
WI,switch_window,0.10000000149011612,202,24.55404281616211,13.901230088092472,-0.2912521424114712,-0.06147369611404524
WI,switch_window,0.20000000298023224,202,37.913326263427734,15.787918882112233,-0.19188769828576252,-0.028780690284079945
WI,switch_window,0.30000001192092896,202,63.96173858642578,18.059202600809055,-0.005270732762827535,-0.016556603751990733
WI,switch_window,0.4000000059604645,202,70.63282012939453,18.490065465057842,-0.0027675739354945075,-0.012823667065047603
WI,switch_window,0.5,202,47.72519302368164,16.787476935654485,0.04459440403791092,-0.00722119611679305
WMI,all,0.009999999776482582,1296,0.3027992844581604,-5.188451554475252,-15.056783215508124,-5.212963576072407
WMI,all,0.019999999552965164,1296,0.7511076331138611,-1.2429782448978923,-12.316958896364811,-2.7512737961443228
WMI,all,0.05000000074505806,1296,1.6197844743728638,2.094572319392186,-10.523732974516616,-1.2198859812078764
WMI,all,0.10000000149011612,1296,0.6859238147735596,-1.6372411849273276,-9.552977310862852,-0.6609768896622672
WMI,all,0.20000000298023224,1296,0.440521240234375,-3.5603314674297866,-7.9961724986170175,-0.3174047642281599
WMI,all,0.30000001192092896,1294,0.5078641772270203,-2.942524195425507,-7.449193997725272,-0.22384344439603804
WMI,all,0.4000000059604645,1292,0.9567533731460571,-0.19199997944710162,-6.495447277406078,-0.18849979615113194
WMI,all,0.5,1290,0.6468873620033264,-1.891713334256452,-5.775618586129242,-0.16305495616039653
WMI,near,0.009999999776482582,648,0.21081949770450592,-6.760892257465231,-13.853472924742379,-7.441550561132397
WMI,near,0.019999999552965164,648,0.3641733229160309,-4.386918711020527,-9.069142648702776,-5.275788599769879
WMI,near,0.05000000074505806,648,0.2549501061439514,-5.93544802885671,-10.723659535728007,-6.35500109125995
WMI,near,0.10000000149011612,648,0.28109511733055115,-5.511466980952109,-9.201531148137743,-5.797047965241826
WMI,near,0.20000000298023224,648,0.3307702839374542,-4.804735139371438,-8.20180710306825,-5.108704312239408
WMI,near,0.30000001192092896,648,0.3781268298625946,-4.223625063246338,-7.6014093536975755,-4.304959220332661
WMI,near,0.4000000059604645,648,0.452051043510437,-3.4481252389807917,-6.223350652768666,-3.5796034853427026
WMI,near,0.5,648,0.5579195618629456,-2.534284110216185,-5.392921269120593,-2.8405482005700096
WMI,far,0.009999999776482582,648,0.3947790265083313,-4.036459282254318,-15.554408841048327,-3.9047348549983605
WMI,far,0.019999999552965164,648,1.1380419731140137,0.5615827994626343,-13.998741176608522,-1.8755373394886676
WMI,far,0.05000000074505806,648,2.984618902206421,4.748888851353909,-10.36879987275019,-0.6491916680265137
WMI,far,0.10000000149011612,648,1.0907524824142456,0.37726210059116144,-9.920977953609958,-0.33234033112141487
WMI,far,0.20000000298023224,648,0.5502722263336182,-2.5942240660451796,-7.7754546253111245,-0.1527399869346775
WMI,far,0.30000001192092896,646,0.6380031108856201,-1.9517720366572666,-7.147091014789977,-0.10562218838832402
WMI,far,0.4000000059604645,644,1.4645905494689941,1.6571622744748746,-7.217460866759513,-0.09051671282245301
WMI,far,0.5,642,0.736686646938324,-1.3271720202452326,-6.782112247336283,-0.07920544301376982
WMI,normal,0.009999999776482582,324,0.2075577676296234,-6.828610089703163,-12.831506709487265,-6.617503569866427
WMI,normal,0.019999999552965164,324,0.2145223319530487,-6.685274907093586,-13.005122549843193,-6.592167287008054
WMI,normal,0.05000000074505806,324,0.10468453168869019,-9.801174854514061,-14.101011936410213,-9.631370759444808
WMI,normal,0.10000000149011612,324,0.11643026024103165,-9.33934131818707,-13.134525617697406,-9.202417821388462
WMI,normal,0.20000000298023224,324,0.15360116958618164,-8.136054773846439,-11.2809139697217,-7.990088309998721
WMI,normal,0.30000001192092896,324,0.16114747524261475,-7.9277649435139885,-10.496045064242406,-7.762990523136317
WMI,normal,0.4000000059604645,324,0.16628527641296387,-7.791462033101704,-10.141932429302773,-7.640324514369298
WMI,normal,0.5,324,0.1987590491771698,-7.016730894979283,-9.652540787462566,-6.891331372368407
WMI,maneuver,0.009999999776482582,324,0.02516450732946396,-15.99211567797725,-21.88204653504276,-15.962916576269022
WMI,maneuver,0.019999999552965164,324,0.050948966294527054,-12.928646229850717,-19.020027405649902,-12.7985852253073
WMI,maneuver,0.05000000074505806,324,0.055882230401039124,-12.527262684216208,-15.547607091704673,-12.476317395543337
WMI,maneuver,0.10000000149011612,324,0.07388000935316086,-11.314730582503953,-15.60562012462476,-11.327308974203532
WMI,maneuver,0.20000000298023224,324,0.0965704396367073,-10.151557914655802,-13.85404975312544,-10.158498316130018
WMI,maneuver,0.30000001192092896,324,0.11831153929233551,-9.269728952149501,-13.300505587610969,-9.301540910730825
WMI,maneuver,0.4000000059604645,324,0.15277332067489624,-8.159524814627215,-11.928224692593734,-8.17412926346434
WMI,maneuver,0.5,324,0.18776877224445343,-7.263766334202949,-10.518285523847348,-7.247378063123256
WMI,occlusion,0.009999999776482582,648,0.4892374277114868,-3.1048032590640746,-12.037706626071481,-3.4438669322391307
WMI,occlusion,0.019999999552965164,648,1.3694796562194824,1.3655558514255892,-7.6207247498233945,-1.3940894167164193
WMI,occlusion,0.05000000074505806,648,3.1592857837677,4.995889132427788,-4.186463031985505,-0.5326735350684624
WMI,occlusion,0.10000000149011612,648,1.276692509651184,1.0608631038627956,-2.2732957931223723,-0.270839408500589
WMI,occlusion,0.20000000298023224,648,0.7559567093849182,-1.2150307409345402,-1.276228638817779,-0.12826379137588206
WMI,occlusion,0.30000001192092896,646,0.8771384954452515,-0.5693182845963334,-0.9195356891851074,-0.08620370534988724
WMI,occlusion,0.4000000059604645,644,1.7589291334152222,2.4524834225069143,-0.4604199573979827,-0.07340668796772326
WMI,occlusion,0.5,642,1.1047502756118774,0.43264118581651695,-0.24106902617397893,-0.062380900614755555
WMI,far_maneuver,0.009999999776482582,162,0.020665878430008888,-16.84746129738795,-22.31412029999686,-16.92994881898672
WMI,far_maneuver,0.019999999552965164,162,0.018450530245900154,-17.339911482279867,-19.142209778546096,-17.36930875817895
WMI,far_maneuver,0.05000000074505806,162,0.046143997460603714,-13.358847851967754,-16.651345866945654,-13.472092554599795
WMI,far_maneuver,0.10000000149011612,162,0.07238834351301193,-11.40331361365603,-17.187381331234842,-11.568815159510539
WMI,far_maneuver,0.20000000298023224,162,0.10692582279443741,-9.709173991613168,-17.23422445025729,-9.932653748163297
WMI,far_maneuver,0.30000001192092896,162,0.14102376997470856,-8.507076795517005,-15.482316532901999,-8.779945562688756
WMI,far_maneuver,0.4000000059604645,162,0.16554373502731323,-7.81087250396971,-15.243954869273587,-8.127554582932474
WMI,far_maneuver,0.5,162,0.1866154670715332,-7.290523638829802,-15.6145639977765,-7.659668797318454
WMI,far_normal,0.009999999776482582,162,0.09146638214588165,-10.387384986251718,-18.898067720595634,-10.088380610013639
WMI,far_normal,0.019999999552965164,162,0.0844108983874321,-10.736014774980218,-15.504964332080124,-10.461499668233227
WMI,far_normal,0.05000000074505806,162,0.07086528092622757,-11.495664868932995,-18.37863921229426,-11.136554986835623
WMI,far_normal,0.10000000149011612,162,0.06818832457065582,-11.662899803085283,-15.359497427391346,-11.419286483265195
WMI,far_normal,0.20000000298023224,162,0.09551241248846054,-10.199401852230343,-13.971226700348375,-9.972057778911324
WMI,far_normal,0.30000001192092896,162,0.09197098016738892,-10.363491850600079,-12.904829838556463,-10.168690074374531
WMI,far_normal,0.4000000059604645,162,0.0844631940126419,-10.733324995647047,-13.066111519474289,-10.60653478923275
WMI,far_normal,0.5,162,0.09772034734487534,-10.100149980054514,-11.576544360419437,-10.021527554401269
WMI,far_occlusion,0.009999999776482582,324,0.7334919571876526,-1.3460464387682893,-5.811008375753783,-1.7581560921809782
WMI,far_occlusion,0.019999999552965164,324,2.2246530055999756,3.472622807078482,-6.441463450878471,-0.7270515148786026
WMI,far_occlusion,0.05000000074505806,324,5.910733222961426,7.716413581967406,-1.677695603483946,-0.23501579324055516
WMI,far_occlusion,0.10000000149011612,324,2.1112167835235596,3.245328297331642,-0.8330891287921847,-0.11157569596883257
WMI,far_occlusion,0.20000000298023224,324,0.9993253946304321,-0.0029307625599210496,-0.32845441244943924,-0.04995647865269354
WMI,far_occlusion,0.30000001192092896,322,1.1627479791641235,0.6548559338791217,-0.10184559486141996,-0.03129472002917743
WMI,far_occlusion,0.4000000059604645,320,2.8209221363067627,4.503910988320751,-0.07561267977156112,-0.027359975354076596
WMI,far_occlusion,0.5,318,1.3424227237701416,1.278892950374061,-0.009416125830209426,-0.022412075870392244
WMI,near_maneuver,0.009999999776482582,162,0.02966313809156418,-15.277829064513124,-21.13533598485573,-15.170156467913714
WMI,near_maneuver,0.019999999552965164,162,0.0834474116563797,-10.785871295753267,-17.94938909451577,-10.619888153422377
WMI,near_maneuver,0.05000000074505806,162,0.06562046706676483,-11.829606827613585,-15.18567640403324,-11.664608924765874
WMI,near_maneuver,0.10000000149011612,162,0.07537166774272919,-11.227918750234034,-14.130620435610377,-11.097471086878745
WMI,near_maneuver,0.20000000298023224,162,0.0862150713801384,-10.644168078981577,-12.454690055576737,-10.398780847587988
WMI,near_maneuver,0.30000001192092896,162,0.09559930115938187,-10.195452824491458,-11.143086533669946,-9.902850311640599
WMI,near_maneuver,0.4000000059604645,162,0.14000289142131805,-8.538629949263607,-9.083057269642778,-8.222110361505242
WMI,near_maneuver,0.5,162,0.18892206251621246,-7.237173217523334,-8.43269968766759,-6.861563096081836
WMI,near_normal,0.009999999776482582,162,0.32364916801452637,-4.899255050593511,-5.515649406689233,-4.723258411404282
WMI,near_normal,0.019999999552965164,162,0.3446337580680847,-4.626421841583895,-4.173089842340182,-4.58660428648482
WMI,near_normal,0.05000000074505806,162,0.1385037899017334,-8.585383427663874,-9.934911584950232,-8.511916230546667
WMI,near_normal,0.10000000149011612,162,0.16467219591140747,-7.833797231229508,-8.57983052587179,-7.734124458781166
WMI,near_normal,0.20000000298023224,162,0.21168996393680573,-6.742997310697842,-6.960977934684803,-6.621740840008635
WMI,near_normal,0.30000001192092896,162,0.23032395541667938,-6.376608898072619,-5.9156747930579,-6.205670957098218
WMI,near_normal,0.4000000059604645,162,0.24810738861560822,-6.053603022847934,-5.728814899763589,-5.872480789381167
WMI,near_normal,0.5,162,0.29979777336120605,-5.231715970398824,-5.1962876903507995,-5.066531760147433
WMI,near_occlusion,0.009999999776482582,324,0.24498286843299866,-6.108642846360894,-13.341817954998746,-7.495970417542903
WMI,near_occlusion,0.019999999552965164,324,0.5143060684204102,-2.8877835130412945,-8.219720322367731,-4.262377535304779
WMI,near_occlusion,0.05000000074505806,324,0.4078381359577179,-3.8951216683245575,-6.294706528617216,-4.5803651707002855
WMI,near_occlusion,0.10000000149011612,324,0.44216829538345337,-3.5441240068459305,-5.765225562598797,-4.115995637817952
WMI,near_occlusion,0.20000000298023224,324,0.5125880241394043,-2.902315446810953,-4.742515382468865,-3.628587521315096
WMI,near_occlusion,0.30000001192092896,324,0.5932919979095459,-2.267315092171801,-3.9401801752258825,-2.8710492537912122
WMI,near_occlusion,0.4000000059604645,324,0.7100470066070557,-1.4871289911994732,-3.1397263616537723,-2.3234627424173433
WMI,near_occlusion,0.5,324,0.8714791536331177,-0.5974299704553858,-2.3016564009240144,-1.800309802207738
WMI,los,0.009999999776482582,1087,0.13271266222000122,-8.770876387789063,-19.456586120718704,-8.847679132001476
WMI,los,0.019999999552965164,1084,0.21283327043056488,-6.7196048147573,-15.570770974557727,-6.571086560648586
WMI,los,0.05000000074505806,1085,0.15645770728588104,-8.056030381471711,-13.066390779737077,-1.3306074516104167
WMI,los,0.10000000149011612,1084,0.19241593778133392,-7.157589582658881,-12.73483007639086,-0.7087812140527959
WMI,los,0.20000000298023224,1082,0.23107555508613586,-6.362459950345975,-11.156025888606012,-0.3361631625833034
WMI,los,0.30000001192092896,1080,0.25625187158584595,-5.913329539696059,-9.646788738322728,-0.23794852179809134
WMI,los,0.4000000059604645,1078,0.281991183757782,-5.497644693586487,-8.842949182373836,-0.20388219179150793
WMI,los,0.5,1076,0.3207712769508362,-4.938045269846149,-7.835138721441426,-0.16905413119190793
WMI,nlos,0.009999999776482582,209,1.1874125003814697,0.7460161661136213,-1.7658317679717448,0.855844372087017
WMI,nlos,0.019999999552965164,212,3.5034162998199463,5.444917462164778,0.05037487090184013,0.0768969882031201
WMI,nlos,0.05000000074505806,211,9.144474983215332,9.611587761396255,0.3635141269885711,-0.17846951406531322
WMI,nlos,0.10000000149011612,212,3.20933198928833,5.06414645003983,0.048359135985907215,-0.05286822930028984
WMI,nlos,0.20000000298023224,214,1.4994944334030151,1.7594485786024028,0.016762425694975956,-0.00560741288307237
WMI,nlos,0.30000001192092896,214,1.777682900428772,2.498542949492135,0.052226495418730146,0.047852239784635514
WMI,nlos,0.4000000059604645,214,4.3557891845703125,6.390668522147331,0.04897245248684876,0.018061342658135183
WMI,nlos,0.5,214,2.2866110801696777,3.591923036099746,0.047250031648367254,0.045138571134985137
WMI,switch_window,0.009999999776482582,202,0.5606979727745056,-2.5127101410738635,-10.175589197351924,-6.19082816909112
WMI,switch_window,0.019999999552965164,202,0.83490389585495,-0.7836351242292707,-5.8827573212905735,-4.993099920399624
WMI,switch_window,0.05000000074505806,202,8.551859855651855,9.320605752203926,-1.7483914945769632,-0.20185604024760803
WMI,switch_window,0.10000000149011612,202,2.7951648235321045,4.464074221830645,-0.75445098593261,-0.10609379726524792
WMI,switch_window,0.20000000298023224,202,1.1244066953659058,0.5092342298290392,-0.2810151413997923,-0.047184585985819344
WMI,switch_window,0.30000001192092896,202,1.5063667297363281,1.779307150997612,-0.01727748308681428,-0.031266561093555474
WMI,switch_window,0.4000000059604645,202,1.7355817556381226,2.3944507619597677,-0.003970651246079002,-0.027668934139950373
WMI,switch_window,0.5,202,2.1611850261688232,3.3469194985606188,0.0010943208573896013,-0.0225497233226421
