epoch,train_loss,val_nmse,val_nmse_db,best_nmse_db,elapsed_s,total_elapsed_s,lr
0,0.26762014579772947,0.11511594604389959,-9.388645130409179,-9.388645130409179,3.0954813212156296,3.0954813212156296,0.0002998012825394132
1,0.2524336996078491,0.11317414191881552,-9.462527896211897,-9.462527896211897,2.4746975591406226,5.570178880356252,0.00029920567482839963
2,0.24630727756023407,0.1108049407458485,-9.554408741669846,-9.554408741669846,2.6415690081194043,8.211747888475657,0.000298214809386295
3,0.23396304154396058,0.1089031141438439,-9.62959701179487,-9.62959701179487,2.7094598868861794,10.921207775361836,0.00029683140210640184
4,0.2338821222782135,0.10842088130006636,-9.648870668746447,-9.648870668746447,2.6976189455017447,13.61882672086358,0.0002950592448119149
5,0.22126476573944093,0.10873310080939012,-9.636382267460009,-9.648870668746447,2.8333092015236616,16.452135922387242,0.0002929031948627973
6,0.22199983525276185,0.10902148876889138,-9.624878916561512,-9.648870668746447,2.8423404349014163,19.29447635728866,0.00029036916184209426
7,0.22414410948753358,0.10937005712697201,-9.611015610415228,-9.648870668746447,2.96040350291878,22.25487986020744,0.0002874640913581771
8,0.22491021144390105,0.10900282342886283,-9.625622526676853,-9.648870668746447,2.8484555995091796,25.103335459716618,0.00028419594600731334
9,0.22257682025432587,0.1090398632752537,-9.624147017335451,-9.648870668746447,2.8185202721506357,27.921855731867254,0.00028057368354874365
10,0.22133703088760376,0.10893185096448481,-9.628451167949464,-9.648870668746447,2.7432867316529155,30.66514246352017,0.0002766072323520865
11,0.21716726779937745,0.10876886776125401,-9.634953922689515,-9.648870668746447,2.6635739924386144,33.328716455958784,0.00027230746418436744
12,0.21332094645500183,0.10859814298796158,-9.641776010545062,-9.648870668746447,2.7917428128421307,36.120459268800914,0.00026768616441126086
13,0.21708432126045227,0.10829373006057924,-9.653966872243405,-9.653966872243405,2.8465474396944046,38.96700670849532,0.00026275599969422225
14,0.2265445215702057,0.10861633708412531,-9.641048471977378,-9.653966872243405,2.744977849535644,41.71198455803096,0.00025753048327204945
15,0.21804554748535157,0.10814409814051638,-9.659971767791756,-9.659971767791756,2.76036411896348,44.47234867699444,0.0002520239379220345
16,0.20978153133392333,0.10775142283791057,-9.675769863498447,-9.675769863498447,2.785550876520574,47.25789955351502,0.0002462514567022265
17,0.21141628766059875,0.10750236626033155,-9.68581976283309,-9.68581976283309,2.6092600282281637,49.86715958174318,0.00024022886158240865
18,0.2201018352508545,0.10771786361429501,-9.67712268607386,-9.68581976283309,2.7456389470025897,52.61279852874577,0.00023397266007717897
19,0.2110771505832672,0.10732249092192635,-9.693092560420915,-9.693092560420915,2.7649124395102262,55.377710968256,0.00022750000000000003
20,0.21764886045455933,0.10749357370812707,-9.686174984136985,-9.693092560420915,2.7731841253116727,58.15089509356767,0.0002208286224622343
21,0.22030006396770477,0.10790235616691765,-9.669690719146928,-9.693092560420915,2.635780695825815,60.786675789393485,0.00021397681324599108
22,0.2189196571111679,0.10742980919331684,-9.688751956206007,-9.693092560420915,2.6173710552975535,63.40404684469104,0.0002069633526840686
23,0.21279591751098634,0.10703724185474534,-9.704650903712576,-9.704650903712576,2.7264646235853434,66.13051146827638,0.0001998074641843674
24,0.2133678706884384,0.10674480893239484,-9.716532358048864,-9.716532358048864,2.646655241958797,68.77716671023518,0.00019252876153986553
25,0.20999000430107118,0.10661155290184979,-9.721957306784736,-9.721957306784736,2.5904674725607038,71.36763418279588,0.0001851471951685751
26,0.21320591497421265,0.10668380799219854,-9.719014909153893,-9.721957306784736,2.766474338248372,74.13410852104425,0.0001776829974308335
27,0.21215211582183838,0.10644344075762799,-9.728810954331284,-9.728810954331284,3.069312186911702,77.20342070795596,0.00017015662717380977
28,0.21926499223709106,0.10665177098994617,-9.720319285429609,-9.728810954331284,2.7766155283898115,79.98003623634577,0.00016258871365522684
29,0.20702611303329468,0.10635893907930545,-9.73226003366621,-9.73226003366621,2.740533623844385,82.72056986019015,0.00015500000000000003
30,0.20899378049373626,0.10610274271647843,-9.742733896025564,-9.742733896025564,2.7947623562067747,85.51533221639693,0.00014741128634477316
31,0.20893473148345948,0.10599713862073258,-9.747058583012612,-9.747058583012612,2.8079301100224257,88.32326232641935,0.00013984337282619026
32,0.22949602556228638,0.1067307743804324,-9.717103395578071,-9.747058583012612,3.036858120933175,91.36012044735253,0.00013231700256916652
33,0.21230469489097595,0.1063965620392062,-9.73072405044019,-9.747058583012612,3.0802122354507446,94.44033268280327,0.0001248528048314249
34,0.20628289198875427,0.10603382964227219,-9.745555528201361,-9.747058583012612,2.952030809596181,97.39236349239945,0.00011747123846013452
35,0.21891661381721497,0.10633541192332106,-9.73322082214154,-9.747058583012612,3.1179134072735906,100.51027689967304,0.00011019253581563264
36,0.21911233127117158,0.10647020971113307,-9.727718905152733,-9.747058583012612,2.7559266360476613,103.2662035357207,0.00010303664731593147
37,0.21268982791900634,0.10628161922937579,-9.735418376168042,-9.747058583012612,2.7550168819725513,106.02122041769326,9.6023186754009e-05
38,0.21155470585823058,0.10612271704477785,-9.741916393677302,-9.747058583012612,2.839729201979935,108.86094961967319,8.917137753776573e-05
39,0.20699938952922822,0.10599660275397885,-9.747080538752689,-9.747058583012612,3.1898013297468424,112.05075094942003,8.250000000000004e-05
40,0.2136370667219162,0.10588856695507275,-9.751509291878104,-9.751509291878104,2.9894748274236917,115.04022577684373,7.602733992282113e-05
41,0.21543174862861633,0.10575497384837945,-9.756991978147909,-9.756991978147909,2.684263763949275,117.724489540793,6.977113841759143e-05
42,0.21239548826217652,0.10575606123167139,-9.756947323781462,-9.756991978147909,2.871982521377504,120.5964720621705,6.374854329777362e-05
43,0.21909354376792908,0.10596101605872617,-9.74853885911024,-9.756991978147909,3.0388400284573436,123.63531209062785,5.797606207796563e-05
44,0.21105967795848846,0.10588733903465052,-9.751559654459353,-9.756991978147909,3.059851912781596,126.69516400340945,5.246951672795064e-05
45,0.20965303993225098,0.10579475005803235,-9.755358831268975,-9.756991978147909,2.9312089243903756,129.62637292779982,4.724400030577789e-05
46,0.21496009385585785,0.10579472656965663,-9.75535979548252,-9.756991978147909,2.888869040645659,132.51524196844548,4.231383558873924e-05
47,0.20683371090888977,0.10569588608095526,-9.759419160710971,-9.759419160710971,2.8478205213323236,135.3630624897778,3.769253581563265e-05
48,0.2129644114971161,0.10569182483654004,-9.759586036640679,-9.759419160710971,2.9286775160580873,138.2917400058359,3.339276764791354e-05
49,0.2129384707212448,0.10570731301987811,-9.758949663887348,-9.759419160710971,2.9345047203823924,141.22624472621828,2.94263164512564e-05
50,0.21207990789413453,0.10571585520723198,-9.758598725542768,-9.759419160710971,2.917644306086004,144.1438890323043,2.5804053992686684e-05
51,0.20875263786315917,0.10569930312830467,-9.75927875970999,-9.759419160710971,3.0200950112193823,147.16398404352367,2.253590864182287e-05
52,0.20309611451625825,0.1056277422835774,-9.76222002840683,-9.76222002840683,3.0598986325785518,150.22388267610222,1.9630838157905755e-05
53,0.21313172364234925,0.10563996092442822,-9.761717681079414,-9.76222002840683,2.9059617053717375,153.12984438147396,1.7096805137202745e-05
54,0.21511122226715088,0.10566264154777552,-9.760785362263798,-9.76222002840683,2.896682457998395,156.02652683947235,1.49407551880851e-05
55,0.21793065929412841,0.10568619555639089,-9.759817353529908,-9.76222002840683,2.610606487840414,158.63713332731277,1.316859789359818e-05
56,0.20763381958007812,0.10568026258974189,-9.760061162760593,-9.76222002840683,2.639866034500301,161.27699936181307,1.1785190613705043e-05
57,0.21181541061401368,0.10568185256474155,-9.759995823012433,-9.76222002840683,2.734487360343337,164.0114867221564,1.0794325171600358e-05
58,0.21405950975418092,0.10568964694835813,-9.759675528383891,-9.76222002840683,2.6414673756808043,166.6529540978372,1.0198717460586795e-05
59,0.21382682502269745,0.10569615801763171,-9.759407987102378,-9.76222002840683,2.714536369778216,169.36749046761543,1e-05
