model,seed,batch_size,history_count,query_count,model_only_ms_median,model_only_ms_p95,model_only_ms_mean,end_to_end_ms_median,end_to_end_ms_p95,end_to_end_ms_mean,preprocess_ms_median,preprocess_ms_p95,preprocess_ms_mean,model_stage_ms_median,model_stage_ms_p95,model_stage_ms_mean,reconstruct_ms_median,reconstruct_ms_p95,reconstruct_ms_mean
cru,17,1,4,1,13.9277339912951,17.086815554648634,14.341958183795214,14.265981037169695,17.221559956669804,14.79886019602418,0.26082852855324745,0.36548390053212637,0.27351103723049164,13.940630480647087,17.33194319531321,14.388946983963251,0.10647345334291458,0.11369138956069945,0.11305555701255798
cru,17,1,4,6,11.780628934502602,15.162274288013576,12.817655857652426,11.977328918874264,17.330699739977717,13.171822670847178,0.21155551075935364,0.2776731271296739,0.24126073345541954,11.85403997078538,16.74497351050377,12.986417505890131,0.089982058852911,0.11918079107999799,0.10077334940433502
cru,17,1,16,1,33.37919199839234,36.44201811403036,33.70221268385649,33.50652474910021,35.452826600521796,33.58627965673804,0.1972024329006672,0.21368074230849743,0.1966612972319126,33.214325085282326,36.12895444966853,33.68065120652318,0.08067861199378967,0.09012138471007347,0.08254287764430046
cru,17,1,16,6,34.933296497911215,37.31307769194245,34.972762279212475,34.65666575357318,36.86980875208974,34.825859516859055,0.2042911946773529,0.24454845115542412,0.209365114569664,34.7670684568584,37.197531992569566,34.87919569015503,0.0909147784113884,0.11121188290417194,0.09333552792668343
cru,17,1,32,1,66.10737135633826,68.64815633744001,66.06993803754449,66.03310024365783,69.65906182304025,66.37576861307025,0.209171324968338,0.24716677144169805,0.21356888115406036,66.36472884565592,69.41872397437692,66.47469529882073,0.08671404793858528,0.10515954345464705,0.08912550285458565
cru,17,1,32,6,66.55661016702652,68.94983937963843,66.73507764935493,66.8215868063271,70.27771701104939,67.15640699490905,0.20348140969872475,0.22454950958490372,0.20595571026206017,66.61347299814224,70.71677832864225,66.99756044894457,0.08993502706289291,0.10937941260635853,0.09251473471522331
cru,17,32,4,1,12.393509969115257,13.134813029319048,12.424521706998348,12.623496353626251,13.404447305947542,12.705222312361002,0.19670696929097176,0.2118960488587618,0.19696110859513283,12.31686444953084,13.339792424812913,12.392935175448656,0.08368538692593575,0.0932841096073389,0.08487828075885773
cru,17,32,4,6,12.976950034499168,13.704981422051787,13.074327949434519,13.262544758617878,14.43164707161486,13.4089351631701,0.19777566194534302,0.21392791531980038,0.19939882680773735,13.010727241635323,13.989525754004717,13.11465434730053,0.09306613355875015,0.09927162900567055,0.09357532486319542
cru,17,32,16,1,41.52765916660428,45.57323595508933,42.90508070960641,42.16525889933109,47.846271051093936,43.45814645290375,0.29466720297932625,0.3245851956307888,0.2989986538887024,41.25649342313409,46.14114053547382,42.34327334910631,0.08757738396525383,0.1282459124922752,0.09708065539598465
cru,17,32,16,6,41.485109366476536,44.6242421399802,41.692735869437456,41.57974384725094,44.27142273634672,41.910540126264095,0.28967252001166344,0.3040740266442299,0.2903090789914131,41.326378006488085,44.30643827654421,41.69003430753946,0.09614089503884315,0.09958501905202866,0.0964263454079628
cru,17,32,32,1,79.6387130394578,82.91345559991896,79.39052283763885,79.94914520531893,84.40781766548753,79.83400722965598,0.5743796937167645,0.5781178828328848,0.5745535902678967,79.37213452532887,84.16832033544779,79.68361835926771,0.08676666766405106,0.10514138266444206,0.08825395256280899
cru,17,32,32,6,78.4903522580862,85.41341638192534,80.06064813584089,79.23049898818135,85.68719830363989,80.99264407530427,0.5771019496023655,0.581542681902647,0.577479712665081,78.72151443734765,87.20108000561594,81.37312078848481,0.09631924331188202,0.11751516722142695,0.09940927848219872
latent_ode,17,1,4,1,18.677257001399994,21.204283693805333,18.87018647044897,18.614661879837513,22.63400899246335,19.303396549075842,0.18754834309220314,0.2052629366517067,0.187709778547287,18.57367716729641,20.603566011413932,18.76779779791832,0.08844351395964622,0.09914240799844265,0.08889354765415192
latent_ode,17,1,4,6,18.56332691386342,20.867938548326492,19.017338156700134,18.692574463784695,20.97194567322731,19.1602592356503,0.17890660092234612,0.2122176345437765,0.18714575096964836,18.4399732388556,21.344426553696394,18.97625770419836,0.09184330701828003,0.10644476860761642,0.09309811517596245
latent_ode,17,1,16,1,37.82847011461854,38.615597039461136,37.68602857366204,37.970215547829866,39.60350044071674,37.95095520094037,0.1881709322333336,0.2066990826278925,0.19008008763194084,37.53409069031477,40.58751268312335,37.91593795642257,0.08954992517828941,0.0970526598393917,0.09006988257169724
latent_ode,17,1,16,6,38.06080250069499,39.99156607314944,38.29234531149268,38.29832933843136,40.11761429719627,38.58195064589381,0.18756277859210968,0.21166051737964153,0.19004251807928085,38.225994911044836,40.30301463790238,38.330167047679424,0.094548799097538,0.1046578399837017,0.09525524452328682
latent_ode,17,1,32,1,63.56666702777147,77.4081606417894,65.21539844572544,63.40482411906123,69.72379079088569,65.3824639506638,0.19908510148525238,0.2336616162210703,0.20618664100766182,63.45530413091183,74.88167625851928,65.84451541304588,0.09749270975589752,0.12599537149071693,0.10140690952539444
latent_ode,17,1,32,6,64.2374879680574,73.55269836261866,65.77330013737082,65.01171039417386,70.69188547320664,66.20290050283074,0.20759599283337593,0.2676360309123992,0.23145856335759163,64.88741422072053,70.37545442581177,65.9256935864687,0.10384293273091316,0.13342648744583127,0.10757977142930031
latent_ode,17,32,4,1,27.726792730391026,29.1183044668287,25.278136897832155,28.102261945605278,30.342359095811844,25.919615607708693,0.24935277178883553,0.26257168501615524,0.23073552176356316,27.743412647396326,29.19325195252895,25.425415337085724,0.12188311666250229,0.1307463739067316,0.11358313262462616
latent_ode,17,32,4,6,20.930755883455276,25.261310022324324,21.383416168391705,21.18889708071947,25.095340283587575,21.625768933445215,0.19032461568713188,0.21017356775701046,0.1939615048468113,20.833958871662617,24.001374421641227,21.184228789061308,0.10463176295161247,0.11556772515177727,0.10631754994392395
latent_ode,17,32,16,1,41.86875652521849,47.04035446047783,42.601036727428436,42.16890083625913,46.58217839896679,42.85528672859073,0.2752421423792839,0.2922492101788521,0.2760450914502144,41.30937345325947,45.526358718052506,42.34677949920297,0.09826570749282837,0.11534765362739563,0.0995759479701519
latent_ode,17,32,16,6,41.64789291098714,48.24267583899199,42.45399998500943,41.40403028577566,46.46151578053832,42.22050227224827,0.2701021730899811,0.2977798692882061,0.2751472406089306,41.11450398340821,48.34764595143497,42.37101985141635,0.10702107101678848,0.12335791252553462,0.10968558490276337
latent_ode,17,32,32,1,70.84278529509902,93.79251287318766,75.49714386463165,71.36648334562778,94.51436451636255,76.14666299894452,0.5648485384881496,0.572761707007885,0.5657978542149067,70.37593144923449,94.75177153944969,74.99731410294771,0.10125059634447098,0.14255717396736145,0.10912125930190086
latent_ode,17,32,32,6,70.09448809549212,73.96393464878201,69.8617585748434,70.29173290356994,74.47753818705678,70.50505425781012,0.5745366215705872,0.5773188080638647,0.5747652798891068,69.16200369596481,73.50166370160878,69.57499837502837,0.11096475645899773,0.12264149263501167,0.11300694197416306
neural_flow,17,1,4,1,6.348182912915945,6.828960403800011,6.4203050173819065,6.586228962987661,7.121320487931371,6.6872417740523815,0.19405502825975418,0.211027218028903,0.19659964367747307,6.336152087897062,6.810829555615783,6.404465828090906,0.09132223203778267,0.09851367212831974,0.09216424077749252
neural_flow,17,1,4,6,6.412505637854338,12.530815182253717,8.044827748090029,6.741146557033062,12.648540176451206,8.475537467747927,0.20578783005475998,0.4356421995908021,0.25312719866633415,6.751019507646561,13.128239987418054,8.311095647513866,0.09892508387565613,0.20490069873631,0.12534275650978088
neural_flow,17,1,16,1,20.86056722328067,23.314176127314564,21.20474047958851,21.348491311073303,23.67149335332215,21.471678894013166,0.1976597122848034,0.21424000151455402,0.20064841955900192,20.87050164118409,24.013207387179136,21.111245565116405,0.0929064117372036,0.10188412852585316,0.09444825351238251
neural_flow,17,1,16,6,20.87706746533513,22.402325086295605,21.007810551673174,21.485894452780485,25.133078498765826,22.035473603755236,0.1968718133866787,0.2169530838727951,0.1999402418732643,21.13312017172575,23.60215140506625,21.437832415103912,0.09830109775066376,0.10532843880355358,0.09929895401000977
neural_flow,17,1,32,1,40.266129188239574,42.702210787683725,40.47600854188204,40.647292509675026,44.07445280812681,40.78696200624108,0.20086299628019333,0.23246812634170055,0.2038569189608097,40.551196318119764,42.579116113483906,40.63219329342246,0.09552901610732079,0.10998109355568886,0.09761961176991463
neural_flow,17,1,32,6,39.6255562081933,43.124923249706626,39.85929621383548,39.85628532245755,44.213898153975606,40.31817391514778,0.19182497635483742,0.21880813874304292,0.19408635795116425,39.435876067727804,43.8705924898386,39.902579840272665,0.09654369205236435,0.11264667846262454,0.09815329685807228
neural_flow,17,32,4,1,6.805906072258949,7.273244671523571,6.861791871488094,7.122748531401157,7.5463291723281145,7.136351950466633,0.1955656334757805,0.20832829177379608,0.19701113924384117,6.845491472631693,7.292128261178732,6.98887761682272,0.09641982614994049,0.10316423140466213,0.09732479229569435
neural_flow,17,32,4,6,6.754153408110142,6.990439118817449,6.705179940909147,7.003358565270901,7.431553490459919,7.025244310498238,0.19088108092546463,0.19799196161329746,0.19097641110420227,6.726346909999847,7.02004311606288,6.735467258840799,0.10361988097429276,0.10549374856054783,0.10329639539122581
neural_flow,17,32,16,1,22.05695165321231,23.947854433208704,22.33810279518366,22.472805809229612,24.339614855125546,22.71795343607664,0.27140555903315544,0.2847776748239994,0.288481954485178,22.18898991122842,23.609050503000617,22.39079525694251,0.09693112224340439,0.10532429441809654,0.0981205515563488
neural_flow,17,32,16,6,22.567106410861015,24.14811970666051,22.877715416252613,22.90792018175125,24.369989754632115,23.007732294499874,0.2717464230954647,0.28420304879546165,0.27433598414063454,22.820118349045515,27.203110093250867,23.351841308176517,0.10771350935101509,0.11310577392578125,0.1084359735250473
neural_flow,17,32,32,1,41.62437655031681,45.13219986110925,42.1089662052691,42.31144534423947,45.08053744211793,42.56400551646948,0.5625998601317406,0.5660084541887045,0.562903992831707,41.63456056267023,43.540190206840634,41.87736051157117,0.09407522156834602,0.10540219955146313,0.09519429877400398
neural_flow,17,32,32,6,42.46601881459355,44.61892829276621,42.725888192653656,42.86637669429183,46.493666199967265,43.30610357224941,0.5726218223571777,0.5748117808252573,0.5727201700210571,42.57095651701093,44.63952435180545,42.71396569907665,0.10593561455607414,0.11208285577595234,0.10662993416190147
tpatchgnn,17,1,4,1,2.825726754963398,2.926993975415826,2.8238629549741745,3.0861152336001396,3.1882479321211576,3.0814665369689465,0.19291136413812637,0.1997541170567274,0.19243136048316956,2.8296071104705334,2.9219632502645254,2.825967948883772,0.09336555376648903,0.09801345877349377,0.09329359978437424
tpatchgnn,17,1,4,6,2.828653436154127,2.8835058212280273,2.810082081705332,3.0980133451521397,3.1950921285897493,3.0958076380193233,0.19209226593375206,0.19768658094108105,0.19140299409627914,2.830627840012312,2.901992294937372,2.8200509026646614,0.11274078860878944,0.11617396958172321,0.11225303635001183
tpatchgnn,17,1,16,1,2.837054431438446,3.056058567017317,2.860743124037981,3.0981674790382385,3.3283582888543606,3.127739019691944,0.19361916929483414,0.21023964509367943,0.19728312268853188,2.836853265762329,3.0654840171337128,2.9264419712126255,0.09446218609809875,0.10249810293316841,0.0955071859061718
tpatchgnn,17,1,16,6,2.8697452507913113,3.0490675009787083,2.8915612772107124,3.144996240735054,3.364177281036973,3.1678882986307144,0.19453559070825577,0.20818384364247322,0.19664419814944267,2.8632357716560364,3.064964944496751,2.9584749415516853,0.11366000398993492,0.12290407903492451,0.11528631672263145
tpatchgnn,17,1,32,1,2.794109284877777,3.0605523847043514,2.7992067113518715,3.06921498849988,3.335893712937832,3.1378623843193054,0.19411463290452957,0.2112974412739277,0.19493171945214272,2.8023263439536095,3.0770874116569757,2.8775143437087536,0.09248033165931702,0.1019173301756382,0.092826709151268
tpatchgnn,17,1,32,6,2.7493247762322426,2.8453540056943893,2.752346992492676,3.0493391677737236,3.137099416926503,3.0308485217392445,0.18970714882016182,0.19438783638179302,0.18840618431568146,2.78258603066206,2.8573057614266872,2.7679885923862457,0.1100362278521061,0.11402014642953873,0.10948942974209785
tpatchgnn,17,32,4,1,4.295834340155125,4.389005387201905,4.312501177191734,4.511658102273941,4.587627062574029,4.513511415570974,0.1962757669389248,0.21968311630189416,0.20399916917085648,4.30369982495904,5.006118258461353,4.408834110945463,0.09778793901205063,0.10858466848731041,0.10062498971819878
tpatchgnn,17,32,4,6,4.335770383477211,4.38900669105351,4.3401033245027065,4.564953502267599,5.331970192492005,4.703694973140955,0.19728206098079681,0.2764762379229066,0.22679444402456284,4.333015065640211,4.518106393516063,4.37727726995945,0.12145843356847763,0.1323578879237175,0.12313956394791603
tpatchgnn,17,32,16,1,9.982538409531116,10.041512222960591,10.021594259887934,10.208467487245798,10.272894147783518,10.215497799217701,0.28875237330794334,0.3114116843789816,0.29269989579916,9.9946903064847,10.042320052161813,9.99905476346612,0.10099494829773903,0.11760205961763855,0.10829504579305649
tpatchgnn,17,32,16,6,10.006044991314411,10.07240479812026,10.039877835661173,10.242375079542398,10.319309588521719,10.251162629574537,0.2850326709449291,0.3014147747308016,0.29648037627339363,10.00164495781064,10.05455837585032,10.011073239147663,0.12293271720409393,0.14012842439115047,0.12634249404072762
tpatchgnn,17,32,32,1,17.936384305357933,17.993543576449156,17.94349268078804,18.190649803727865,18.26640502549708,18.19819785654545,0.5642571486532688,0.5819890182465315,0.5702555738389492,17.946278676390648,18.001440772786736,17.971715722233057,0.10094791650772095,0.12233946472406385,0.10410021990537643
tpatchgnn,17,32,32,6,17.97015406191349,18.03628522902727,17.970833983272314,18.244588747620583,18.28874284401536,18.247273936867714,0.5640746094286442,0.5690227262675762,0.5647153966128826,17.969619017094374,18.025969667360187,17.971128150820732,0.12404285371303558,0.1525244209915399,0.1282770000398159
